higher_gross,lower_gross,order_wk,gap_household,gap_per_person,order_pct_payor_net,line_7e,lag
60000.0,0.0,228.2776923076923,-17671.32,-26705.44,0.24932661205629067,0.2054989266671283,0.043827685389162374
65000.0,0.0,248.47000000000003,-19338.819999999996,-28897.939999999995,0.2514805118972313,0.205857497928749,0.04562301396848231
70000.0,0.0,268.6623076923077,-20656.319999999996,-30740.439999999995,0.25495829911488277,0.2061631544773036,0.04879514463757917
75000.0,0.0,288.8546153846154,-21823.819999999996,-32432.939999999995,0.25869433799784713,0.2064268044637458,0.052267533534101324
80000.0,0.0,309.0469230769231,-22991.319999999996,-34125.439999999995,0.26203228436328063,0.20665655058896149,0.05537573377431915
85000.0,0.0,329.23923076923074,-24158.82,-35817.94,0.26503254769921436,0.20685853752839398,0.058174010170820384
90000.0,0.0,346.79846153846154,-25600.159999999996,-37715.81999999999,0.26572636852574966,0.20547741670844538,0.060248951817304275
95000.0,0.0,364.10615384615386,-27067.659999999996,-39633.31999999999,0.26617256528309846,0.20410417834504765,0.06206838693805081
100000.0,0.0,381.4138461538462,-28535.159999999996,-41550.81999999999,0.2665795698924731,0.2028714046070128,0.0637081652854603
105000.0,0.0,398.72153846153844,-30002.659999999996,-43468.31999999999,0.26695232883767345,0.20175859250321124,0.06519373633446221
110000.0,0.0,416.0292307692307,-31470.160000000007,-45385.82000000001,0.2672949898066349,0.20074904420771314,0.06654594559892177
115000.0,0.0,433.3369230769231,-32937.659999999996,-47303.31999999999,0.2676110566788397,0.19982902344719947,0.06778203323164025
120000.0,0.0,450.64461538461535,-34405.16,-49220.82000000001,0.2679035097747799,0.1989871267959648,0.06891638297881508
125000.0,0.0,467.95230769230767,-35808.659999999996,-51074.31999999999,0.26836418578746823,0.1982138086083868,0.07015037717908143
130000.0,0.0,482.98,-37413.28000000001,-53069.66000000001,0.26763312411419315,0.19657305657305657,0.07106006754113658
135000.0,0.0,496.44153846153847,-39180.78000000001,-55187.16000000001,0.26611028930454544,0.1944424693440993,0.07166781996044613
140000.0,0.0,509.9030769230769,-40948.28000000001,-57304.66000000001,0.2646837565884044,0.19246653697627827,0.0722172196121261
145000.0,0.0,523.3646153846154,-42715.780000000006,-59422.16,0.26334467092753777,0.1906290101145947,0.07271566081294306
150000.0,0.0,536.8261538461538,-44483.280000000006,-61539.66,0.2620852306334557,0.18891583876993043,0.07316939186352525
155000.0,0.0,550.2876923076924,-46250.779999999984,-63657.15999999999,0.260898535264432,0.18731481239035377,0.07358372287407824
160000.0,0.0,563.7492307692308,-48018.27999999999,-65774.65999999999,0.2597784591390036,0.1858152683755483,0.07396319076345531
165000.0,0.0,577.2107692307692,-49785.780000000006,-67892.16,0.2587195455701276,0.18440785431667936,0.07431169125344825
170000.0,0.0,590.6723076923076,-51553.280000000006,-70009.66,0.25771691796511187,0.18308433275315322,0.07463258521195865
175000.0,0.0,604.1338461538462,-53320.77999999999,-72127.15999999999,0.25676620473483536,0.18183741983283558,0.07492878490199978
180000.0,0.0,617.5953846153845,-55088.28000000001,-74244.66,0.2558634755728353,0.180660651200468,0.07520282437236728
185000.0,0.0,630.6161538461538,-56932.62000000001,-76427.54000000001,0.2547657023878428,0.179422862270469,0.0753428401173738
190000.0,0.0,641.1930769230769,-59310.11999999999,-79080.04,0.25222434035342534,0.17757418887539678,0.07465015147802856
195000.0,0.0,651.77,-61687.61999999999,-81732.54,0.2498132594282429,0.17582141893714592,0.07399184049109697
200000.0,0.0,662.3469230769231,-64065.11999999999,-84385.04,0.24752269182950407,0.1741572783722012,0.07336541345730285
205000.0,0.0,672.9238461538462,-66397.62,-86992.54,0.24542125621144695,0.17257521058965103,0.07284604562179592
210000.0,0.0,683.5007692307693,-68730.12,-89600.04,0.2434186231268663,0.1710692901561387,0.0723493329707276
215000.0,0.0,694.0776923076924,-71062.62,-92207.54,0.24150798456952247,0.16963414863416745,0.07187383593535501
220000.0,0.0,704.6546153846153,-73225.12,-94645.04,0.2399499695495295,0.16826491063720359,0.0716850589123259
225000.0,0.0,715.2315384615385,-75157.61999999998,-96852.53999999998,0.23880929372445658,0.1669571384963459,0.07185215522811067
230000.0,0.0,725.8084615384615,-77090.12,-99060.04,0.2377121910664349,0.16570678421524035,0.07200540685119455
235000.0,0.0,736.3853846153846,-79022.62,-101267.54,0.23665621166284004,0.16451014761732913,0.07214606404551091
240000.0,0.0,746.9623076923077,-80955.12,-103475.04,0.2356390858848438,0.16336383977389346,0.07227524611095035
245000.0,0.0,757.5392307692308,-82887.62,-105682.54,0.23465870810361622,0.16226475095154141,0.0723939571520748
250000.0,0.0,768.1161538461538,-84820.12000000001,-107890.04000000001,0.23371312214017387,0.1612100224407097,0.07250309969946417
255000.0,0.0,778.693076923077,-86752.62,-110097.54,0.23280050823729623,0.1601970217277777,0.07260348650951853
260000.0,0.0,789.27,-88685.12,-112305.04,0.23191917137093357,0.15922332055678837,0.0726958508141452
265000.0,0.0,799.3153846153846,-90672.90000000001,-114554.0,0.23091397476104097,0.15818148604831714,0.07273248871272384
270000.0,0.0,808.9307692307692,-92705.4,-116836.5,0.22981992219939684,0.15709505385339328,0.07272486834600356
275000.0,0.0,818.5461538461539,-94657.65,-119038.75,0.22886023950952836,0.15604845214177826,0.0728117873677501
280000.0,0.0,828.1615384615385,-96540.15,-121171.25,0.22801472466699407,0.15503952996068604,0.07297519470630803
285000.0,0.0,837.776923076923,-98422.65000000001,-123303.75,0.22719463048747254,0.15406628849499937,0.07312834199247317
290000.0,0.0,847.3923076923077,-100305.15,-125436.25,0.22639882752942417,0.15312686785004379,0.07327195967938038
295000.0,0.0,857.0076923076923,-102187.65,-127568.75,0.22562625228306313,0.15221953518875272,0.0734067170943104
300000.0,0.0,866.623076923077,-104070.15,-129701.25,0.22487590242855734,0.15134267406402385,0.07353322836453349
60000.0,5000.0,227.73975494692704,-12734.76548551959,-24251.14911413969,0.24873907282588123,0.20501466756526912,0.04372440526061211
65000.0,5000.0,247.97278585271317,-14398.030271317832,-26440.472703488373,0.25097727340452697,0.20544555580175075,0.04553171760277622
70000.0,5000.0,268.2000849696413,-15711.891163157306,-28280.24337236798,0.2545196535892207,0.20580845904051334,0.04871119454870734
75000.0,5000.0,288.42278285779025,-16876.230582789813,-29970.37293709236,0.2583075945507874,0.20611820005229362,0.052189394498493774
80000.0,5000.0,308.64173109192654,-18040.95996643964,-31660.794974829732,0.2616887333569245,0.2063856028082426,0.055303130548681884
85000.0,5000.0,327.27721400577855,-19370.369743399035,-33474.72730754928,0.26345315419792537,0.20562581712218458,0.05782733707574078
90000.0,5000.0,344.7064661074801,-20825.227524822072,-35382.74564361655,0.264123424999469,0.204237913467811,0.059885511531658
95000.0,5000.0,362.1230620587142,-22281.401545893725,-37291.751159420295,0.2647228654560593,0.2029925318771629,0.061730333578896374
100000.0,5000.0,379.52888059292457,-23738.69641833585,-39201.59731375189,0.26526212084451717,0.20186880437412624,0.06339331647039093
105000.0,5000.0,396.92544612599227,-25196.953602896803,-41112.165202172604,0.26574980781603114,0.20084974503280914,0.064900062783222
110000.0,5000.0,414.31400852299487,-26656.04311360854,-43023.357335206405,0.26619297514296325,0.1999213878771736,0.06627158726578966
115000.0,5000.0,431.6956022441642,-28115.857366606928,-44935.0930249552,0.26659744445469596,0.19907214462680056,0.0675252998278954
120000.0,5000.0,449.0710908323716,-29576.30655343335,-46847.304915075016,0.26696806588868555,0.19829231958224353,0.06867574630644202
125000.0,5000.0,465.5062122366083,-31070.553927392742,-48768.86544554456,0.2669613838255238,0.19717769896959722,0.06978368485592659
130000.0,5000.0,479.12083389292474,-32822.13327513583,-50874.42495635187,0.26549464905992143,0.19500237439679477,0.07049227466312666
135000.0,5000.0,492.7242034033237,-34574.88284605433,-52980.862134540745,0.26411766574035095,0.19298649164662735,0.0711311740937236
140000.0,5000.0,506.3175173972418,-36328.67819068686,-55088.08364301514,0.2628225413737479,0.19111314207381153,0.07170939929993636
145000.0,5000.0,519.9018086361491,-38083.41190184049,-57196.00892638037,0.2616022686388573,0.1893677261009761,0.07223454253788122
150000.0,5000.0,533.4779731353864,-39838.99079391982,-59304.56809543986,0.2604506070081033,0.18773757209496283,0.07271303491314046
155000.0,5000.0,547.0467920718675,-41595.333624525796,-61413.70021839435,0.25936198240983516,0.18621162831385082,0.07315035409598433
160000.0,5000.0,560.6089496108184,-43352.36924047489,-63523.35193035616,0.2583314019084642,0.18478021208743792,0.07355118982102629
165000.0,5000.0,574.1650475117482,-45110.03505877819,-65633.47629408364,0.257354380917832,0.18343480419878416,0.07391957671904786
170000.0,5000.0,587.7156171726874,-46868.275814040506,-67744.03186053038,0.2564268809036654,0.18216787924095604,0.07425900166270935
175000.0,5000.0,601.2611296219912,-48627.04251931292,-69854.98188948468,0.25554525589070193,0.18097276481410215,0.07457249107659977
180000.0,5000.0,614.8020038544814,-50386.291599133925,-71966.29369935044,0.25470620638351316,0.17984352400054587,0.07486268238296728
185000.0,5000.0,626.0444519197692,-52415.577000344,-74287.882750258,0.25291875818053133,0.17812212197056312,0.07479663620996821
190000.0,5000.0,636.7410229889871,-54780.63360914534,-76931.05020685901,0.2504730482588003,0.17634122193512777,0.07413182632367252
195000.0,5000.0,647.4314910634131,-57146.32492940505,-79574.6936970538,0.24815037672651172,0.1746510631409261,0.07349931358558562
200000.0,5000.0,658.1163114816821,-59512.60360590507,-82218.7777044288,0.24594168898393406,0.17304488277465804,0.07289680620927602
205000.0,5000.0,668.7958953850933,-61834.42687995029,-84818.27015996272,0.24391575619233377,0.171516573750887,0.07239918244144677
210000.0,5000.0,679.4706149530695,-64156.75604488078,-87418.14203366058,0.24198334368106464,0.17006060711942209,0.07192273656164255
215000.0,5000.0,690.1408079116321,-66479.55597719026,-90018.3669828927,0.24013812493203074,0.16867196523568306,0.07146615969634768
220000.0,5000.0,700.8067814299992,-68632.79473128008,-92448.92104846006,0.23863969978036342,0.1673460839916605,0.07129361578870291
225000.0,5000.0,711.4688155000435,-70556.44318799546,-94649.7823909966,0.2375529548123775,0.1660788027060129,0.0714741521063646
230000.0,5000.0,722.1271658769539,-72480.4747487968,-96850.9310615976,0.23650651642356083,0.1648663205142235,0.07164019590933732
235000.0,5000.0,732.782066646158,-74404.86506879957,-99052.34880159967,0.23549819359535867,0.16370515829595733,0.07179303529940134
240000.0,5000.0,743.433732470775,-76329.5918230394,-101254.01886727955,0.23452595041453253,0.16259212533638526,0.07193382507814727
245000.0,5000.0,754.0823605650429,-78254.63450123555,-103455.92587592665,0.23358789267485894,0.16152429004869845,0.07206360262616049
250000.0,5000.0,764.7281324319223,-80179.97422708006,-105658.05567031004,0.2326822558335184,0.16049895419213428,0.07218330164138412
255000.0,5000.0,775.371215397113,-82105.59359870024,-107860.39519902518,0.2318073941664815,0.15951363010812408,0.07229376405835741
260000.0,5000.0,785.8127608715638,-84052.17286935738,-110078.45465201803,0.23090329589879083,0.15852587469670443,0.0723774212020864
265000.0,5000.0,795.5012007087211,-86077.07512629303,-112355.25634471978,0.2298120963494537,0.1574266735049455,0.07238542284450822
270000.0,5000.0,805.1869452586313,-88102.25769310234,-114632.26826982675,0.2287562893562264,0.15636800000541085,0.07238828935081557
275000.0,5000.0,814.8701409788264,-90047.45533820205,-116829.22900365153,0.22783244995691287,0.15534765339597226,0.07248479656094062
280000.0,5000.0,824.5509239045945,-91923.15391392219,-118956.62793544165,0.22702062720430627,0.15436358938897377,0.0726570378153325
285000.0,5000.0,834.2294205598629,-93799.09026177425,-121084.20519633069,0.22623259214371305,0.15341390654083573,0.07281868560287733
290000.0,5000.0,843.905748774191,-95675.25212748413,-123211.95159561309,0.22546731936725603,0.1524968339898595,0.07297048537739653
295000.0,5000.0,853.5800184169718,-97551.62808463494,-125339.85856347621,0.2247238412301013,0.1516107204358546,0.0731131207942467
300000.0,5000.0,863.2523320584706,-99428.20746591907,-127467.9180994393,0.22400124386767983,0.1507540242173012,0.07324721965037864
60000.0,10000.0,227.02345296660704,-7551.76089147287,-21678.27066860465,0.24795672241679406,0.20436984201688882,0.04358688039990524
65000.0,10000.0,247.30402769958334,-9210.081119243332,-23863.8858394325,0.2503004124447148,0.2048914893948495,0.045408923049865296
70000.0,10000.0,267.5729956788425,-10519.608449400377,-25700.406337050284,0.2539245510593998,0.20532725009296693,0.04859730096643289
75000.0,10000.0,287.8325050302575,-11680.119476853222,-27387.664607639916,0.257778949607292,0.20569636443259565,0.05208258517469633
80000.0,10000.0,306.5993097233745,-12995.87178876905,-29191.353841576787,0.2599570211253135,0.20501985630388705,0.05493716482142644
85000.0,10000.0,324.21364068318996,-14431.481368948247,-31084.936026711184,0.2609870245059929,0.2037009969977995,0.05728602750819342
90000.0,10000.0,341.79604607952433,-15870.41120772947,-32981.0084057971,0.2618933823935057,0.20251349523876835,0.059379887154737326
95000.0,10000.0,359.3512650804187,-17312.168431636455,-34879.20132372734,0.2626965983788251,0.201438767023649,0.061257831355176096
100000.0,10000.0,376.8831430759946,-18756.353120096566,-36779.214840072425,0.26341294946171667,0.20046155476404115,0.06295139469767552
105000.0,10000.0,394.39483289277536,-20202.63737915137,-38680.803034363526,0.26405550983904874,0.1995692198671161,0.06448628997193265
110000.0,10000.0,411.88894399134574,-21650.74982490005,-40583.76236867504,0.2646348932791744,0.19875120715220276,0.06588368612697162
115000.0,10000.0,429.3676546875238,-23100.463912497522,-42487.92293437314,0.2651597998129656,0.19799863470390583,0.06716116510905978
120000.0,10000.0,445.9358898197512,-24644.86745874588,-44463.10059405941,0.2651042216831721,0.19690793681113977,0.06819628487203233
125000.0,10000.0,459.78358576775156,-26408.20708015385,-46586.48031011539,0.26367953657819626,0.19475372633608454,0.06892581024211172
130000.0,10000.0,473.6028978007762,-28138.498628719288,-48676.07397153947,0.2624370017970862,0.19275657216148806,0.06968042963559812
135000.0,10000.0,487.3968444566607,-29871.42817650729,-50767.64613238047,0.26126201221280976,0.19089991196217615,0.07036210025063361
140000.0,10000.0,501.1680309108069,-31606.724785276092,-52860.99358895707,0.2601495129308613,0.18916943183532678,0.07098008109553453
145000.0,10000.0,514.9187173919242,-33344.15339123987,-54955.9400434299,0.2590948952220513,0.18755269748942352,0.0715421977326278
150000.0,10000.0,528.6508744449441,-35083.50905772582,-57052.33179329437,0.25809395716064154,0.18603885568296127,0.07205510147768027
155000.0,10000.0,542.3662278995656,-36824.61229844518,-59150.034223833885,0.2571428662023771,0.1846183907908762,0.0725244754115009
160000.0,10000.0,556.066295714307,-38567.30524571207,-61248.92893428405,0.2562381243211453,0.18328292498379833,0.07295519933734695
165000.0,10000.0,569.7524183584994,-40311.448490716066,-63348.91136803705,0.2553765359604009,0.18202505317294962,0.07335148278745127
170000.0,10000.0,583.4257840169464,-42056.91846223757,-65449.88884667818,0.2545551788362341,0.18083820586586644,0.07371697297036764
175000.0,10000.0,597.0874496181209,-43803.60523971543,-67551.77892978657,0.25377137750068274,0.1797165345797868,0.07405484292089592
180000.0,10000.0,608.5069595274007,-45783.47620915033,-69828.55715686275,0.2520982336548714,0.17800208082302849,0.0740961528318429
185000.0,10000.0,619.3856986725849,-47850.58733805117,-72178.51550353838,0.25022865590880916,0.17622757398051267,0.07400108192829649
190000.0,10000.0,630.2490428089824,-50198.29954786583,-74808.67466089937,0.2479193160408125,0.17454331089062378,0.07337600515018872
195000.0,10000.0,641.0981405435518,-52547.49338347062,-77439.94503760297,0.24572290240816616,0.17294257905140326,0.0727803233567629
200000.0,10000.0,651.934028993991,-54898.06098462494,-80072.24573846871,0.2436313359805639,0.17141931548556627,0.07221202049499764
205000.0,10000.0,662.7576469953609,-57204.90471248246,-82660.50353436184,0.24171355379811804,0.1699680300435914,0.07174552375452664
210000.0,10000.0,673.5698464728636,-59512.93596682219,-85249.65197511663,0.2398818728364032,0.16858373932244713,0.07129813351395606
215000.0,10000.0,684.3714022711391,-61822.074163801546,-87839.63062285117,0.23813062988667522,0.16726190952463402,0.0708687203620412
220000.0,10000.0,695.1630206790661,-63962.24584937713,-90260.38438703284,0.23671787852103332,0.16599840687768153,0.0707194716433518
225000.0,10000.0,705.9453468476747,-65873.38392784183,-92451.86294588138,0.23570871895748402,0.16478945447235227,0.07091926448513175
230000.0,10000.0,716.7189712652968,-67785.42698840913,-94644.02024130685,0.23473525877229884,0.16363159457067594,0.0711036642016229
235000.0,10000.0,727.4844354268413,-69698.3187156085,-96836.81403670638,0.23379566478185554,0.16252165559191173,0.07127400918994381
240000.0,10000.0,738.242236811829,-71612.0073715698,-99030.20552867735,0.23288822481733537,0.16145672311289813,0.07143150170443724
245000.0,10000.0,748.9928332675579,-73526.44534017397,-101224.15900513048,0.23201133815203484,0.16043411432466514,0.0715772238273697
250000.0,10000.0,759.7366468787102,-75441.58872461415,-103418.64154346062,0.2311635067915702,0.15945135547413236,0.07171215131743783
255000.0,10000.0,770.278924477196,-77377.69185437162,-105628.84389077872,0.23028498700840944,0.15846601601816,0.07181897099024945
260000.0,10000.0,780.0785933365408,-79391.02629299977,-107896.96971974983,0.2292183675685304,0.15736909286595538,0.07184927470257502
265000.0,10000.0,789.8714632435242,-81405.06782267347,-110165.6258670051,0.22818572323069375,0.15631256979138414,0.07187315343930961
270000.0,10000.0,799.6579036421759,-83419.7780212137,-112434.78351591027,0.22718547024232455,0.15529425534946129,0.07189121489286326
275000.0,10000.0,809.4382576860673,-85354.871200649,-114624.16590048675,0.22631373032757077,0.1543121137674895,0.07200161656008128
280000.0,10000.0,819.2128445360435,-87220.8141682515,-116744.24812618863,0.22555091309547212,0.153364251364015,0.07218666173145713
285000.0,10000.0,828.9819614211136,-89087.3260122042,-118864.75700915315,0.2248095468112543,0.15244890436511688,0.07236064244613744
290000.0,10000.0,838.7458854905027,-90954.37790898774,-120985.67093174081,0.2240887524543459,0.15156442795313568,0.07252432450121021
295000.0,10000.0,848.5048754811397,-92821.94294996146,-123106.9697124711,0.22338769747002693,0.15070928640481504,0.07267841106521189
300000.0,10000.0,858.2591732216968,-94689.99598494353,-125228.63448870764,0.22270559281788865,0.14988204419449036,0.0728235486233983
60000.0,15000.0,226.40797042952545,-2673.2710753293504,-19255.028306497014,0.24728448776171652,0.2038157756099876,0.04346871215172893
65000.0,15000.0,246.72320849989484,-4327.986316010938,-21437.939737008204,0.24971255592417949,0.20441028044730308,0.0453022754768764
70000.0,15000.0,267.02327896858844,-5634.278987266807,-23272.034240450106,0.2534028744660388,0.20490541447326896,0.04849745999276986
75000.0,15000.0,285.9214054409704,-6936.373834139078,-25065.480375604307,0.25606739432388304,0.20433061792824006,0.051736776395642975
80000.0,15000.0,303.7208152588998,-8352.735213074418,-26944.626409805813,0.25751642578612083,0.20309503617950192,0.05442138960661891
85000.0,15000.0,321.4690301003344,-9774.420869565227,-28827.76565217392,0.25877765494357197,0.20197657876875683,0.05680107617481514
90000.0,15000.0,339.1736495679129,-11200.64044493706,-30714.305333702796,0.259884031202114,0.20095973038525444,0.058924300816859565
95000.0,15000.0,356.84084002599695,-12630.752637296318,-32603.76447797224,0.2608614020504248,0.2000315174135639,0.0608298846368609
100000.0,15000.0,374.47565726255584,-14064.231644694191,-34495.74873352064,0.26173029808673254,0.1991810295983481,0.06254926848838444
105000.0,15000.0,392.0822857385273,-15500.64228319317,-36389.93171239488,0.26250721161880347,0.1983990391421453,0.06410817247665818
110000.0,15000.0,409.664218542676,-16939.6212715617,-38286.040953671276,0.26320552745065984,0.19767769722930806,0.06552783022135178
115000.0,15000.0,426.36556740289416,-18470.180990099012,-40250.83574257426,0.26330583420861015,0.1966142519328021,0.06669158227580804
120000.0,15000.0,440.44633764257844,-20273.280885171836,-42420.03566387888,0.2618407403385627,0.19448396417762712,0.06735677616093558
125000.0,15000.0,454.48159219822867,-22017.114411384217,-44528.78580853816,0.26063891648946924,0.19250792410077786,0.06813099238869139
130000.0,15000.0,468.4761715160796,-23729.17816232772,-46604.70862174579,0.25959613515239754,0.19066999247703686,0.06892614267536068
135000.0,15000.0,482.43425318546485,-25445.037668711666,-48683.47825153375,0.2586018871093169,0.18895620172369146,0.06964568538562546
140000.0,15000.0,496.35946164846223,-27164.31598855993,-50764.81199141995,0.2576534499852264,0.18735440322377425,0.07029904676145213
145000.0,15000.0,510.25495681802056,-28886.684490925858,-52848.463368194396,0.25674820143054056,0.18585398107742196,0.0708942203531186
150000.0,15000.0,524.1235061883128,-30611.855356415464,-54934.21651731159,0.2558836394531294,0.18444561815998664,0.07143802129314278
155000.0,15000.0,537.9675439168656,-32339.575432645986,-57021.88157448449,0.25505739305038827,0.18312110368723658,0.07193628936315169
160000.0,15000.0,551.7892195443114,-34069.62116739161,-59111.29087554371,0.25426722627566944,0.18187317395796374,0.07239405231770571
165000.0,15000.0,565.5904384119017,-35801.79440516222,-61202.29580387166,0.2535110379173018,0.18069537979786002,0.07281565811944177
170000.0,15000.0,579.3728953817603,-37535.91888029693,-63294.764160222694,0.25278685830670605,0.17958197563155107,0.07320488267515499
175000.0,15000.0,590.9694671350321,-39497.37541795666,-65557.7315634675,0.2511711405617696,0.1778750914022694,0.07329604915950019
180000.0,15000.0,602.0303743561827,-41514.54106695699,-67862.48080021775,0.2494150504041039,0.176107532832978,0.07330751757112589
185000.0,15000.0,613.0665945545518,-43565.27416632661,-70200.15562474496,0.24767577014894743,0.1744296629360087,0.07324610721293873
190000.0,15000.0,624.0799696054214,-45897.38316103617,-72818.61237077712,0.24549260484357538,0.17283482680110093,0.07265777804247445
195000.0,15000.0,635.0721626028887,-48231.69508929957,-75438.72131697467,0.24341323919783162,0.1713170117623115,0.0720962274355201
200000.0,15000.0,646.0446790376525,-50568.05338008415,-78060.36503506312,0.24143045347695552,0.1698707717782707,0.07155968169868482
205000.0,15000.0,656.998885034095,-52861.31595645413,-80638.43696734059,0.23961328256707973,0.16849116224661645,0.07112212032046328
210000.0,15000.0,667.9360231122791,-55156.35359632298,-83217.84019724224,0.23787547052186475,0.1671736836113981,0.07070178691046666
215000.0,15000.0,678.8572258580887,-57453.048510758774,-85798.48638306907,0.23621194319376498,0.16591423241065503,0.07029771078310995
220000.0,15000.0,689.7635278183952,-59581.29310688689,-88210.29483016516,0.2348792357033833,0.16470905864402083,0.07017017705936246
225000.0,15000.0,700.6558758844355,-61480.9889080187,-90393.19168101402,0.23394261279887665,0.16355472852880468,0.07038788427007198
230000.0,15000.0,711.5351383829073,-63382.04560817765,-92577.10920613323,0.23303748265381288,0.1624480918666303,0.07058939078718257
235000.0,15000.0,722.4021130586152,-65284.380241904015,-94761.98518142801,0.23216233095524533,0.16138625336842463,0.0707760775868207
240000.0,15000.0,733.2575341031932,-67187.91645326791,-96947.76233995093,0.23131573477657347,0.16036654738886477,0.0709491873877087
245000.0,15000.0,744.1020783603075,-69092.58385052804,-99134.38788789604,0.2304963562453929,0.1593865156066632,0.07110984063872972
250000.0,15000.0,754.7450880828283,-71018.21083938585,-101336.73312953938,0.22964473546422554,0.1584037413841683,0.07124099408005724
255000.0,15000.0,764.6559859643604,-73019.97745970653,-103596.1830947799,0.22860393579276533,0.15730923418741094,0.0712947016053544
260000.0,15000.0,774.5559812284171,-75022.87795224464,-105856.48346418349,0.227595602704898,0.156254989152394,0.07134061355250401
265000.0,15000.0,784.4456663055254,-77026.85070422536,-108117.58802816902,0.22661826642789185,0.15523882513543455,0.0713794412924573
270000.0,15000.0,794.3255914675402,-79031.83848737582,-110379.45386553186,0.22567054261720404,0.15425871572097852,0.07141182689622552
275000.0,15000.0,804.1962685122238,-80957.53807472873,-112561.79105604655,0.2248481038724281,0.1533127757425307,0.07153532812989741
280000.0,15000.0,814.0581740680364,-82814.39989692421,-114675.06242269315,0.22413169629666357,0.15239924918829614,0.07173244710836743
285000.0,15000.0,823.9117525640332,-84672.12773334055,-116788.9833000054,0.2234345695398012,0.15151649832839303,0.07191807121140817
290000.0,15000.0,833.7574189038088,-86530.67843400389,-118903.52132550292,0.222755977804228,0.1506629939220961,0.07209298388213192
295000.0,15000.0,843.5955608773284,-88390.01166875783,-121018.64625156837,0.22209521169040247,0.14983730638200418,0.07225790530839829
300000.0,15000.0,853.4265413401445,-90250.08970062497,-123134.32977546874,0.22145159614458573,0.14903809778780347,0.07241349835678226
60000.0,20000.0,215.75034439787018,585.8358173784945,-17902.57313696613,0.23564414847068366,0.19422162434542709,0.04142252412525657
65000.0,20000.0,236.09097598384247,-1066.2384976803878,-20083.50387326029,0.23895150116607092,0.1956014714033492,0.04335002976272173
70000.0,20000.0,255.12042423548937,-2504.675879509108,-22016.70690963183,0.24210716416179298,0.19577153149526957,0.04633563266652341
75000.0,20000.0,273.1049129115327,-3901.7890572005927,-23881.416792900443,0.24458911468503255,0.19517145114891568,0.049417663536116874
80000.0,20000.0,291.01893719806765,-5306.2305314009645,-25751.622898550722,0.2467468569101503,0.19460141883518745,0.05214543807496286
85000.0,20000.0,308.87295713233004,-6716.912458237675,-27626.509343678255,0.24863800876010933,0.1940625606650375,0.05457544809507184
90000.0,20000.0,326.6754600529223,-8132.952154496088,-29505.414115872067,0.2503075800891764,0.1935545773067768,0.056753002782399614
95000.0,20000.0,344.4334047092594,-9553.625910237031,-31387.794432677772,0.25179119312383913,0.19307637709544098,0.05871481602839815
100000.0,20000.0,362.15255056263186,-10978.33474148628,-33273.20105611471,0.2531173740491513,0.19262645379952598,0.060490920249625324
105000.0,20000.0,379.8377054747512,-12406.578630625874,-35161.2589729694,0.2543092115065769,0.19220311280883443,0.0621060986977425
110000.0,20000.0,396.6721680629601,-13923.294521452146,-37115.67089108911,0.25485825340426177,0.1914085663048321,0.06344968709942966
115000.0,20000.0,410.9860125943283,-15702.154690189855,-39266.69101764239,0.25380805385713096,0.18952212279544067,0.06428593106169028
120000.0,20000.0,425.2372096726042,-17487.530194049163,-41422.59764553687,0.252799072858985,0.18776820507944209,0.06503086777954292
125000.0,20000.0,439.4324216524216,-19214.728148148148,-43518.87111111111,0.2520084250186209,0.18613344242551502,0.0658749825931059
130000.0,20000.0,453.5773985370457,-20911.150552147243,-45583.06291411043,0.2513402960744917,0.1846061858107634,0.0667341102637283
135000.0,20000.0,467.67712898192315,-22612.27858587999,-47650.783939409994,0.2506915446281512,0.18317624285996206,0.06751530176818912
140000.0,20000.0,481.7359622680201,-24317.659924125925,-49721.694943094444,0.2500625902205822,0.1818346595477559,0.06822793067282629
145000.0,20000.0,495.757707553983,-26026.89841438578,-51795.49881078934,0.24945352917993985,0.1805735394974021,0.06887998968253775
150000.0,20000.0,509.7457151963473,-27739.645619579875,-53871.93421468491,0.24886422238275915,0.17938589365616833,0.06947832872659082
155000.0,20000.0,523.7029438070465,-29455.593844067174,-55950.77038305038,0.24829436104584235,0.1782655146367365,0.07002884640910584
160000.0,20000.0,537.63201588378,-31174.470348086892,-58031.80276106517,0.2477435161720979,0.17720687118706777,0.07053664498503012
165000.0,20000.0,551.5352642223227,-32896.03252087844,-60114.84939065883,0.24721117576455134,0.17620501916615947,0.07100615659839188
170000.0,20000.0,563.3088978195866,-34839.07462676299,-62364.00597007224,0.24577795694463467,0.17460279134151846,0.07117516560311621
175000.0,20000.0,574.5519731167036,-36837.29479586282,-64654.54609689712,0.24419345232731574,0.17293361233861562,0.07125983998870011
180000.0,20000.0,585.7610693770442,-38839.0487847874,-66947.73658859055,0.24267484310849852,0.17134839229318816,0.07132645081531036
185000.0,20000.0,596.9387217442141,-40875.072938601734,-69274.3797039513,0.24116019198069474,0.16984096173589514,0.07131923024479961
190000.0,20000.0,608.0872192887094,-43193.129193974215,-71882.29689548066,0.2392015810564398,0.16840574020053306,0.07079584085590673
195000.0,20000.0,619.208634156867,-45514.00204768583,-74492.32653576438,0.23733299655528384,0.16703766769810277,0.07029532885718107
200000.0,20000.0,630.3048466722494,-47837.495946086055,-77104.32195956455,0.23554839146339462,0.16573214552171764,0.06981624594167699
205000.0,20000.0,641.3775670303421,-50118.43302884442,-79673.14977163331,0.2339160502426912,0.16448498493607241,0.06943106530661877
210000.0,20000.0,652.4283541140343,-52401.65117214044,-82243.68837910533,0.23235264508348477,0.16329236255525395,0.06906028252823082
215000.0,20000.0,663.4586318660391,-54687.00228593194,-84815.82671444895,0.23085392140248745,0.16215078141524897,0.06870313998723848
220000.0,20000.0,674.4697035804973,-56804.35082762828,-87219.46312072121,0.22967136140573685,0.1610570369123724,0.06861432449336446
225000.0,20000.0,685.4627644158968,-58693.57250074674,-89394.50437556006,0.22886977131444902,0.16000818691362442,0.0688615844008246
230000.0,20000.0,696.4389123823244,-60584.55311223828,-91570.8648341787,0.22809326231250387,0.15900152545565088,0.06909173685685299
235000.0,20000.0,707.3991580157518,-62477.18756636181,-93748.46567477136,0.2273407489706349,0.15803455954021708,0.0693061894304178
240000.0,20000.0,718.3444329188277,-64371.37897644192,-95927.23423233144,0.22661120083342357,0.15710498860962568,0.06950621222379788
245000.0,20000.0,729.0881747653835,-66286.5298244001,-98121.72236830008,0.2258455829546162,0.15617054047469947,0.06967504247991674
250000.0,20000.0,739.1103016691031,-68276.72862641327,-100372.49646980995,0.22488757116238173,0.15512235710915775,0.06976521405322397
255000.0,20000.0,749.117422290233,-70268.48808181577,-102624.44106136182,0.2239584783875086,0.15411255542360508,0.06984592296390352
260000.0,20000.0,759.110352045798,-72261.723387237,-104877.49254042775,0.22305705756656038,0.15313906638002783,0.06991799118653255
265000.0,20000.0,769.089848325936,-74256.35577410266,-107131.591830577,0.22218212891118405,0.15219996693972035,0.0699821619714637
270000.0,20000.0,779.0566155653273,-76252.31198120597,-109386.68398590448,0.22133257577580434,0.15129346741681862,0.07003910835898572
275000.0,20000.0,789.011309791882,-78169.27378164428,-111562.4678362332,0.22060248708790053,0.15041790012310227,0.07018458696479826
280000.0,20000.0,798.954542714487,-80017.67755769336,-113669.39566827002,0.2199732680376685,0.14957170915292595,0.07040155888474256
285000.0,20000.0,808.886885403401,-81867.21391804627,-115777.1729385347,0.21936001335586375,0.14875344117701284,0.07060657217885091
290000.0,20000.0,818.8088716098832,-83717.82735257216,-117885.75801442913,0.2187621563476356,0.14796173713082222,0.07080041921681338
295000.0,20000.0,828.7210007656498,-85569.46592037243,-119995.11194027933,0.2181791543638689,0.14719532469775584,0.07098382966611305
300000.0,20000.0,838.6237406976156,-87422.08096744798,-122105.19822558599,0.21761048777625394,0.14645301149996645,0.07115747627628749
60000.0,25000.0,156.56685984882785,-1450.0791750793724,-20459.301231470163,0.17100350162022784,0.14094378353540352,0.030059718084824327
65000.0,25000.0,179.0662364020531,-2877.644013543948,-22471.849860318594,0.1812358385072602,0.14835645103732653,0.03287938746993366
70000.0,25000.0,200.16774552405863,-4100.587064855368,-24243.43214880216,0.18995752837395838,0.153602543640444,0.03635498473351437
75000.0,25000.0,220.74786813428443,-5227.754313391888,-25905.682585204548,0.19769884422790598,0.1577550594110108,0.03994378481689517
80000.0,25000.0,240.9071751611384,-6398.686382599073,-27600.75663710994,0.2042584886414348,0.16109219058149268,0.043166298059942126
85000.0,25000.0,260.72193447169525,-7605.451414301162,-29322.705410886505,0.20987717160150396,0.16380963453347053,0.04606753706803343
90000.0,25000.0,280.25103371629507,-8841.925092862788,-31066.935669807724,0.21473592799303534,0.1660481946270378,0.04868773336599755
95000.0,25000.0,299.54066431606424,-10103.303510486789,-32829.84448302572,0.218973247733952,0.16791119986670844,0.051062047867243554
100000.0,25000.0,318.6275681153673,-11385.765515359271,-34608.565986680085,0.22269668739246104,0.16947581463523484,0.0532208727572262
105000.0,25000.0,336.798850540297,-12763.452143166578,-36458.70595753557,0.22549380665137211,0.1704248591734016,0.055068947477970503
110000.0,25000.0,352.53835446688345,-14394.043734801591,-38498.524651261825,0.22650268032715068,0.1701124163197166,0.05639026400743408
115000.0,25000.0,368.0758466286294,-16045.644549980017,-40554.10026264565,0.2273085006346454,0.16973452542202058,0.057573975212624806
120000.0,25000.0,383.4370579490141,-17715.57857266,-42623.425779655634,0.22794931991938644,0.16931088459417762,0.05863843532520882
125000.0,25000.0,398.6435274184614,-19337.60574783748,-44640.82116103874,0.22861655749210072,0.16885620724121073,0.05976035025088999
130000.0,25000.0,413.7134223435998,-20937.836675623097,-46632.869356877956,0.22925051908938723,0.1683815312753764,0.060868987814010844
135000.0,25000.0,428.66217324900407,-22550.666581461046,-48634.36678625642,0.22977814324464568,0.1678951598998841,0.06188298334476158
140000.0,25000.0,443.5029705203771,-24174.723665238256,-50644.284599089326,0.23021636387018457,0.16740334533738574,0.06281301853279883
145000.0,25000.0,458.24715668462,-25808.828304156996,-52661.73807827838,0.2305791089676684,0.16691079086884816,0.06366831809882023
150000.0,25000.0,472.9045390466711,-27451.96053850367,-54685.962254038386,0.23087790022088703,0.16642102291780742,0.06445687730307961
155000.0,25000.0,487.4836409303038,-29103.233942605868,-56716.29230711503,0.23112231958292462,0.16593666916535177,0.06518565041757285
160000.0,25000.0,501.9919051436128,-30761.87446442173,-58752.147698476925,0.2313203752677797,0.16545966803242734,0.06586070723535237
165000.0,25000.0,514.4345608460006,-32635.338271373403,-60949.120553690685,0.230581761294953,0.16435205060082103,0.06622971069413197
170000.0,25000.0,526.3257401881397,-34566.15561979094,-63189.10856500384,0.2296417926496947,0.16313952033680207,0.06650227231289263
175000.0,25000.0,538.140847185044,-36504.88449211289,-65435.0302192453,0.22871816208308468,0.161974277358838,0.0667438847242467
180000.0,25000.0,549.8863009383227,-38450.85730177192,-67686.38482648958,0.22781229204876496,0.1608542092256744,0.06695808282309057
185000.0,25000.0,561.5678181025382,-40434.47951669349,-69973.72648768075,0.22687052772867072,0.15977723480188652,0.0670932929267842
190000.0,25000.0,573.1905064131241,-42703.219932392574,-72544.65679945506,0.22547435800564675,0.15874132599157695,0.0667330320140698
195000.0,25000.0,584.7589436584872,-44977.6024588748,-75119.81869431672,0.22412896834027793,0.15774452216306642,0.06638444617721151
200000.0,25000.0,596.2772446723601,-47257.199153432026,-77698.89121523465,0.22283208925066816,0.15678493923546613,0.06604715001520203
205000.0,25000.0,607.7491184142838,-49496.62428427195,-80236.58506336459,0.22165145871280764,0.15586077487888755,0.06579068383392009
210000.0,25000.0,619.177916807976,-51740.529251327964,-82777.63878865661,0.22051099686337253,0.15497031090090077,0.06554068596247176
215000.0,25000.0,630.5666766934256,-53988.598223241206,-85321.81551759155,0.21940899255615381,0.15411191361347845,0.06529707894267536
220000.0,25000.0,641.9181559995083,-56070.5443754086,-87698.90013171709,0.21858686315607295,0.1532840327693027,0.06530283038677026
225000.0,25000.0,653.2348650451737,-57926.1066346594,-89848.69682615518,0.21810916936518374,0.15248519950417946,0.06562396986100427
230000.0,25000.0,664.5190937177888,-59785.04685270744,-92001.02698969122,0.2176390854390259,0.15171402360919645,0.06592506182982946
235000.0,25000.0,675.7729351485757,-61647.1473439056,-94155.72735808983,0.21717685619204616,0.15096919037190432,0.06620766582014184
240000.0,25000.0,686.8165044070851,-63531.116141020626,-96326.8289559261,0.21666530104993673,0.1502096962919888,0.06645560475794793
245000.0,25000.0,697.1454428042176,-65489.40654771884,-98553.67176094977,0.2159508607925759,0.14932841370969055,0.06662244708288534
250000.0,25000.0,707.4455814652404,-67450.69212697247,-100782.76094538998,0.21525301187927876,0.14847665615744216,0.0667763557218366
255000.0,25000.0,717.718629478638,-69414.79513357911,-103013.96320034497,0.21457139746795015,0.14765302310807382,0.06691837435987633
260000.0,25000.0,727.966163324114,-71381.55161364963,-105247.15556039786,0.21390564621005004,0.14685619594999272,0.06704945026005732
265000.0,25000.0,738.1896394893106,-73350.81009246915,-107482.2244195125,0.21325537711740394,0.14608493269033868,0.06717044442706527
270000.0,25000.0,748.3904056729634,-75322.43040936928,-109719.06465718758,0.2126202035436104,0.1453380629770772,0.0672821405665332
275000.0,25000.0,758.5697107558746,-77216.03268074652,-111877.32886072052,0.21209121180586785,0.14461448343368435,0.06747672837218349
280000.0,25000.0,768.7287136949685,-79041.99637508072,-113967.42663147117,0.21165129972395016,0.14391315329610158,0.06773814642784859
285000.0,25000.0,778.8684914737269,-80869.95948608987,-116059.02396472803,0.21121940011047657,0.14323309033905943,0.06798630977141715
290000.0,25000.0,788.9900462237754,-82699.81779208482,-118152.04269422425,0.2107954247117252,0.14257336707731447,0.06822205763441072
295000.0,25000.0,799.0943116167077,-84531.47419121988,-120246.40999357554,0.210379272402213,0.14193310722653332,0.06844616517567967
300000.0,25000.0,809.1821586119312,-86364.83810371664,-122342.05792794812,0.20997083160191182,0.14131148240828448,0.06865934919362734
60000.0,30000.0,121.91692364905458,-1889.7878522768297,-21580.053911262996,0.13315858075511106,0.10975140277250257,0.023407177982608482
65000.0,30000.0,150.61006603491472,-2673.2010441473685,-23109.4888051659,0.15243488752499762,0.1247805021001779,0.027654385424819725
70000.0,30000.0,173.1017517810682,-3751.5657265474147,-24772.637316965935,0.16427212505913946,0.1328329362584196,0.03143918880071986
75000.0,30000.0,194.88099821128793,-4754.024097804562,-26341.356095408795,0.17453282078771964,0.13926958258186703,0.035263238205852615
80000.0,30000.0,216.0852286800695,-5816.284129051273,-27954.92611884383,0.18321265109022689,0.14449400611290072,0.03871864497732616
85000.0,30000.0,236.81865805645708,-6927.507473906968,-29605.2186274856,0.19063539949589023,0.14879138537209136,0.04184401412379887
90000.0,30000.0,257.161752321786,-8079.325670312755,-31285.95727478994,0.19704429559762576,0.15236784012502705,0.044676455472598714
95000.0,30000.0,277.17762892103366,-9265.174503991002,-32992.218900048625,0.20262519528898534,0.1553753255993031,0.047249869689682256
100000.0,30000.0,296.23422968341345,-10550.788024703506,-34773.304040583,0.2070454293486223,0.15756495175665378,0.049480477591968525
105000.0,30000.0,312.9354353365291,-12081.362636779479,-36738.109999639986,0.20951675588244134,0.15834964226284995,0.05116711361959139
110000.0,30000.0,329.3360148815217,-13643.20236410026,-38726.36479513057,0.21159538856908786,0.15891645423183187,0.052678934337255984
115000.0,30000.0,345.4759579571222,-15232.148284237803,-40734.949235233726,0.21335173912615843,0.15931281094826677,0.05403892817789166
120000.0,30000.0,361.3884627142159,-16844.74778950005,-42761.27386418041,0.2148416606966872,0.15957508288729347,0.05526657780939373
125000.0,30000.0,377.10131885318424,-18414.110751047352,-44739.17108534089,0.21626239838944764,0.1597314243619105,0.05653097402753712
130000.0,30000.0,392.63796591311393,-19965.799456814653,-46694.81261466636,0.21757200186999207,0.1598038119304493,0.057768189939542774
135000.0,30000.0,408.0183124248232,-21533.743419596896,-48662.645586753046,0.21871230094363694,0.15980952853251487,0.05890277241112207
140000.0,30000.0,423.2593766820852,-23116.17273684164,-50641.3425746866,0.21970818946123252,0.15976225710249722,0.0599459323587353
145000.0,30000.0,438.3757928631005,-24711.56545401606,-52629.76211256742,0.22058030963612832,0.15967289532992368,0.06090741430620464
150000.0,30000.0,453.3802143959287,-26318.605614601925,-54626.91723300682,0.221345881163338,0.1595501688407751,0.061795712322562896
155000.0,30000.0,468.2836381104691,-27936.149548289715,-56631.95018327266,0.22201934911349436,0.1594010969976198,0.06261825211587455
160000.0,30000.0,481.1789709263886,-29762.534935434087,-58793.61422363094,0.22172967130578142,0.15859959488965927,0.06313007641612214
165000.0,30000.0,493.5118185272494,-31647.418784944573,-60999.152110763804,0.22120369235836318,0.15766763266703307,0.06353605969133011
170000.0,30000.0,505.7399997799106,-33543.1879346678,-63212.853973056226,0.22066000443489608,0.15675878012300226,0.06390122431189382
175000.0,30000.0,517.8726021981074,-35448.89728317534,-65434.010984436885,0.2201038452805027,0.1558737660293903,0.0642300792511124
180000.0,30000.0,529.9176908710424,-37363.70806119009,-67661.99406794793,0.21953950034492978,0.1550129380824813,0.06452656226244849
185000.0,30000.0,541.882448319228,-39317.87328657878,-69927.24298698945,0.21891773896957886,0.1541763548215177,0.06474138414806116
190000.0,30000.0,553.7732920048571,-41558.72554327336,-72477.25717951039,0.21783626228707162,0.1533638566724855,0.06447240561458611
195000.0,30000.0,565.5959735539511,-43806.66666216758,-75032.58801868107,0.2167841012519797,0.15257512100187515,0.06420898025010455
200000.0,30000.0,577.3556629269074,-46061.15896738014,-77592.83224759049,0.2157609899760626,0.15180970486134576,0.06395128511471684
205000.0,30000.0,589.0570201355725,-48276.71781767896,-80112.6263853146,0.21483428576373023,0.15106707821432686,0.06376720754940338
210000.0,30000.0,600.7042566047572,-50497.905224883754,-82636.6419407182,0.21393187781447673,0.15034664977304718,0.06358522804142955
215000.0,30000.0,612.3011878816977,-52724.32437208194,-85164.58130111682,0.2130534196296838,0.14964778707792803,0.06340563255175577
220000.0,30000.0,623.8512790840613,-54785.61488703613,-87526.17418733246,0.2124347051043579,0.148969832076795,0.0634648730275629
225000.0,30000.0,635.3576842273922,-56621.44875212971,-89661.17458615266,0.212140141581451,0.14831211317728354,0.06382802840416746
230000.0,30000.0,646.8232803725314,-58461.52675303523,-91799.3580868318,0.21184346471274298,0.14767395452912502,0.06416951018361797
235000.0,30000.0,658.0736485816602,-60323.98845928584,-93954.32936651976,0.21148873935055162,0.14701513002975689,0.06447360932079474
240000.0,30000.0,668.6176245870178,-62259.91495472865,-96164.39923810186,0.21092422501334604,0.1462295237232084,0.06469470129013763
245000.0,30000.0,679.1233498060162,-64199.81953195282,-98377.45267101999,0.21036825742563625,0.1454680850122458,0.06490017241339044
250000.0,30000.0,689.5931399979881,-66143.46135198775,-100593.30903604618,0.2098210862359445,0.14472983677973952,0.06509124945620498
255000.0,30000.0,700.0291276873655,-68090.61863229248,-102811.80199627473,0.209282888902104,0.14401384152704896,0.06526904737505504
260000.0,30000.0,710.4332799352538,-70041.08679851211,-105032.77812093946,0.20875378209854495,0.143319201116654,0.06543458098189095
265000.0,30000.0,720.8074140820132,-71994.67684724912,-107256.09565749222,0.20823383138433546,0.14264505614264014,0.06558877524169532
270000.0,30000.0,731.153211726055,-73951.2138922688,-109481.62344125698,0.207723059409037,0.14199058502918563,0.06573247437985136
275000.0,30000.0,741.4722311651774,-75830.28587060006,-111628.98992500541,0.20731086648783015,0.14135500293509856,0.06595586355273159
280000.0,30000.0,751.7659184941728,-77642.24238838452,-113708.58231334377,0.2069809945990863,0.1407375605251112,0.06624343407397512
285000.0,30000.0,762.0356175250249,-79456.69368917591,-115790.0457889373,0.20665453508319484,0.1401375426550102,0.06651699242818465
290000.0,30000.0,772.2825786729082,-81273.50972979606,-117873.28281940242,0.2063316704031651,0.13955426700696136,0.06677740339620375
295000.0,30000.0,782.5079669316215,-83092.56935088985,-119958.20253522276,0.20601254988156206,0.13898708270294272,0.06702546717861935
300000.0,30000.0,792.7128690454908,-84913.75953104746,-122044.72017034097,0.2056972939449643,0.13843536891755054,0.06726192502741377
60000.0,35000.0,100.33287327732452,-1385.644403357801,-21889.167496468464,0.10958431863937985,0.0903211240637919,0.01926319457558795
65000.0,35000.0,119.84808621330359,-3123.562258015969,-24134.48088746209,0.12130018944268962,0.09929418907481656,0.022006000367873063
70000.0,35000.0,139.1448365742404,-4534.2002204785385,-26046.834359309018,0.1320472944951273,0.10677544864323978,0.025271845851887534
75000.0,35000.0,166.63552179226411,-4942.668957804082,-27170.060912303175,0.14923654911858314,0.11908426052990123,0.030152288588681908
80000.0,35000.0,189.0376132123625,-5880.351450113842,-28690.197781535495,0.16027973075236995,0.12640753931180043,0.03387219144056952
85000.0,35000.0,210.82417141603742,-6882.049396931645,-30258.346241648847,0.1697102351272719,0.1324592445221829,0.03725099060508899
90000.0,35000.0,232.10039897206843,-7936.821731104428,-31866.300492278435,0.17784160828921475,0.13751903680948405,0.0403225714797307
95000.0,35000.0,252.33326754742393,-9100.103399267464,-33555.63674340071,0.1844632188165191,0.14144851356631932,0.043014705250199764
100000.0,35000.0,270.26517705117186,-10502.684810877676,-35424.44780210837,0.18889501621856097,0.14375219105868148,0.045142825159879496
105000.0,35000.0,287.76207321929553,-11950.507609392807,-37327.18990099472,0.19266266852162575,0.14561157416413692,0.04705109435748883
110000.0,35000.0,304.8845068854163,-13437.274508116257,-39259.14007503731,0.19588551748985786,0.14711772352586808,0.04876779396398978
115000.0,35000.0,321.682289492282,-14957.805117002208,-41216.41303170177,0.19865774832812166,0.14834059676491312,0.05031715156320854
120000.0,35000.0,338.19677294615303,-16507.798837799623,-43195.78332229983,0.2010544437315646,0.14933453511429604,0.05171990861726858
125000.0,35000.0,354.4625723401749,-18019.655700821357,-45130.55096956613,0.20327938991755137,0.15014217328931198,0.05313721662823939
130000.0,35000.0,370.50888416864746,-19518.339270660203,-47046.438646945266,0.20530964052780412,0.15079726665390616,0.05451237387389796
135000.0,35000.0,386.36050667117826,-21037.270530397,-48977.51209174786,0.20710294816331837,0.15132676287925392,0.055776185284064445
140000.0,35000.0,402.03863798290496,-22574.244873977426,-50922.11784943318,0.2086927924364225,0.1517523386016017,0.0569404538348208
145000.0,35000.0,417.56150656381806,-24127.36654156247,-52878.83410012197,0.21010705406066696,0.1520915520811867,0.05801550197948027
150000.0,35000.0,432.94487363425674,-25694.99636623684,-54846.43146862774,0.21136909266631004,0.15235871679828206,0.05901037586802799
155000.0,35000.0,446.3758825579124,-27465.671438176665,-56966.31277258261,0.21163259793862466,0.15194382114249066,0.05968877679613399
160000.0,35000.0,459.2274386474051,-29296.60960486941,-59131.39139760217,0.21161429567432666,0.15136423271256474,0.06025006296176191
165000.0,35000.0,471.93924436135,-31142.081810619144,-61307.37055191447,0.2115343533880988,0.15077560582678112,0.06075874756131769
170000.0,35000.0,484.5237949647215,-33000.788547868506,-63493.27560485149,0.21140313756526224,0.1501826216480623,0.06122051591719996
175000.0,35000.0,496.9921392099137,-34871.58074636852,-65688.2447537265,0.21122932638255076,0.14958898404132526,0.06164034234122551
180000.0,35000.0,509.3540827683376,-36753.43861629244,-67891.51315616944,0.211020207017062,0.14899761652501944,0.06202259049204256
185000.0,35000.0,521.6183582695128,-38676.45396417021,-70133.39966707777,0.21073115018132896,0.14841081739300227,0.06232033278832669
190000.0,35000.0,533.7927681721571,-40887.8153342952,-72661.29569467151,0.2099765791042739,0.14783038252781242,0.06214619657646148
195000.0,35000.0,545.8843054001466,-43107.79546258431,-75195.65579088836,0.20922892677283855,0.14725770310227854,0.061971223670560016
200000.0,35000.0,557.8992556784855,-45335.74063363705,-77735.9896691779,0.208490023466415,0.14669384364839527,0.061796179818019714
205000.0,35000.0,569.8432847281342,-47526.06161247358,-80236.8554033053,0.2078268671573612,0.14613960469246504,0.06168726246489617
210000.0,35000.0,581.7215128703722,-49723.22588568083,-82742.85360821075,0.2071714562450987,0.14559557319487185,0.06157588305022685
215000.0,35000.0,593.5385791118508,-51926.75099656706,-85253.62244137541,0.20652487119844654,0.14506216330683877,0.061462707891607765
220000.0,35000.0,605.2986964010438,-53966.198798490994,-87598.83329281837,0.2061171538492294,0.14453964940419115,0.06157750444503826
225000.0,35000.0,617.005699443219,-55781.170482104775,-89718.18705552869,0.20601258107960657,0.1440281929353369,0.06198438814426968
230000.0,35000.0,628.4909993204842,-57619.19929486919,-91854.833665102,0.20583939211362945,0.14348857573920892,0.062350816374420526
235000.0,35000.0,639.2772909635776,-59529.924963987476,-94046.00291694072,0.2054480507656217,0.1428159815525856,0.0626320692130361
240000.0,35000.0,650.0143359996272,-61445.77228023832,-96241.01340412885,0.20505557291130397,0.14216090523367966,0.0628946676776243
245000.0,35000.0,660.7051772978632,-63366.42478522177,-98439.62778286645,0.20466296271501905,0.14152291616338866,0.06314004655163039
250000.0,35000.0,671.3526121010938,-65291.59156568581,-100641.62786821448,0.20427107833294444,0.1409015669316643,0.06336951140128014
255000.0,35000.0,681.9592163197534,-67221.00472694519,-102846.81273915901,0.2038806519041776,0.14029639999615126,0.06358425190802633
260000.0,35000.0,692.5273659984744,-69154.41716035819,-105054.99706421875,0.20349230665559492,0.1397069529954558,0.06378535366013913
265000.0,35000.0,703.0592563318004,-71091.60056569231,-107266.00961821934,0.20310657156966336,0.13913276297077842,0.06397380859888493
270000.0,35000.0,713.5569185494,-73032.34369506194,-109479.69196524657,0.20272389398885882,0.13857336970081416,0.06415052428804466
275000.0,35000.0,724.0222349441556,-74896.20079000737,-111615.64728645564,0.20243195978743408,0.13802831831581913,0.06440364147161495
280000.0,35000.0,734.4569522771408,-76693.49018737688,-113684.23933448277,0.20221537945885829,0.13749716132548248,0.0647182181333758
285000.0,35000.0,744.862693760385,-78493.79307311951,-115755.09149878974,0.20199745279598236,0.1369794601701066,0.06501799262587576
290000.0,35000.0,755.2409697904159,-80296.95236599632,-117828.08596844735,0.20177864315098448,0.13647478638433447,0.06530385676665001
295000.0,35000.0,765.5931875819116,-82102.82171568074,-119903.11298071066,0.20155935966270486,0.1359827224462687,0.06557663721643617
300000.0,35000.0,775.9206598307591,-83911.2646018006,-121980.07014530056,0.20133996340359547,0.13550286237154077,0.0658371010320547
60000.0,40000.0,79.19405425492383,-835.196894108507,-22163.553036426234,0.08649634155127156,0.0712916491457662,0.015204692405505357
65000.0,40000.0,98.7896055492287,-2564.7595595008024,-24402.600035470456,0.09998656004203965,0.08184722912115054,0.01813933092088911
70000.0,40000.0,118.16941878278624,-3966.7589832108206,-26308.47460325297,0.11214179718413878,0.09067956107527425,0.021462236108864524
75000.0,40000.0,137.3626351459937,-5238.164481437241,-28078.903726922785,0.12302014256347335,0.09816471095035556,0.02485543161311779
80000.0,40000.0,156.3933735642546,-6526.467685938114,-29862.00613029844,0.13260158854298448,0.10457866654674706,0.028022921996237418
85000.0,40000.0,182.7384745504362,-7054.077183375222,-31074.58825337627,0.14710167849564892,0.11481321198374514,0.032288466511903785
90000.0,40000.0,204.52574035963576,-8055.701539218469,-32642.681520258706,0.15671315845724687,0.1211811049940871,0.03553205346315977
95000.0,40000.0,224.03158884580557,-9294.593296656807,-34388.72533833746,0.16377383924341038,0.12558365982473685,0.03819017941867353
100000.0,40000.0,242.91918214349778,-10597.783593696819,-36182.993061117464,0.16978222407878876,0.1292070442234553,0.04057517985533346
105000.0,40000.0,261.2787641885964,-11955.887061006564,-38018.44566159978,0.1749315445689254,0.1322106548772626,0.042720889691662794
110000.0,40000.0,279.1838304785671,-13361.260166849614,-39889.35049098206,0.17937306708946052,0.1347162242018252,0.04465684288763533
115000.0,40000.0,296.69484123410905,-14807.615048273241,-41790.99165204978,0.18322652824053526,0.13681788287195976,0.0464086453685755
120000.0,40000.0,313.86198864482554,-16289.731717558723,-43719.454154013896,0.18658766902401885,0.13858924127518535,0.047998427748833505
125000.0,40000.0,330.72728787943333,-17739.240597159514,-45607.46081371449,0.1896675320764119,0.14008845402341513,0.04957907805299677
130000.0,40000.0,347.3261771102008,-19180.456117159694,-47480.24745371462,0.19246343506282373,0.14136189544574715,0.051101539617076586
135000.0,40000.0,363.688755988069,-20646.247913861414,-49371.466301240915,0.19495008490368973,0.14244686294010114,0.05250322196358859
140000.0,40000.0,379.8407544228368,-22133.94007664555,-51279.11042332902,0.1971701727957546,0.1433735898346993,0.0537965829610553
145000.0,40000.0,395.80429778677234,-23641.231566796254,-53201.454040942044,0.1991593422412843,0.14416676112263707,0.054992581118647216
150000.0,40000.0,409.86820418421894,-25346.08530146181,-55271.96934194121,0.20010277452638114,0.1442377481496128,0.05586502637676835
155000.0,40000.0,423.3282152661824,-27113.744148937607,-57389.58847754806,0.20070539981711535,0.14409852579037916,0.0566068740267362
160000.0,40000.0,436.60547946006983,-28900.40867277333,-59521.46187042486,0.2011899839774882,0.14390789363811535,0.05728209033937284
165000.0,40000.0,449.7168383483023,-30704.327348397142,-61666.27587714271,0.2015737443841598,0.14367597008006514,0.05789777430409465
170000.0,40000.0,462.67712574257234,-32523.957459393067,-63822.87346038966,0.2018711920407931,0.1434110449119821,0.05846014712881101
175000.0,40000.0,475.49945822046266,-34357.93488169246,-65990.2315271142,0.2020946053892288,0.14311993139464274,0.05897467399458606
180000.0,40000.0,488.195476630208,-36205.04896707896,-68167.44209115408,0.20225441206516154,0.14280824455328872,0.059446167511872816
185000.0,40000.0,500.77554795339256,-38095.221549467766,-70384.69652794568,0.20231076136392104,0.14248062251634028,0.05983013884758076
190000.0,40000.0,513.2489349150243,-40275.48930545806,-72889.27234493839,0.20189530845725356,0.1421409035575577,0.05975440489969586
195000.0,40000.0,525.6239391970731,-42465.988860124984,-75401.52201093858,0.2014634449028544,0.14179226846427653,0.05967117643857786
200000.0,40000.0,537.9080229270941,-44665.94415220281,-77920.86347999696,0.20101918972172517,0.1414373555966146,0.05958183412511056
205000.0,40000.0,550.1079121919686,-46829.65566865585,-80401.77211733675,0.20062920289370045,0.14107835431330198,0.05955084858039847
210000.0,40000.0,562.2296856048208,-49001.49123371922,-82888.77379113427,0.20022973215523848,0.14071708116637474,0.05951265098886374
215000.0,40000.0,574.2788503838851,-51180.87809669651,-85381.43893836724,0.1998233472624421,0.14035504230021068,0.05946830496223143
220000.0,40000.0,586.2604079504558,-53197.29610977316,-87709.37744817472,0.19963420939068743,0.1399934847514911,0.05964072463919634
225000.0,40000.0,598.0120084311371,-55007.62965978234,-89825.25261068161,0.19967076071529144,0.13959447863397645,0.06007628208131499
230000.0,40000.0,609.0709315850551,-56890.00165177486,-91995.156604676,0.1994790545084956,0.13905484818681998,0.06042420632167561
235000.0,40000.0,620.067837479494,-58778.8234387532,-94169.89794490975,0.199274603295543,0.13852454653182486,0.06075005676371814
240000.0,40000.0,631.0066386449136,-60673.68811754958,-96349.17145400704,0.19905934474381057,0.13800384082340264,0.06105550392040793
245000.0,40000.0,641.890925279759,-62574.22230752563,-98532.69709648908,0.19883497666072436,0.13749290716311918,0.06134206949760518
250000.0,40000.0,652.7239977745572,-64480.08276806661,-100720.21744189481,0.19860298817027874,0.1369918466132165,0.06161114155706224
255000.0,40000.0,663.508895375802,-66390.9534175372,-102911.49542899776,0.19836468647417105,0.13650069851538077,0.06186398795879028
260000.0,40000.0,674.248421513776,-68306.54269918788,-105106.31239023576,0.19812121988120016,0.13601945158639822,0.062101768294801935
265000.0,40000.0,684.9451662386722,-70226.58124779869,-107304.46630169387,0.19787359767338772,0.1355480531747536,0.06232554449863412
270000.0,40000.0,695.6015261429984,-72150.81981774874,-109505.7702291564,0.19762270728307574,0.13508641699196275,0.06253629029111299
275000.0,40000.0,706.2197220928094,-73998.77743896842,-111629.80094507117,0.19745449170467977,0.13463442957584612,0.06282006212883365
280000.0,40000.0,716.8018150438725,-75780.73977205786,-113686.89769488825,0.19735445430326604,0.1341919556972155,0.06316249860605053
285000.0,40000.0,727.3497201798075,-77566.25763792061,-115746.66109428531,0.19724815324883926,0.13375884288434875,0.06348931036449051
290000.0,40000.0,737.865219576298,-79355.1457006856,-117808.95214135907,0.19713634295518329,0.13333492520943377,0.06380141774574952
295000.0,40000.0,748.3499735675782,-81147.23128559247,-119873.64133003922,0.19701970174564146,0.13292002645651127,0.06409967528913019
300000.0,40000.0,758.805530967736,-82942.35331597604,-121940.60785282688,0.19689883997780538,0.1325139627702552,0.06438487720755018
60000.0,45000.0,58.43437452421696,-308.3188985230663,-22439.865711631894,0.06382246324846214,0.052603480978797905,0.01121898226966423
65000.0,45000.0,78.08481268279098,-2032.1733300313645,-24674.631535263117,0.07903090379066967,0.06469329965434216,0.014337604136327509
70000.0,45000.0,97.52428388555472,-3427.968324943926,-26575.85278144754,0.09254973559720496,0.074837122396093,0.017712613201111962
75000.0,45000.0,116.78005705861767,-4692.867914945382,-28341.40247394863,0.10458666035820227,0.08345559572107249,0.021131064637129784
80000.0,45000.0,135.87489565487056,-5974.504700935082,-30119.505063440905,0.11520454221511935,0.09085816797043965,0.024346374244679697
85000.0,45000.0,154.52726580350338,-7302.158205477273,-31932.12019184755,0.12439208671825033,0.0970883212723186,0.02730376544593173
90000.0,45000.0,173.6256516602217,-8583.426076378571,-33709.94609502352,0.13303667407841344,0.10287286229355463,0.0301638117848588
95000.0,45000.0,194.27875037730158,-9703.003809802263,-35366.504395091295,0.1420236181719985,0.10890534064529,0.033118277526708484
100000.0,45000.0,214.1962449603913,-10899.08437316092,-37080.439817610284,0.14970705292930575,0.1139295112509753,0.03577754167833046
105000.0,45000.0,233.4855082444316,-12160.500991620735,-38843.37728145515,0.1563233840243402,0.11814688440222688,0.03817649962211332
110000.0,45000.0,252.23398566097424,-13478.159340300299,-40648.49604296482,0.16205803736789598,0.12171195625970326,0.040346081108192725
115000.0,45000.0,270.5136131826033,-14844.57807805088,-42490.18509627775,0.1670580788633992,0.12474466926940667,0.042313409593992546
120000.0,45000.0,288.3841098102332,-16253.54642877738,-44363.78635932263,0.1714413365740497,0.12733920136996135,0.044102135204088344
125000.0,45000.0,305.89546547095983,-17635.865440061796,-46201.40061778594,0.17542682486602934,0.12957026656422005,0.04585655830180929
130000.0,45000.0,323.08984473777366,-19015.149996313165,-48027.73903497447,0.17903338547505068,0.1314976983059722,0.047535687169078494
135000.0,45000.0,340.0030603754957,-20423.675569990082,-49876.008215232156,0.18225371116475128,0.13316982871505662,0.049083882449694666
140000.0,45000.0,356.6657260018806,-21858.258344846035,-51743.82029637412,0.18514033053922888,0.13462601080178996,0.05051431973743892
145000.0,45000.0,371.4768370823931,-23485.402792472734,-53756.05363209415,0.18691834056601955,0.1353057880718139,0.051612552494205655
150000.0,45000.0,385.6502204138408,-25178.87092600217,-55818.02973224122,0.18827925248584393,0.1357151367147595,0.05256411577108444
155000.0,45000.0,399.58817784294723,-26896.82335337512,-57898.36905277093,0.18944994003230584,0.13601755156865003,0.053432388463655806
160000.0,45000.0,413.3130933643826,-28636.932139145836,-59995.32564209897,0.19045673621526588,0.13623057766631103,0.05422615854895485
165000.0,45000.0,426.84460048810644,-30397.155398278548,-62107.36808644851,0.19132186534654616,0.13636872542688516,0.054953139919661
170000.0,45000.0,440.19999211346345,-32175.69466924142,-64233.14753967066,0.1920641678614888,0.1364440499147618,0.055620117946727
175000.0,45000.0,453.394559229754,-33970.9596891472,-66371.4713046,0.19269968230053663,0.13646660808934274,0.05623307421119389
180000.0,45000.0,466.44187245665387,-35781.53911354962,-68521.28087290181,0.19324211548922846,0.13644482216728923,0.056797293321939224
185000.0,45000.0,479.3540173708675,-37637.1760424714,-70712.63356959315,0.19365657251735516,0.13638577019153175,0.057270802325823406
190000.0,45000.0,492.14179223345843,-39784.74745676195,-73192.68713031105,0.19359245034601064,0.1362954197617213,0.05729703058428934
195000.0,45000.0,504.8148749447312,-41944.246854789584,-75681.68667883179,0.19348765564202727,0.13617881708786922,0.057308838554158054
200000.0,45000.0,517.3819646727335,-44114.76952307734,-78178.95368004759,0.1933484887419933,0.13604024070600382,0.057308248035989495
205000.0,45000.0,529.8509025270758,-46250.49998622574,-80638.8765274089,0.19324129297274814,0.1358833270768378,0.05735796589591033
210000.0,45000.0,542.2287748081034,-48395.70126899888,-83105.90248948876,0.19310670554489612,0.13571117368755595,0.05739553185734017
215000.0,45000.0,554.5220016978002,-50549.7056724704,-85579.5307920924,0.19294884782167032,0.1355264240580437,0.057422423763626634
220000.0,45000.0,566.574934191284,-52558.70069314809,-87901.90205760066,0.19293088449086662,0.13529277831940437,0.057638106171462256
225000.0,45000.0,577.9402318838979,-54409.20973311624,-90047.90883757678,0.19296897741396815,0.13490910586074362,0.058059871553224535
230000.0,45000.0,589.2286994770565,-56267.709103427755,-92199.9083653104,0.19298045230145702,0.13452473776719295,0.05845571453426407
235000.0,45000.0,600.4452881294094,-58133.68388358304,-94357.51445042688,0.19296839694031556,0.13414082496747473,0.05882757197284083
240000.0,45000.0,611.5945325228766,-60006.662466662456,-96520.37338773644,0.19293554051086578,0.13375833049237726,0.059177210018488524
245000.0,45000.0,622.6805937517031,-61886.21209886449,-98688.16061188796,0.19288429926275208,0.1333780580114373,0.05950624125131479
250000.0,45000.0,633.7072970183784,-63771.934959130274,-100860.5777570873,0.1928168157479472,0.13300067582439612,0.05981613992355109
255000.0,45000.0,644.6781648555113,-65663.46470406846,-103037.35006579095,0.19273499261208435,0.1326267370847375,0.06010825552734686
260000.0,45000.0,655.5964464811581,-67560.46341500117,-105218.22409899047,0.19264052177536048,0.13225669688948116,0.06038382488587932
265000.0,45000.0,666.4651438026283,-69462.61889356829,-107402.9657079158,0.19253490969550843,0.1318909267545656,0.06064398294094284
270000.0,45000.0,677.2870345068505,-71369.64226032919,-109591.35823298649,0.19241949929168795,0.13152972690263154,0.06088977238905641
275000.0,45000.0,688.0646926111386,-73201.01581748319,-111702.95090085198,0.19237846223956712,0.13117333671517947,0.061205125524387644
280000.0,45000.0,698.8005067943677,-74966.9911424274,-113748.05739456015,0.1923982191323095,0.1308219436403102,0.061576275491999316
285000.0,45000.0,709.496696783292,-76737.08738357926,-115796.25457542404,0.1924066364417654,0.13047569079773658,0.06193094564402882
290000.0,45000.0,720.155328030555,-78511.08973386392,-117847.38133813754,0.1924047698157616,0.13013468348225926,0.06227008633350234
295000.0,45000.0,730.7783248886212,-80288.79806062502,-119901.28758320835,0.19239357613037186,0.1297989947336705,0.06259458139670138
300000.0,45000.0,741.3674824564213,-82070.02567357381,-121957.83329291995,0.19237392366759395,0.12946867011369376,0.0629052535539002
60000.0,50000.0,38.000206582795556,215.4123231480844,-22709.288467273273,0.041504111369572966,0.03420834329868723,0.007295768070885736
65000.0,50000.0,57.6859326251157,-1504.7721684506178,-24941.3018359723,0.05838486684844565,0.0477928190763179,0.010592047772127751
70000.0,50000.0,77.16674055298074,-2896.268143952657,-26839.29881759883,0.07323059601706357,0.059215372598356034,0.014015223418707534
75000.0,50000.0,96.46802336517493,-4156.434731484464,-28601.298758247685,0.08639547410099628,0.06893982209594161,0.017455652005054667
80000.0,50000.0,115.3866209697893,-5456.400580604568,-30393.14814508776,0.09783310436049314,0.07715786598463355,0.020675238375859592
85000.0,50000.0,133.34966307119407,-6855.744202058479,-32259.530861178195,0.10734444026010437,0.08378259242789246,0.023561847832211907
90000.0,50000.0,150.98182903771522,-8289.498941540274,-34151.721915789545,0.11568636425198837,0.08945644125109603,0.026229923000892344
95000.0,50000.0,168.3183064794091,-9754.005287604108,-36066.97667533741,0.12304575175804694,0.09435289483990851,0.02869285691813843
100000.0,50000.0,185.38946436998583,-11246.104866984133,-38002.926359872436,0.12957328154891484,0.09860738254612396,0.030965899002790884
105000.0,50000.0,204.3823053868011,-12538.34940123534,-39788.98476056084,0.1368381868878702,0.1034202627390298,0.0334179241488404
110000.0,50000.0,224.03497243263763,-13761.972028468343,-41523.576730985595,0.1439404283251641,0.10810491969950223,0.03583550862566187
115000.0,50000.0,243.13860533776457,-15042.694206335138,-43300.99336438569,0.15015240019671336,0.11212095595725372,0.038031444239459644
120000.0,50000.0,261.7631364423762,-16373.242971455533,-45115.779938225984,0.15561544638165728,0.11558441539862406,0.04003103098303322
125000.0,50000.0,279.9671051147542,-17683.530229528224,-46899.37038178051,0.16055726828640363,0.11858761091172672,0.04196965737467691
130000.0,50000.0,297.79988705136634,-18996.420908120548,-48675.913390724745,0.16501949176448516,0.12120467523458134,0.04381481652990382
135000.0,50000.0,315.3034198334581,-20343.553498783003,-50478.13783372159,0.16901382694650285,0.12349566020412026,0.0455181667423826
140000.0,50000.0,330.9966817277261,-21878.954261779138,-52421.563405968685,0.1718158785521658,0.12493704777620973,0.04687883077595606
145000.0,50000.0,346.0065612317693,-23485.426793358653,-54418.29280465333,0.17410230139343066,0.12602855890877254,0.04807374248465812
150000.0,50000.0,360.7164382705895,-25123.099581321352,-56438.42239562535,0.17610626874285898,0.1269406268784728,0.049165641864386184
155000.0,50000.0,375.15577028820724,-26788.909051489107,-58479.65449825117,0.17786621858419632,0.1277008984773034,0.050165320106892924
160000.0,50000.0,389.3502803603435,-28480.18000398694,-60539.98271262454,0.17941455238765983,0.12833228479715184,0.05108226759050799
165000.0,50000.0,403.3225307807623,-30194.565960263382,-62617.647179831874,0.18077871627525796,0.12885387186724118,0.051924844408016785
170000.0,50000.0,417.0923940773944,-31930.000177413647,-64711.09784269457,0.18198206502734923,0.1292816366564013,0.05270042837094793
175000.0,50000.0,430.67744223778806,-33684.6551687327,-66818.96408618387,0.18304455711647447,0.12962901412542532,0.05341554299104914
180000.0,50000.0,444.0932702476749,-35456.909055704455,-68940.02950141268,0.1839833172892627,0.12990734936702086,0.05407596792224184
185000.0,50000.0,457.35376652193753,-37276.31744318115,-71104.2107920202,0.1847685836416313,0.1301262604185767,0.054642323223054595
190000.0,50000.0,470.47134012745954,-39389.58978820687,-73558.54005078948,0.18506800477054508,0.13029393114030324,0.05477407363024184
195000.0,50000.0,483.4571126431204,-41516.56944657813,-76023.14979456793,0.18530155899035716,0.13041734897305648,0.05488421001730068
200000.0,50000.0,496.3210809154034,-43656.2167462607,-78497.26026932985,0.18547792052721926,0.13050249897656285,0.054975421550656406
205000.0,50000.0,509.07225573345596,-45762.594565183244,-80935.16863352177,0.18566313739450419,0.1305545229830725,0.055108614411431694
210000.0,50000.0,521.7187804802194,-47879.85599151984,-83381.23970327422,0.1858023764140715,0.13057785075841535,0.05522452565565614
215000.0,50000.0,534.1122311032954,-50023.437126719946,-85847.0505546743,0.18584716076785268,0.13053823023336353,0.055308930534489154
220000.0,50000.0,545.8215215342509,-52068.17092190057,-88196.22590105976,0.18586390355243076,0.13033705809858862,0.05552684545384215
225000.0,50000.0,557.4368153672116,-53892.68036327265,-90322.73298208883,0.18612307345981594,0.13012297498291914,0.0560000984768968
230000.0,50000.0,568.9643029964889,-55726.321649827805,-92456.08894700519,0.18634358549251392,0.129898244480328,0.05644534101218593
235000.0,50000.0,580.409642913324,-57568.50629847696,-94595.85243349205,0.1865294316999394,0.12966481685953518,0.056864614840404226
240000.0,50000.0,591.7780176335164,-59418.69532757696,-96741.61920531705,0.18668416021246959,0.1294243742406035,0.057259785971866095
245000.0,50000.0,603.074182713696,-61276.394159238276,-98893.01832906305,0.18681093052110237,0.12917836870834304,0.05763256181275933
250000.0,50000.0,614.3025098325578,-63141.148138876655,-101049.70881379183,0.1869125610659501,0.1289280545652032,0.05798450650074691
255000.0,50000.0,625.4670247588813,-65012.53858653901,-103211.3766495386,0.18699157031791752,0.12867451570422142,0.0583170546136961
260000.0,50000.0,636.571440900621,-66890.17930779807,-105377.73219048289,0.187050212338076,0.12841868890470468,0.05863152343337133
265000.0,50000.0,647.6191890236692,-68773.71350300105,-107548.50783688512,0.18709050763602564,0.1281613837102145,0.05892912392581115
270000.0,50000.0,658.6134436409559,-70662.81102280322,-109723.45597673675,0.1871142700146953,0.12790329943282033,0.05921097058187497
275000.0,50000.0,669.5571464991432,-72476.91592555176,-111822.09715379815,0.18720387139209607,0.12764503973381916,0.05955883165827691
280000.0,50000.0,680.4530275286269,-74226.24429848547,-113854.71843349843,0.1873466739459889,0.12738712515476663,0.059959548791222256
285000.0,50000.0,691.3036235708387,-75980.28231009541,-115890.8719422059,0.18747290237476086,0.1271300039102701,0.06034289846449076
290000.0,50000.0,702.1112951531865,-77738.78446553127,-117930.37355878278,0.18758392373271934,0.12687406120281097,0.06070986252990837
295000.0,50000.0,712.8782415450407,-79501.52204077842,-119973.05174021816,0.1876809828168961,0.1266196272777463,0.06106135553914979
300000.0,50000.0,723.6065142968155,-81268.28167459383,-122018.74646557971,0.18776521447296127,0.1263669844018565,0.06139823007110476
60000.0,55000.0,17.8475813646767,1530.6484619263792,-22575.638653555216,0.01949326257011528,0.016066654507360785,0.0034266080627544937
65000.0,55000.0,37.55342404734381,-187.44389907624281,-24806.082924307182,0.03800842879591024,0.031113027379738038,0.0068954014161722
70000.0,55000.0,57.0611510754793,-1576.1402881501563,-26701.980216112617,0.054150558553242516,0.04378696440477132,0.010363594148471197
75000.0,55000.0,76.24597613607523,-2848.4184818481735,-28473.06386138613,0.06828487852014488,0.05448835631735352,0.013796522202791359
80000.0,55000.0,94.67516682084783,-4199.282650631823,-30303.086987973868,0.08027243885022155,0.0633083261494276,0.016964112700793954
85000.0,55000.0,112.73921783262023,-5588.121345407504,-32161.591009055628,0.09075334691429625,0.07083320437987835,0.0199201425344179
90000.0,55000.0,130.476960598247,-7010.896097782315,-34045.54707333674,0.09997497901877025,0.07730734641890574,0.022667632599864512
95000.0,55000.0,147.9219089193016,-8464.121472392639,-35952.34110429448,0.10813537080523927,0.08291944357513348,0.025215927230105795
100000.0,55000.0,165.10313909383876,-9944.773534240776,-37879.70515068059,0.11539466710859698,0.08781722549076977,0.027577441617827214
105000.0,55000.0,182.0460008360347,-11450.215913052387,-39825.661934789285,0.12188356833262053,0.09211778486117515,0.029765783471445373
110000.0,55000.0,198.7726957658108,-12978.139640355686,-41788.479730266765,0.12770964576292285,0.09591496399374709,0.031794681769175756
115000.0,55000.0,215.3027513823621,-14526.513856234349,-43766.63539217576,0.13296212193085513,0.09928472803273056,0.033677393898124575
120000.0,55000.0,233.99906854125456,-15849.596871709531,-45575.82265378215,0.1391099984468416,0.10332488336117351,0.03578511508566809
125000.0,55000.0,252.94220681081651,-17083.010491675086,-47301.757868756315,0.14505886233753476,0.10714048706593512,0.037918375271599636
130000.0,55000.0,271.4563040509786,-18325.04437869822,-49025.158284023666,0.15042175393112697,0.11048282623157452,0.03993892769955246
135000.0,55000.0,288.19174173721797,-19752.05885932933,-50887.29414449699,0.15448100496693934,0.11287676305576311,0.04160424191117623
140000.0,55000.0,304.18321253961625,-21256.445895879908,-52807.45942190993,0.15789737114738106,0.11481611344081215,0.04308125770656891
145000.0,55000.0,319.79541772004575,-22800.27655711525,-54757.20741783644,0.16091347517204643,0.11648147797373552,0.04443199719831091
150000.0,55000.0,335.0668577544651,-24379.546793535636,-56733.53509515173,0.16358382329742643,0.11791421864075272,0.04566960465667372
155000.0,55000.0,350.03099260196234,-25990.776769395918,-58733.83257704694,0.16595423547278676,0.11914856651633919,0.04680566895644757
160000.0,55000.0,364.71704044795257,-27630.927793412935,-60755.8208450597,0.16806343249467,0.12021301503063773,0.04785041746403228
165000.0,55000.0,379.15062922627,-29297.33456046792,-62797.50092035094,0.1699442971702952,0.12113140940113318,0.04881288776916201
170000.0,55000.0,393.3543316343655,-30987.649510025978,-64857.11213251948,0.17162488353837446,0.1219238051369007,0.04970107840147377
175000.0,55000.0,407.3481072445648,-32699.796846565267,-66933.09763492395,0.1731292298370423,0.12260714950289048,0.050522080334151814
180000.0,55000.0,421.14967000327147,-34431.93431965978,-69024.07573974483,0.1744780174652643,0.12319582615248373,0.051282191312780584
185000.0,55000.0,434.7747954066026,-36213.42127771332,-71159.81595828499,0.17564679473674943,0.12370209319747508,0.05194470153927436
190000.0,55000.0,448.2375785970276,-38290.79182590914,-73587.21886943185,0.1763219717308569,0.12413643769330349,0.05218553403755341
195000.0,55000.0,461.55065229224095,-40383.73216160695,-76026.29912120521,0.17690515494784406,0.1245078641198384,0.05239729082800566
200000.0,55000.0,474.72537165510414,-42491.06134786917,-78476.17101090187,0.17740748507740314,0.12482413040829178,0.05258335466911136
205000.0,55000.0,487.771971811109,-44566.714931644674,-80891.0361987335,0.1778947361589686,0.12509194203200602,0.05280279412696259
210000.0,55000.0,500.54985153273014,-46670.31544059608,-83326.86158044706,0.17826337752857277,0.12527960705272312,0.05298377047584965
215000.0,55000.0,512.6451451445662,-48844.90490496511,-85815.92867872384,0.17837757527053483,0.1252916261562926,0.05308594911424222
220000.0,55000.0,524.6265581794263,-50861.33794933965,-88143.87846200474,0.17864656515634625,0.125275899714049,0.05337066544229724
225000.0,55000.0,536.5017588810787,-52658.81707636782,-90250.11280727587,0.17913304885283496,0.12523608600050318,0.05389696285233178
230000.0,55000.0,548.2777421433523,-54466.61481709138,-92364.08611281854,0.17956845408166627,0.12517536832622503,0.054393085755441245
235000.0,55000.0,559.9609018312375,-56284.066209551296,-94485.29965716347,0.17995770757441448,0.12509652220800616,0.05486118536640833
240000.0,55000.0,571.5570939768328,-58110.56222640938,-96613.29666980704,0.180305203848622,0.1250019720680814,0.05530323178054061
245000.0,55000.0,583.0716921657374,-59945.54401476332,-98747.65801107249,0.1806148704357751,0.12489383925383642,0.05572103118193868
250000.0,55000.0,594.5096362170949,-61788.49783342214,-100887.99837506661,0.1808902241242872,0.12477398283563769,0.05611624128864952
255000.0,55000.0,605.8754750859117,-63638.950591065164,-103033.96294329887,0.18113441959167048,0.12464403437383254,0.056490385217837946
260000.0,55000.0,617.173404772165,-65496.46590369486,-105185.22442777114,0.1813502915693467,0.12450542763206879,0.05684486393727792
265000.0,55000.0,628.4073019017942,-67360.64060221339,-107341.48045166004,0.18154039149493914,0.12435942404170017,0.05718096745323897
270000.0,55000.0,639.5807535453149,-69231.10163128725,-109502.45122346544,0.18170701945209786,0.1242071345825293,0.05749988486956856
275000.0,55000.0,650.6970837568233,-71027.25328929037,-111587.62746696777,0.18193071916226675,0.12404953863176524,0.05788118053050151
280000.0,55000.0,661.7593772466499,-72759.27476634842,-113607.26857476131,0.1821998187443041,0.1238875002405848,0.058312318503719304
285000.0,55000.0,672.7705005424475,-74496.61794358544,-115630.90095768908,0.1824469510478256,0.1237217822219493,0.058725168825876306
290000.0,55000.0,683.7331209441926,-76239.00542180397,-117658.31656635298,0.18267380470605651,0.12355305837108886,0.05912074633496765
295000.0,55000.0,694.6497235368367,-77986.178752169,-119689.32156412676,0.1828819218052141,0.12338192408873876,0.059499997716475336
300000.0,55000.0,705.5226264889179,-79737.89684515254,-121723.73513386441,0.18307271239390724,0.12320890563474339,0.05986380675916385
60000.0,60000.0,2.0598924582931204,-3656.2288156624854,21923.328388253136,0.0022498300321621982,0.0018378012461609063,0.0004120287860012919
65000.0,60000.0,17.654278785783646,1510.5449937215017,-24474.466254708874,0.01786818153590092,0.014626577287310394,0.003241604248590527
70000.0,60000.0,37.10533130236104,115.95445544554968,-26374.784158415838,0.035212651295241794,0.02847348485512623,0.006739166440115563
75000.0,60000.0,56.000670570501484,-1186.4302606678393,-28168.44769550088,0.050153453083592286,0.040020269221951475,0.010133183861640811
80000.0,60000.0,74.49660662752513,-2530.3529107373906,-29993.264683053043,0.0631635992928633,0.04981512711063354,0.013348472182229766
85000.0,60000.0,92.63561471708482,-3911.396069423179,-31845.922052067384,0.07457025372945408,0.05820226143357512,0.016367992295878965
90000.0,60000.0,110.45435346861728,-5325.747239263801,-33723.560429447854,0.084633115455214,0.0654439904786484,0.019189124976565594
95000.0,60000.0,127.98462760691456,-6770.098728880883,-35623.699046660666,0.09356061765802631,0.07174335556422273,0.02181726209380358
100000.0,60000.0,145.2541655821878,-8241.566779452463,-37544.17508458935,0.1015217286327119,0.07725969283451746,0.024262035798194442
105000.0,60000.0,162.28725234330523,-9737.625756296264,-39483.0943172222,0.10865467694791092,0.08211958586520446,0.026535091082706463
110000.0,60000.0,179.10524778747947,-11256.054230102134,-41438.7906725766,0.11507348965155907,0.08642471405060069,0.02864877560095838
115000.0,60000.0,195.72701427939256,-12794.890514943167,-43409.792886207375,0.12087295202076438,0.09025757105573068,0.030615380965033703
120000.0,60000.0,212.1692713176127,-14352.395782968284,-45394.79683722621,0.126132412352988,0.09368569434220866,0.032446718010779335
125000.0,60000.0,228.44689143210638,-15863.023291060934,-47328.6424682957,0.1310111372613777,0.09676483622616999,0.034246301035207705
130000.0,60000.0,243.70099428435344,-17444.096594427247,-49306.322445820435,0.1350417376497094,0.0991864038601357,0.03585533378957369
135000.0,60000.0,259.9339077089943,-18923.37359826459,-51207.65519869844,0.13933380271695475,0.10180894821538748,0.03752485450156727
140000.0,60000.0,276.60198667509434,-20357.393385790194,-53075.04503934264,0.14358033168727943,0.10440538389640912,0.039174947790870315
145000.0,60000.0,292.8434065472226,-21835.78571908886,-54975.714289316646,0.14735186190186686,0.10666454526670292,0.040687316635163936
150000.0,60000.0,308.70147886546744,-23354.04619799138,-56906.284648493536,0.15071191614954613,0.10863591200159921,0.04207600414794692
155000.0,60000.0,324.21384478421226,-24908.260142441926,-58863.820106831445,0.15371399069807698,0.11036055568575735,0.04335343501231963
160000.0,60000.0,339.41337362720947,-26495.0091427702,-60845.75685707765,0.1564033765362963,0.11187276836676865,0.04453060816952764
165000.0,60000.0,354.3288958246295,-28111.294834238535,-62849.8461256789,0.15881860803165784,0.11320133802856121,0.045617270003096635
170000.0,60000.0,368.9858047843767,-29754.476302424824,-64874.10722681862,0.16099262339456447,0.11437055535625991,0.04662206803830456
175000.0,60000.0,383.4065542500841,-31422.218357991253,-66916.78876849344,0.16295370046224003,0.11540101422173818,0.04755268624050185
180000.0,60000.0,397.61107172344316,-33112.44854076192,-68976.33640557143,0.1647262160172332,0.11631025252367772,0.04841596349355548
185000.0,60000.0,411.61710402486256,-34854.3211814143,-71082.36588606072,0.1662912058027095,0.11711326852822686,0.04917793727448265
190000.0,60000.0,425.44050764216286,-36894.18720521507,-73481.6404039113,0.16735435122694617,0.11782293942072213,0.04953141180622404
195000.0,60000.0,439.0954938920929,-38951.56863522233,-75894.05147641675,0.16829844351448803,0.11845036252821498,0.04984808098627305
200000.0,60000.0,452.5948368918353,-41025.136963249126,-78318.60272243684,0.16913718239254485,0.11900513500119049,0.050132047391354365
205000.0,60000.0,465.80644402055896,-43083.62982186186,-80720.5973663964,0.16988371462285298,0.11945875544509413,0.050424959177758855
210000.0,60000.0,478.33474208162227,-45213.18682351129,-83175.89011763348,0.1703517970320546,0.11971952113091949,0.050632275901135115
215000.0,60000.0,490.7261319511832,-47356.98227707695,-85641.86170780772,0.17075073931433762,0.1199345700469136,0.05081616926742402
220000.0,60000.0,502.9900441268105,-49344.03541081172,-87947.77655810879,0.17127886930261316,0.12010930316578566,0.05116956613682749
225000.0,60000.0,515.135062425499,-51113.45350774811,-90032.96513081109,0.1719989035930252,0.12024843891349565,0.05175046467952954
230000.0,60000.0,527.1690169176461,-52894.42224056482,-92126.81668042362,0.1726550580689139,0.120356109304884,0.05229894876402991
235000.0,60000.0,539.09906488315,-54686.197252152386,-94228.77293911428,0.17325322456374084,0.12043594101288774,0.052817283550853106
240000.0,60000.0,550.9317615528261,-56488.0967985061,-96338.32259887957,0.17379867141932306,0.12049112397481097,0.05330754744451209
245000.0,60000.0,562.6731221078273,-58299.49530078597,-98454.99647558949,0.17429611900677025,0.1205244696479174,0.053771649358852855
250000.0,60000.0,574.3286761719899,-60119.81767811306,-100578.3632585848,0.1747498049229586,0.12053846063569959,0.05421134428725902
255000.0,60000.0,585.9035158366028,-61948.5343529933,-102708.02576474498,0.17516354043334326,0.12053529309357085,0.05462824733977241
260000.0,60000.0,597.4023380957894,-63785.15683803789,-104843.61762852842,0.17554075946917252,0.12051691307157342,0.05502384639759911
265000.0,60000.0,608.829482437004,-65629.23382655159,-106984.80036991369,0.17588456127224913,0.12048504774902274,0.05539951352322639
270000.0,60000.0,620.1889642199272,-67480.34772112756,-109131.26079084567,0.1761977476038956,0.12044123235175833,0.05575651525213726
275000.0,60000.0,631.4845043841788,-69257.8615440454,-111202.45865803404,0.17655900555007906,0.12038683340901768,0.05617217214106138
280000.0,60000.0,642.7195559484367,-70971.91618136258,-113208.62463602194,0.1769576535272551,0.12032306889776467,0.05663458462949042
285000.0,60000.0,653.8973276981184,-72691.92791939568,-115219.25843954676,0.1773287824609596,0.12025102573277417,0.05707775672818542
290000.0,60000.0,665.0208054035731,-74417.58623802838,-117234.12717852127,0.17767441273577309,0.1201716749870929,0.057502737748680186
295000.0,60000.0,676.092770864009,-76148.60183014307,-119253.0138726073,0.1779963930953259,0.12008588516664778,0.05791050792867811
300000.0,60000.0,687.1158190327292,-77884.70482059615,-121275.71611544711,0.17829641743043198,0.11999443381235447,0.05830198361807751
65000.0,65000.0,2.0353135313531254,-3653.672607260727,23808.995544554455,0.0020599737945669314,0.0016724022443328887,0.00038757155023404276
70000.0,65000.0,17.326174320155133,1826.4221292961302,-26033.808403027902,0.01644239555886608,0.013295570873148971,0.0031468246857171093
75000.0,65000.0,36.25399542243008,527.4155239327229,-27824.938357050458,0.03246859439339271,0.025908522922961412,0.006560071470431299
80000.0,65000.0,54.794268835922765,-811.8960410640284,-29646.29703079802,0.04645853545520926,0.03664037317355053,0.00981816228165873
85000.0,65000.0,72.98679801793293,-2187.373006134978,-31494.779754601233,0.058753256657494674,0.045857057379204876,0.012896199278289798
90000.0,65000.0,90.86611611999041,-3595.423923520997,-33367.692942640744,0.06962407777557654,0.053837997792255385,0.015786079983321155
95000.0,65000.0,108.46233032834078,-5032.917645852562,-35262.688234389425,0.07928923033878636,0.06079989195241388,0.018489338386372484
100000.0,65000.0,125.80180892079949,-6497.111872236856,-37177.70890417764,0.08792599548227921,0.06691311795631903,0.021012877525960177
105000.0,65000.0,142.9077441925968,-7985.594603969941,-39110.94595297746,0.09567969482750227,0.07231328770790386,0.023366407119598406
110000.0,65000.0,159.80061665101653,-9496.235868294287,-41060.801901220715,0.10267044005501773,0.07710953626306428,0.025560903791953443
115000.0,65000.0,176.49858010752308,-11027.147668817604,-43025.8607516132,0.10899826211325317,0.08139056938022064,0.027607692733032527
120000.0,65000.0,193.01778295938522,-12576.650572223938,-45004.86292916795,0.11474705286255894,0.08522914230060147,0.029517910561957475
125000.0,65000.0,208.62600949961626,-14156.895012039924,-46990.92125902994,0.11964413521017768,0.08836916762226749,0.031274967587910193
130000.0,65000.0,223.8142623843222,-15744.8167120305,-48973.737534022875,0.1240219269187749,0.09109249588291501,0.03292943103585988
135000.0,65000.0,238.767300943568,-17357.20070186892,-50974.90052640169,0.12798775003288923,0.09351857166901822,0.034469178363871006
140000.0,65000.0,253.50267429438975,-18992.221873383474,-52993.041405037606,0.13158979259811,0.09568638442051818,0.035903408177591814
145000.0,65000.0,268.0362281529621,-20648.232272091933,-55026.92420406895,0.13486947765417304,0.09762884105204414,0.037240636602128896
150000.0,65000.0,282.38230661344267,-22323.74011220195,-57075.43008415146,0.13786256765873026,0.09937386605600158,0.03848870160272867
155000.0,65000.0,297.7043268349571,-23897.750009164447,-59047.812506873335,0.1411454842600671,0.10133686598555791,0.03980861827450918
160000.0,65000.0,313.4392798981146,-25428.814890596084,-60987.98616794706,0.14443438451253884,0.10331154480554472,0.041122839706994124
165000.0,65000.0,328.8573305758407,-26992.83762011258,-62952.878215084434,0.14740164885934584,0.10506365774952518,0.04233799110982066
170000.0,65000.0,343.9868135274277,-28586.871393147507,-64940.27854486063,0.15008528459591916,0.10662188731447893,0.04346339728144023
175000.0,65000.0,358.8527832543461,-30208.31054154801,-66948.232906161,0.1525179689920677,0.10801060828196846,0.04450736071009925
180000.0,65000.0,373.47747540819023,-31854.842557548225,-68975.00691816118,0.15472791294516947,0.1092506284806029,0.04547728446456657
185000.0,65000.0,387.8806923767178,-33555.40799282136,-71050.05599461602,0.15670181683951165,0.11035978641083213,0.046342030428679515
190000.0,65000.0,402.08012726286523,-35556.16676466202,-73420.00007349651,0.15816514325881287,0.11135343632255913,0.046811706936253736
195000.0,65000.0,416.09163744267596,-37576.4697059617,-75804.60227947128,0.1594814246902889,0.11224484419818613,0.04723658049210276
200000.0,65000.0,429.79242998259,-39629.08728181064,-78213.44046135798,0.16061579738761655,0.11300947775679436,0.047606319630822194
205000.0,65000.0,442.8064197407217,-41708.132346964936,-80630.84926022371,0.16149540310155056,0.11356026625297158,0.047935136848578974
210000.0,65000.0,455.6568294203631,-43804.18974028225,-83061.01730521169,0.1622753960623708,0.11404360298155061,0.04823179308082018
215000.0,65000.0,468.3551915231466,-45916.06008159276,-85503.04506119457,0.16296665289926107,0.11446706190522654,0.04849959099403453
220000.0,65000.0,480.9119793764032,-47872.65414485405,-87786.11560864054,0.16376081599123135,0.11483726845379846,0.04892354753743289
225000.0,65000.0,493.3367260004725,-49612.98049595085,-89849.48537196314,0.1647206376803866,0.11516003372189657,0.049560603958490046
230000.0,65000.0,505.63812731937094,-51366.134758785425,-91922.47606908907,0.16560339745425698,0.115440467416305,0.05016293003795198
235000.0,65000.0,517.8241320690618,-53131.290264817595,-94004.4676986132,0.16641598266791843,0.1156830732741799,0.050732909393738534
240000.0,65000.0,529.9020203614962,-54907.689882404404,-96094.8924118033,0.16716456292457277,0.11589182996079223,0.05127273296378054
245000.0,65000.0,541.8784725399661,-56694.638855843514,-98193.22914188264,0.167854676234088,0.11607025989058606,0.05178441634350195
250000.0,65000.0,553.7596296972429,-58491.498511486745,-100298.99888361506,0.16849130346196434,0.11622148796538896,0.052269815496575375
255000.0,65000.0,565.5511470109547,-60297.6807108607,-102411.76053314553,0.16907893284293593,0.1163482918634364,0.05273064097949953
260000.0,65000.0,577.2582408714949,-62112.64294936454,-104531.1072120234,0.16962161603755352,0.11645314522321866,0.05316847081433486
265000.0,65000.0,588.8857306292982,-63935.88401455298,-106656.66301091474,0.1701230169679555,0.11653825483218215,0.05358476213577336
270000.0,65000.0,600.4380756647931,-65766.94013086152,-108788.08009814614,0.17058645447008852,0.11660559274050747,0.05398086172958105
275000.0,65000.0,611.9194083812097,-67525.13152835419,-110844.78614626564,0.1710887305555331,0.11665692406557648,0.0544318064899566
280000.0,65000.0,623.3335636339871,-69220.55938206533,-112836.98203654899,0.17162017829484189,0.11669383112630624,0.054926347168535644
285000.0,65000.0,634.6841050378516,-70922.60307606345,-114834.13980704758,0.17211839661416295,0.11671773444274479,0.05540066217141816
290000.0,65000.0,645.9743485313286,-72630.91775274184,-116836.00081455638,0.1725857478218692,0.1167299110508232,0.055855836771046
295000.0,65000.0,657.2073835265579,-74345.18211323797,-118842.32408492848,0.1730243966872315,0.11673151051147344,0.05629288617575805
300000.0,65000.0,668.3860919282489,-76065.0964394621,-120852.88482959657,0.17343632958253535,0.11672356893468969,0.05671276064784567
70000.0,70000.0,1.988615782664965,-3998.8160413971636,25346.387968952127,0.0018871798649252338,0.0015143814172950939,0.0003727984476301399
75000.0,70000.0,16.952922954760652,2287.603987295108,-27446.67200952867,0.015182811515996623,0.012115221725682395,0.003067589790314228
80000.0,70000.0,35.51924256724874,951.0012269938743,-29265.999079754594,0.030115777164469826,0.02375135812840047,0.0063644190360693555
85000.0,70000.0,53.7476046330662,-420.74911816111126,-31111.686838620833,0.04326600009163578,0.03376921657869898,0.009496783512936799
90000.0,70000.0,71.67049507449383,-1824.2685122526455,-32981.20138418948,0.05491587333491017,0.04246462950496421,0.01245124382994596
95000.0,70000.0,89.31636549829392,-3256.59798817744,-34872.32349113308,0.06529295337449526,0.050067386118659005,0.01522556725583625
100000.0,70000.0,106.71024059771406,-4715.1349778377335,-36783.1012333783,0.07458242622420876,0.05675844391679075,0.017823982307418003
105000.0,70000.0,123.87421902264055,-6197.581221645378,-38711.81091623403,0.08293635547915548,0.06268206170621335,0.020254293772942134
110000.0,70000.0,140.82788889743358,-7701.8995546669175,-40656.92466600019,0.09048063535759,0.0679545137770178,0.022526121580572198
115000.0,70000.0,157.58867448666393,-9226.277853386942,-42617.08339004021,0.09732028233492504,0.07267045398625914,0.0246498283486659
120000.0,70000.0,173.5510247148792,-10833.693429652572,-44639.52007223943,0.10317426872269027,0.07663337934490777,0.026540889377782498
125000.0,70000.0,189.10361375151797,-12419.724169842142,-46629.91812738161,0.10844831086347097,0.08009993088428966,0.028348379979181312
130000.0,70000.0,204.40240443470668,-13996.149938790506,-48604.11245409288,0.11326525751648796,0.08319186179678742,0.030073395719700538
135000.0,70000.0,219.466332418129,-15597.001428514573,-50596.62607138593,0.11764174567942716,0.08595891420673306,0.0316828314726941
140000.0,70000.0,234.31249537075757,-17220.50048144121,-52606.12536108091,0.1216284315532602,0.08844291512499197,0.033185516428268225
145000.0,70000.0,248.95637069802575,-18865.03744740531,-54631.40308555398,0.12526894556791032,0.0906792417997348,0.03458970376817552
150000.0,70000.0,263.4120030306656,-20529.151684810786,-56671.36376360809,0.1286010286035678,0.09269797892311124,0.03590304968045657
155000.0,70000.0,277.69216626809913,-22211.5147081177,-58725.011031088274,0.13165745926449718,0.0945248399226333,0.037132619341863876
160000.0,70000.0,291.80850411621213,-23910.915571913938,-60791.43667893545,0.13446681507579383,0.09618190597375212,0.038284909102041714
165000.0,70000.0,305.7716523772615,-25626.248152764805,-62869.811114573604,0.13705410080393746,0.0976882229707896,0.03936587783314785
170000.0,70000.0,319.5913456976157,-27356.500047447975,-64959.37503558598,0.13944126980203234,0.09906028692851873,0.040380982873513604
175000.0,70000.0,333.6867942573505,-29058.073397235537,-67027.43004792665,0.14182203542652527,0.10043593168358124,0.04138610374294403
180000.0,70000.0,348.7488810575127,-30659.116370018688,-69020.08727751402,0.1444831082490731,0.10201695402325926,0.04246615422581383
185000.0,70000.0,363.56556046216815,-32316.681711934507,-71062.88628395088,0.14687862784715586,0.10344164684529089,0.043436981001864966
190000.0,70000.0,378.1564374591345,-34276.73050425001,-73402.2978781875,0.14875434782645694,0.10472792839881444,0.0440264194276425
195000.0,70000.0,392.40893671496264,-36271.970581643895,-75768.10293623293,0.15040421545872917,0.10585620089424404,0.044548014564485136
200000.0,70000.0,405.9678014043156,-38339.348653951194,-78188.0114904634,0.15171240251693827,0.10674503788871792,0.044967364628220347
205000.0,70000.0,419.33217988931426,-40381.95329151131,-80578.08996863349,0.1529341409827103,0.10754016173602977,0.045393979246680524
210000.0,70000.0,432.5161135489527,-42443.32419090893,-82982.2431431817,0.15403417461952126,0.10825185260461649,0.04578232201490477
215000.0,70000.0,445.5323238604565,-44522.13831851253,-85399.4787388844,0.15502531602530528,0.10888910173123148,0.0461362142940738
220000.0,70000.0,458.3923639282044,-46447.19415146674,-87658.89561360006,0.1560924052222009,0.10945979557808744,0.04663260964411345
225000.0,70000.0,471.10674960599897,-48157.3980409761,-89699.67353073208,0.15729825111491913,0.10997087042570589,0.047327380689213244
230000.0,70000.0,483.6850733485268,-49881.75237175322,-91751.06427881491,0.15841347223769553,0.11042844266048803,0.0479850295772075
235000.0,70000.0,496.1361033889724,-51619.345247546866,-93812.38393566015,0.1594459818869473,0.11083791899188261,0.048608062895064696
240000.0,70000.0,508.4678704028429,-53369.341478104354,-95883.00610857827,0.16040287836437106,0.11120409002602509,0.04919878833834597
245000.0,70000.0,520.6877434621532,-55130.97467993607,-97962.35600995205,0.16129054211772817,0.11153120998184231,0.04975933213588586
250000.0,70000.0,532.8024967928538,-56903.540333543206,-100049.9052501574,0.16211471974130437,0.11182306482470578,0.050291654916598594
255000.0,70000.0,544.8183686089669,-58686.389664667426,-102145.16724850057,0.1628805968204484,0.11208303068342912,0.05079756613701927
260000.0,70000.0,556.741113099281,-60478.924237674786,-104247.6931782561,0.1635928612744897,0.11231412408700445,0.05127873718748524
265000.0,70000.0,568.5760464786769,-62280.59116621759,-106357.06837466318,0.16425575858205826,0.1125190452911784,0.051736713290879865
270000.0,70000.0,580.3280878799127,-64090.87886048907,-108472.90914536681,0.16487314005067671,0.11270021574877676,0.05217292430189996
275000.0,70000.0,592.001795747916,-65829.06324221673,-110514.60993166253,0.16551989417862875,0.11285981060144168,0.05266008357718707
280000.0,70000.0,603.6014003033011,-67505.20436845667,-112492.3407763425,0.16618739304706445,0.11299978692620952,0.053187606120854936
285000.0,70000.0,615.1308325616469,-69188.64341358874,-114475.54506019157,0.16681579350743556,0.11312190835186106,0.053693885155574494
290000.0,70000.0,626.5937503274585,-70878.99996594433,-116463.93747445825,0.16740780996434468,0.11322776656227963,0.054180043402065045
295000.0,70000.0,637.9935615244833,-72575.91960145372,-118457.25220109028,0.16796593258093093,0.11331880012321574,0.054647132457715186
300000.0,70000.0,649.3334451754772,-74279.07170175038,-120455.2412763128,0.16849244885021747,0.11339631100174909,0.05509613784846838
75000.0,75000.0,1.9483128834355625,-4494.624539877303,26733.281595092023,0.0017448830129369085,0.0013824609729088102,0.0003624220400280983
80000.0,75000.0,16.629093146142054,2753.9256871987745,-28855.68073460092,0.014099345240492204,0.01111970633711469,0.002979638903377513
85000.0,75000.0,34.878659820646874,1384.3806213472708,-30699.714533989547,0.028076787966618482,0.021914000177294928,0.006162787789323554
90000.0,75000.0,52.83092207578818,-16.084104118024698,-32566.93807808852,0.0404804825453619,0.031302218995727014,0.009178263549634885
95000.0,75000.0,70.51273700283144,-1444.6753517055186,-34455.25651377914,0.051546934581903285,0.039526781123574176,0.01202015345832911
100000.0,75000.0,87.94782139426451,-2898.926574996498,-36362.81993124737,0.061468907426098854,0.046778842032872574,0.01469006539322628
105000.0,75000.0,105.15719768734397,-4376.651440516231,-38287.98858038717,0.07040492200395129,0.05321099100601267,0.017193930997938624
110000.0,75000.0,122.15956601394271,-5875.9051345499465,-40229.30385091246,0.07848640801538298,0.058946377572519776,0.019540030442863204
115000.0,75000.0,138.47603993014206,-7446.491847265221,-42224.118885448916,0.08551710550598127,0.06385685215465386,0.021660253351327402
120000.0,75000.0,154.39296511871356,-9058.631627653784,-44250.09872074034,0.09178500270004694,0.06817392570032527,0.023611076999721675
125000.0,75000.0,170.0375079258455,-10635.099175712065,-46233.32438178405,0.09751416248566523,0.07202396803740482,0.02549019444826041
130000.0,75000.0,185.42999054186828,-12201.780983645702,-48200.210737734276,0.10275209671867468,0.075470081620622,0.02728201509805267
135000.0,75000.0,200.58876258855292,-13792.768690790486,-50185.326518092865,0.10752269805846654,0.07856509034531012,0.02895760771315642
140000.0,75000.0,215.53043478260872,-15406.334782608697,-52187.37608695652,0.11187891918918356,0.08135349299305808,0.030525426196125485
145000.0,75000.0,230.27008015312833,-17040.911664074665,-54205.183748056,0.11586644702339938,0.0838729943680667,0.03199345265533268
150000.0,75000.0,244.821407950379,-18695.073573160567,-56237.680179870425,0.11952486798001812,0.08615571596207268,0.033369152017945436
155000.0,75000.0,259.19691447425737,-20367.520894677233,-58283.890671007925,0.12288862040109395,0.0882291610108493,0.03465945939024466
160000.0,75000.0,273.408014318703,-22057.06651085487,-60342.92488314115,0.12598777754260282,0.0901169895830009,0.03587078795960191
165000.0,75000.0,287.465154935893,-23762.623886667134,-62413.96791500035,0.12884869482143402,0.09183964547852373,0.037009049342910286
170000.0,75000.0,301.377916942173,-25483.196638013993,-64496.272478510495,0.13149454762917745,0.09341486660423569,0.03807968102494176
175000.0,75000.0,315.1551021939433,-27217.869371829904,-66589.15202887243,0.13394578040666663,0.09485810304279278,0.03908767736387385
180000.0,75000.0,328.8048113385611,-28965.79962078965,-68691.97471559224,0.13622048336152504,0.09618286148829445,0.04003762187323058
185000.0,75000.0,342.3345122789477,-30757.21072298943,-70835.15804224208,0.13830139291614604,0.0974009905588917,0.04090040235725434
190000.0,75000.0,355.662718085445,-32848.57731911371,-73273.05798933528,0.139906055891757,0.09849844134361828,0.041407614548138724
195000.0,75000.0,368.53862576562244,-34986.982920375274,-75746.23719028145,0.1412550981599576,0.09941694787311099,0.041838150286846607
200000.0,75000.0,381.6569678233419,-37100.175346372445,-78200.50650977934,0.14262731015985813,0.10035275543988684,0.0422745547199713
205000.0,75000.0,395.3837244663368,-39105.09265550098,-80562.31949162573,0.1441999282663322,0.10139844189426876,0.04280148637206345
210000.0,75000.0,408.9125944673913,-41130.59017539129,-82939.56763154347,0.1456281327035062,0.10234427000011719,0.043283862703389006
215000.0,75000.0,422.2575289631126,-43175.21698783629,-85331.16274087722,0.14692672869247014,0.10320068952492834,0.04372603916754181
220000.0,75000.0,435.4311977822144,-45067.6554306497,-87566.11657298727,0.1482736369955218,0.10397688453865263,0.04429675245686916
225000.0,75000.0,448.44513324207895,-46746.706142823794,-89583.52960711785,0.14973174389662292,0.10468094902492371,0.045050794871699204
230000.0,75000.0,461.30985500511326,-48441.27507946821,-91612.58130960116,0.1510852824192294,0.10532003503743301,0.04576524738179638
235000.0,75000.0,474.0349788428821,-50150.362200340256,-93652.52165025519,0.1523432222208274,0.10590047816599589,0.04644274405483152
240000.0,75000.0,486.62931167686645,-51873.05158560589,-95702.66368920442,0.15351361773871797,0.10642790417050965,0.047085713568208315
245000.0,75000.0,499.10093487438894,-53608.50277306355,-97762.37707979766,0.1546037166576908,0.10690731992168617,0.04769639673600462
250000.0,75000.0,511.4572774588225,-55355.94314428246,-99831.08235821183,0.15562005376097862,0.10734319121364996,0.04827686254732866
255000.0,75000.0,523.70518063064,-57114.66121441343,-101908.24591081007,0.15656853236588072,0.10773950955354908,0.048829022812331646
260000.0,75000.0,535.8509547791481,-58884.00070296861,-103993.37552722645,0.157454495179981,0.10809984966293082,0.04935464551705018
265000.0,75000.0,547.9004299851401,-60663.35528154543,-106086.01646115907,0.15828278611455748,0.10842741912601152,0.049855366988545965
270000.0,75000.0,559.8590008652855,-62452.163910010306,-108185.74793250773,0.15905780434566003,0.10872510137656609,0.05033270296909394
275000.0,75000.0,571.731666484298,-64169.656685633,-110211.93001422475,0.15985249641936614,0.10899549301661325,0.050857003402752884
280000.0,75000.0,583.523065956379,-65825.8511405366,-112174.70085540245,0.16065929778392282,0.1092409362974745,0.05141836148644832
285000.0,75000.0,595.2375102695044,-67490.04893197154,-114143.47419897866,0.16142097314077747,0.10946354746012303,0.05195742568065444
290000.0,75000.0,606.8790107919631,-69161.83287763584,-116117.93715822688,0.16214059916319964,0.1096652415214623,0.052475357641737344
295000.0,75000.0,618.4513048577851,-70840.81429479037,-118097.79822109279,0.16282100077642409,0.10984775400187463,0.052973246774549454
300000.0,75000.0,629.957878774414,-72526.63060746096,-120082.78545559573,0.16346477523347822,0.11001266001353262,0.0534521152199456
80000.0,80000.0,1.913175433200081,-4990.970245052806,28119.772316210394,0.0016221282003326953,0.0012708231889837541,0.0003513050113489412
85000.0,80000.0,16.3454786532825,3224.4297799413835,-30261.552665043964,0.013157860443061881,0.01026974155394483,0.002888118889117051
90000.0,80000.0,34.31523340794871,1825.7842744266673,-32127.41179418,0.02629326069716839,0.020331709325159895,0.005961551372008496
95000.0,80000.0,52.02142376588847,399.728071652411,-34013.82894626069,0.03802922765017679,0.02916124828409944,0.008867979366077354
100000.0,80000.0,69.48650647725441,-1051.4033263655438,-35919.05249477416,0.048565837860446624,0.03695939545044422,0.011606442410002402
105000.0,80000.0,86.73045754122154,-2525.5324157129508,-37841.52431178471,0.05806783779757969,0.043886806587360556,0.01418103121021913
110000.0,80000.0,103.40105514540494,-4059.290264877898,-39808.71769865842,0.06643423571459883,0.04989472242642309,0.016539513288175746
115000.0,80000.0,119.68231648590927,-5633.539085465425,-41806.27931409907,0.07391087506032816,0.05519031301893585,0.01872056204139231
120000.0,80000.0,135.67261141698418,-7238.048412633652,-43826.53630947524,0.08065594825292303,0.05990774594683586,0.020748202306087177
125000.0,80000.0,151.3936486656076,-8806.560538776801,-45803.7954040826,0.08682216668168313,0.06412685910048219,0.022695307581200946
130000.0,80000.0,166.86502980634828,-10365.036900139763,-47764.52767510482,0.09246471744685278,0.06791413504531879,0.024550582401533988
135000.0,80000.0,182.1044988671917,-11947.632117812056,-49743.34908835904,0.09761447647467973,0.0713253136474795,0.02628916282720023
140000.0,80000.0,197.1281572755912,-13552.671643338515,-51739.00373250389,0.10232654706048097,0.0744074226817655,0.027919124378715465
145000.0,80000.0,211.950649632659,-15178.632438203465,-53750.3493286526,0.10664854374874345,0.07720037110825045,0.029448172640493
150000.0,80000.0,226.5853248323025,-16824.126217440527,-55776.344663080396,0.11062178452253503,0.07973821019517426,0.030883574327360774
155000.0,80000.0,241.04437626014442,-18487.884868944995,-57816.038651708746,0.11428226649277215,0.08205013985970196,0.03223212663307019
160000.0,80000.0,255.3389641741706,-20168.747725886264,-59868.5607944147,0.11766146905567651,0.08416131777247579,0.03350015128320072
165000.0,80000.0,269.47932285430545,-21865.650423152227,-61933.11281736417,0.12078701865234548,0.08609351446526188,0.0346935041870836
170000.0,80000.0,283.4748546875155,-23577.615112498403,-64008.9613343738,0.12368324182336787,0.08786564724106964,0.03581759458229823
175000.0,80000.0,297.33421300983196,-25303.74184697747,-66095.4313852331,0.12637162757623724,0.08949421798818771,0.036877409588049526
180000.0,80000.0,311.06537524214207,-27043.200974817213,-68191.90073111291,0.12887121572222973,0.09099367426808233,0.0378775414541474
185000.0,80000.0,324.5950452967094,-28834.61528914224,-70335.08646685668,0.1311347389410586,0.0923537587020906,0.03878098023896799
190000.0,80000.0,337.69341102126157,-30949.885253788787,-72790.91394034159,0.13283751946491165,0.09352196040298248,0.03931555906192917
195000.0,80000.0,350.6632762178938,-33078.51927333904,-75256.76445500428,0.13440375591662443,0.09459489512217259,0.03980886079445184
200000.0,80000.0,363.5116233965998,-35219.791166753625,-77732.09337506522,0.1358462950449754,0.09558162464666567,0.04026467039830972
205000.0,80000.0,376.2449381764517,-37328.026429649035,-80171.39482223678,0.13721984426355463,0.09649018950689218,0.040729654756662445
210000.0,80000.0,388.86925271283144,-39447.597717865545,-82619.19828839916,0.13848999493923264,0.097327742732462,0.04116225220677064
215000.0,80000.0,401.39018464836886,-41577.92079656964,-85075.06559742722,0.13966582645540773,0.09810066365416696,0.04156516280124077
220000.0,80000.0,413.8129721167877,-43548.45089985407,-87368.58817489055,0.14091216872882684,0.09881465508565677,0.04209751364317006
225000.0,80000.0,426.14250525855323,-45298.67945311045,-89439.38458983283,0.14228509962754962,0.09947482660324275,0.04281027302430687
230000.0,80000.0,438.5124722891304,-47044.702881930454,-91507.02716144784,0.1436188279988586,0.10011524454713995,0.04350358345171866
235000.0,80000.0,451.5207584307909,-48724.34112319775,-93524.88084239831,0.1451077036695588,0.10087075079651976,0.04423695287303904
240000.0,80000.0,464.3863441835666,-50418.820204909076,-95553.8651536818,0.1464967810476135,0.10156327239424583,0.04493350865336766
245000.0,80000.0,477.1180467766733,-52127.223135225984,-97593.29235141948,0.14779419985397593,0.10219858971011768,0.04559561014385825
250000.0,80000.0,489.7239716951491,-53848.7069437045,-99642.53020777839,0.1490073055209872,0.10278186713222161,0.0462254383887656
255000.0,80000.0,502.21158307597364,-55582.495360098736,-101700.99652007406,0.15014273947923287,0.10331772847379622,0.04682501100543665
260000.0,80000.0,514.5877659110959,-57327.872345246025,-103768.15425893452,0.1512065177540275,0.10381032195099775,0.04739619580302974
265000.0,80000.0,526.8588811486878,-59084.17636053648,-105843.50727040236,0.15220409956545305,0.10426337633668147,0.04794072322877159
270000.0,80000.0,539.0308146209119,-60850.79527942516,-107926.59645956887,0.15314044735503857,0.10468024962387557,0.048460197731163
275000.0,80000.0,551.1090205903554,-62546.91185860302,-109936.74639395226,0.15408653727774518,0.1050639713110912,0.04902256596665398
280000.0,80000.0,563.0985605932208,-64182.49969830504,-111884.06227372878,0.15503589250541708,0.10541727924010123,0.049618613265315845
285000.0,80000.0,575.0041381614242,-65826.81963121187,-113837.9272234089,0.15593393551418877,0.10574265176753073,0.050191283746658044
290000.0,80000.0,586.8301299248421,-67479.41648781643,-115797.99986586232,0.156784115418434,0.10604233592837113,0.05074177949006288
295000.0,80000.0,598.5806135264633,-69139.86619324783,-117763.96214493588,0.15758960127371108,0.10631837214745013,0.05127122912626095
300000.0,80000.0,610.2593927250596,-70807.77315659379,-119735.51736744534,0.15835330873231776,0.10657261597004035,0.05178069276227741
85000.0,85000.0,1.8822701869339085,-5487.756099441125,29505.932925419154,0.0015151987262752157,0.0011752323341885987,0.000339966392086617
90000.0,85000.0,16.09502613751249,3698.382718301291,-31664.837961274032,0.012332444693887123,0.009536271810202926,0.0027961728836841965
95000.0,85000.0,33.81581526716491,2273.844787785143,-33550.11640916114,0.024720379487471623,0.018955870746114604,0.005764508741357019
100000.0,85000.0,51.30134906850037,824.840303124045,-35453.744772656966,0.03585578160701639,0.027286835149564453,0.008568946457451938
105000.0,85000.0,68.32607036066793,-672.0886824905465,-37393.31651186791,0.04574571936466002,0.034573933077291,0.01117178628736902
110000.0,85000.0,84.97166785310498,-2208.4465432770958,-39362.45990745782,0.05459352231249099,0.041001881225283573,0.013591641087207416
115000.0,85000.0,101.30771490812299,-3776.997649555211,-41355.74823716641,0.06256347703717105,0.04671704777431091,0.01584642926286014
120000.0,85000.0,117.35730678934686,-5375.340093907929,-43371.38007043095,0.0697676912432381,0.051820420103308625,0.01794727113992948
125000.0,85000.0,133.14129702414374,-6937.30510948904,-45343.72883211678,0.07635469509013632,0.056395583764421775,0.01995911132571454
130000.0,85000.0,148.67856295177478,-8488.929453015415,-47299.32208976156,0.08238707253217985,0.06051223563360797,0.02187483689857188
135000.0,85000.0,163.98623439805397,-10064.431622602395,-49272.823716951796,0.08790244348380612,0.06422888877029019,0.023673554713515926
140000.0,85000.0,179.07989131493895,-11662.191303246364,-51263.01847743477,0.09295793751374407,0.06759497654232474,0.025362960971419324
145000.0,85000.0,193.97373519034767,-13280.731540203851,-53268.79865515289,0.09760298644712129,0.07065250504257431,0.026950481404546978
150000.0,85000.0,208.68073820158583,-14918.703227035061,-55289.152420276296,0.10188054178894633,0.07343736218891248,0.028443179600033855
155000.0,85000.0,223.21277341244814,-16574.871565105394,-57323.153673829045,0.10582807220601397,0.07598036328878076,0.029847708917233207
160000.0,85000.0,237.58072876643786,-18248.10420829046,-59369.953156217845,0.10947838555070422,0.07830809244095464,0.031170293109749572
165000.0,85000.0,251.79460718108783,-19937.360853166872,-61428.770639875154,0.11286030999337635,0.08044358441311696,0.03241672558025939
170000.0,85000.0,265.86361468110294,-21641.684073165292,-63498.88805487397,0.11599926132032248,0.0824068808768112,0.03359238044351129
175000.0,85000.0,279.7962382053364,-23360.191226645024,-65579.64341998377,0.11891771772173336,0.08421548694564547,0.03470223077608789
180000.0,85000.0,293.5273725079737,-25099.653259170736,-67676.11494437806,0.1216053998726428,0.08586341087292497,0.035741988999717825
185000.0,85000.0,306.8481962769008,-26912.78758720233,-69835.59069040175,0.12396510266053042,0.08730442650849643,0.036660676152033986
190000.0,85000.0,320.0323121876795,-29019.13953248132,-72284.72964936099,0.12589022205397704,0.08863083569672213,0.03725938635725491
195000.0,85000.0,333.08714872329904,-31138.93653277689,-74743.95239958266,0.12766710081198465,0.08985356048645779,0.03781354032552686
200000.0,85000.0,346.01960573939743,-33271.46100310265,-77212.72075232699,0.12930943174088314,0.09098227937566325,0.038327152365219885
205000.0,85000.0,358.83610066519236,-35371.04553082,-79645.534148115,0.13087068782391578,0.09202559248480995,0.03884509533910584
210000.0,85000.0,371.5426099422141,-37482.06856600975,-82086.92642450731,0.13231936907237166,0.09299116168823825,0.03932820738413341
215000.0,85000.0,384.14470626384923,-39603.95054855969,-84536.46291141977,0.1336651715233425,0.09388582996052039,0.03977934156282212
220000.0,85000.0,396.6475921038914,-41566.150421195314,-86823.73781589649,0.1350669896560233,0.09471572339506233,0.04035126626096096
225000.0,85000.0,409.0561299584982,-43308.16248431617,-88888.37186323712,0.13658011460061134,0.09548633871649775,0.04109377588411359
230000.0,85000.0,421.37486967136397,-45059.513554178164,-90960.01016563363,0.13800602891511682,0.09620261860044137,0.04180341031467545
235000.0,85000.0,433.60807316512785,-46819.76039082672,-93038.32029312005,0.139351005717311,0.0968690167061343,0.04248198901117668
240000.0,85000.0,445.7597368617777,-48588.487366375106,-95122.99052478133,0.14062077274405893,0.09748955399813446,0.043131218745924474
245000.0,85000.0,457.83361204013374,-50365.304347826095,-97213.72826086957,0.14182056791785855,0.09806786766607467,0.04375270025178388
250000.0,85000.0,469.8332233485082,-52149.84477175516,-99310.25857881637,0.142955188436194,0.09860725373388558,0.044347934702308425
255000.0,85000.0,481.76188566468534,-53941.76389087271,-101412.32291815453,0.1440290342316426,0.09911070427182524,0.04491832995981736
260000.0,85000.0,493.6227194728285,-55740.737174825845,-103519.6778811194,0.14504614652781075,0.09958093997837977,0.04546520654943098
265000.0,85000.0,505.4513999693203,-57543.054403190676,-105629.540802393,0.14601969893474512,0.10002691692318832,0.04599278201155679
270000.0,85000.0,517.8435291467918,-59286.77296873367,-107695.45472655026,0.1471210690788123,0.10056566049070514,0.04655540858810717
275000.0,85000.0,530.1338580660881,-60960.828761126846,-109689.05907084513,0.1482220167537659,0.10106524548487551,0.04715677126889038
280000.0,85000.0,542.3278842138263,-62575.150041762055,-111620.42503132153,0.14931717721154714,0.10152881575408969,0.04778836145745745
285000.0,85000.0,554.4307162374059,-64198.95551130979,-113558.90413348234,0.15035468062766927,0.10195922127408408,0.04839545935358519
290000.0,85000.0,566.4471077260961,-65831.750796486,-115504.1255973645,0.1513383587300479,0.1023590497830062,0.048979308947041694
295000.0,85000.0,578.3814875305181,-67473.07529682612,-117455.74397261959,0.15227173407279193,0.10273065455994229,0.04954107951284964
300000.0,85000.0,590.2379870274135,-69122.499349149,-119413.43701186175,0.15315804934673594,0.10307617887127223,0.05008187047546371
90000.0,90000.0,1.8548759429246502,-5984.90709806417,30891.819676451873,0.0014212561560757652,0.0010925371418612864,0.00032871901421447887
95000.0,90000.0,15.87224059577909,4175.213021961012,-33065.96523352924,0.011603085944969074,0.008897379489678245,0.0027057064552908298
100000.0,90000.0,33.2510855759308,2715.112899896805,-34977.915325077396,0.023240006047693572,0.017686023996035367,0.0055539820516582045
105000.0,90000.0,50.26101922030068,1216.6459989112627,-36918.64050081655,0.03365079343941334,0.025432768279316058,0.00821802516009728
110000.0,90000.0,66.94281839926174,-315.9468864767696,-38884.96016485758,0.04301015082179046,0.0323023139152371,0.010707836906553359
115000.0,90000.0,83.32096491308613,-1880.1196490390575,-40874.96473677929,0.05145560019572434,0.038422636439648106,0.013032963756076231
120000.0,90000.0,99.41756424193915,-3473.5733188383165,-42886.92998912874,0.05910270196159638,0.04389892786064362,0.015203774100952756
125000.0,90000.0,115.25262703635781,-5030.226788218773,-44855.29509116408,0.06609578990433375,0.048818355591953716,0.017277434312380033
130000.0,90000.0,130.84431152051678,-6576.191601866245,-46806.643701399684,0.07250460032466484,0.053253688042538376,0.019250912282126463
135000.0,90000.0,146.20913299721883,-8145.7501682892325,-48775.687626216924,0.07837328600952885,0.05726608806495269,0.02110719794457616
140000.0,90000.0,161.36214554839273,-9737.336862967146,-50761.25264722536,0.08376089650731135,0.06090728759702405,0.022853608910287294
145000.0,90000.0,176.31710014302723,-11349.521585125156,-52762.26618884387,0.0887185861465638,0.06422129673753478,0.024497289409029024
150000.0,90000.0,191.08658265072557,-12980.995404324553,-54777.746553243414,0.09329085538430518,0.0672457587628768,0.02604509662142837
155000.0,90000.0,205.68213467857026,-14630.557993428694,-56806.79349507152,0.09751656891082257,0.07001303319686349,0.027503535713959082
160000.0,90000.0,220.11435967466014,-16297.106593835342,-58848.57994537651,0.10142979550079158,0.07255106807055048,0.0288787274302411
165000.0,90000.0,234.39301635237382,-17979.626299353113,-60902.344724514835,0.10506050459923576,0.07488410735987958,0.03017639723935618
170000.0,90000.0,248.52710116853086,-19677.181478472776,-62967.38610885458,0.1084351470516576,0.07703326852461556,0.03140187852704204
175000.0,90000.0,262.4596997192382,-21395.691229199234,-65048.143421899425,0.11154942141015531,0.07899738594499077,0.03255203546516454
180000.0,90000.0,276.00298153254005,-23154.68992061584,-67159.26744046187,0.11434522323601838,0.08073712922578297,0.033608094010235415
185000.0,90000.0,289.4013481574651,-24959.759791623626,-69312.69484371772,0.11691666521012152,0.08234045054927769,0.03457621466084383
190000.0,90000.0,302.66267404999803,-27058.081898800214,-71755.81142410016,0.11905757572772858,0.08382042910568532,0.03523714662204326
195000.0,90000.0,315.7942733023432,-29169.8955765563,-74209.04668241722,0.12103901180237155,0.0851886359056766,0.035850375896694944
200000.0,90000.0,328.80294861755317,-31294.493343774462,-76671.87000783085,0.12287547218490348,0.08645533731170872,0.03642013487319476
205000.0,90000.0,341.6950352360593,-33386.21633544983,-79098.78725158738,0.12461919022212228,0.08762966716120753,0.036989523060914756
210000.0,90000.0,354.47644041091064,-35489.45019726531,-81534.33764794898,0.12624150687181432,0.08871977292200454,0.037521733949809774
215000.0,90000.0,367.15267894922965,-37603.62138928013,-83978.0910419601,0.1277527062244508,0.08973294027824229,0.038019765946208525
220000.0,90000.0,379.7289052697615,-39558.193851944816,-86259.64538895861,0.129305814887514,0.09067569972092542,0.03863011516658858
225000.0,90000.0,392.2099423685289,-41292.665993672985,-88318.62449525474,0.13095532606155474,0.0915539180620006,0.03940140799955415
230000.0,90000.0,404.6003080350015,-43036.56796435983,-90384.67597326987,0.13251213071461013,0.0923728772669082,0.04013925344770193
235000.0,90000.0,416.90423861852435,-44789.459183673476,-92457.46938775512,0.1339828027537137,0.09313734257945071,0.04084546017426298
240000.0,90000.0,429.12571060797086,-46550.92609677103,-94536.69457257827,0.1353733503498273,0.09385162157271279,0.04152172877711452
245000.0,90000.0,441.26846025582165,-48320.58013339456,-96622.06010004593,0.13668927311574006,0.09451961548377323,0.042169657631966825
250000.0,90000.0,453.33600145034234,-50098.05584916439,-98713.29188687328,0.1379356126635019,0.09514486396497393,0.042790748698527975
255000.0,90000.0,465.33164201565137,-51883.00923037226,-100810.1319227792,0.13911699740312516,0.09573058420033656,0.043386413202788604
260000.0,90000.0,477.25849859868265,-53675.116145737,-102912.33710930275,0.14023768232004555,0.09627970518432169,0.04395797713572386
265000.0,90000.0,489.1195102839322,-55474.07093047106,-105019.6781978533,0.14130158436420365,0.09679489783518472,0.04450668652901893
270000.0,90000.0,500.91745106104963,-57279.58508965082,-107131.93881723812,0.14231231399522806,0.09727860151168409,0.04503371248354397
275000.0,90000.0,512.6549412564791,-59011.136109326166,-109168.66458199461,0.14333502404282575,0.09773304741585002,0.045601976626975724
280000.0,90000.0,524.3344580282032,-60678.96636506688,-111140.16227380016,0.14436311218076536,0.09816027929273256,0.0462028328880328
285000.0,90000.0,535.9583450119661,-62352.58211875554,-113115.99908906667,0.14534520443038101,0.09856217177795702,0.04678303265242399
290000.0,90000.0,547.5288211979486,-64031.75259541336,-115096.00194656002,0.14628393724196245,0.09894044669344784,0.04734349054851461
295000.0,90000.0,559.0479891085798,-65716.25913270771,-117080.0068495308,0.1471817624988888,0.09929668754917323,0.047885074949715584
300000.0,90000.0,570.5178423408489,-67405.89439655171,-119067.85829741378,0.14804096274876785,0.09963235247284474,0.04840861027592311
95000.0,95000.0,1.8238992088062673,-6141.685517715843,32447.985861713118,0.0013333252572020652,0.0010167098200969716,0.00031661543710509357
100000.0,95000.0,15.550370587496388,4301.738541099621,-34644.821094175284,0.010868538582658765,0.008271135290595845,0.0025974032920629206
105000.0,95000.0,32.57792189040043,2805.1038766016427,-36584.17209254877,0.021811593501797052,0.016484877372434144,0.005326716129362908
110000.0,95000.0,49.28462303682551,1275.1007958298433,-38548.54940312762,0.031664921207325954,0.023781600515152802,0.007883320692173151
115000.0,95000.0,65.69383145973455,-285.8415281875932,-40536.131146140695,0.040569807736185945,0.030294058705847584,0.010275749030338361
120000.0,95000.0,81.82669112094078,-1875.5241234221612,-42545.26809256662,0.048645111904526354,0.036131482781570946,0.012513629122955408
125000.0,95000.0,97.70238864297966,-3427.9515811301244,-44510.46368584759,0.05603097056400098,0.04138447924012693,0.01464649132387405
130000.0,95000.0,113.33837467949877,-4969.309033332131,-46458.3567749991,0.0628040566845402,0.04612876462332062,0.01667529206121958
135000.0,95000.0,128.75055590643785,-6533.94218573047,-48423.70663929785,0.06901486887370456,0.0504280445537553,0.018586824319949263
140000.0,95000.0,143.95346208446864,-8120.339943215251,-50405.37995741144,0.07472428554137088,0.05433625641236004,0.02038802912901084
145000.0,95000.0,158.960391889003,-9727.119243543682,-52402.33943265776,0.07998510190024682,0.057899333012721384,0.02208576888752544
150000.0,95000.0,173.78354059070267,-11353.011778566928,-54413.633833925196,0.08484329422047056,0.06115660181584512,0.02368669240462544
155000.0,95000.0,188.4341121682324,-12996.852334503841,-56438.38925087788,0.08933905763434113,0.06414190406606324,0.025197153568277897
160000.0,95000.0,202.92241802364492,-14657.568525540933,-58475.8013941557,0.09350766298521469,0.06688449669905387,0.02662316628616082
165000.0,95000.0,217.25796413172526,-16334.171730300586,-60525.12879772544,0.09738016812568981,0.06940978431870508,0.02797038380698473
170000.0,95000.0,231.39202693050254,-18031.72919922773,-62590.1718994208,0.10095892298593008,0.07172209413453502,0.029236828851395058
175000.0,95000.0,245.1577667881794,-19767.592254029354,-64683.944190522016,0.1041958329933373,0.07378970082300322,0.030406132170334083
180000.0,95000.0,258.77038412725085,-21519.380050765903,-66789.66003807442,0.10720593370261197,0.07569620381301638,0.03150972988959559
185000.0,95000.0,272.2381993766969,-23317.22726482351,-68937.67044861763,0.10998284084223796,0.07745719270528244,0.03252564813695552
190000.0,95000.0,285.5689408652887,-25408.330150009977,-71375.37261250749,0.11233346136676209,0.0790864325695821,0.03324702879717999
195000.0,95000.0,298.769796569914,-27512.94115672895,-73823.20586754671,0.11451379581730253,0.08059611453194335,0.033917681285359186
200000.0,95000.0,311.84746052990465,-29630.364104889915,-76280.64807866744,0.11653911293491806,0.08199706694623411,0.03454204598868395
205000.0,95000.0,324.8081745579718,-31714.94984597093,-78702.21238447819,0.1184604033329794,0.08329893411559515,0.03516146921738425
210000.0,95000.0,337.6577657945678,-33811.09235736495,-81132.44426802371,0.12025178630056109,0.08451032816713928,0.035741458133421805
215000.0,95000.0,350.40168058102495,-35918.22521957342,-83570.91891468006,0.12192410821551344,0.08563895861242173,0.03628514960309172
220000.0,95000.0,363.0450150656935,-37865.81843316788,-85847.23882487591,0.12362459339399022,0.08669174327903631,0.03693285011495391
225000.0,95000.0,375.59254290487524,-39593.37553789298,-87901.03165341973,0.1254069277932285,0.08767490362470377,0.03773202416852474
230000.0,95000.0,388.048740375271,-41330.43100097182,-89961.94825072886,0.12709126608919766,0.08859404690606985,0.038497219183127804
235000.0,95000.0,400.4178091758081,-43076.54784571595,-92029.66088428696,0.12868446846127282,0.08945423724090504,0.039230231220367784
240000.0,95000.0,412.70369716313496,-44831.31549503398,-94103.86162127549,0.13019281018511025,0.09026005725207777,0.039932752933032487
245000.0,95000.0,424.9101172359992,-46594.3478074561,-96184.26085559207,0.13162204031269503,0.09101566169725313,0.040606378615441904
250000.0,95000.0,437.040564558474,-48365.28128591871,-98270.58596443903,0.1329774335996106,0.09172482425631104,0.04125260934329955
255000.0,95000.0,449.0983322900513,-50143.773441834666,-100362.580081376,0.1342638365538905,0.09239097845849356,0.041872858095396925
260000.0,95000.0,461.08652597146477,-51929.50129896765,-102460.00097422572,0.13548570835532145,0.09301725357503829,0.04246845478028316
265000.0,95000.0,473.0080766983881,-53722.16002336763,-104562.62001752571,0.1366471572883046,0.0936065061740428,0.043040651114261794
270000.0,95000.0,484.865753200512,-55521.46166714677,-106670.22125036007,0.13775197324198296,0.09416134792737868,0.04359062531460428
275000.0,95000.0,496.6621729306621,-57246.88401521114,-108702.35051140835,0.13886354888865285,0.09468417017052995,0.0441793787181229
280000.0,95000.0,508.39981225734016,-58908.66952523663,-110669.31464392747,0.13997588372427486,0.09517716564198991,0.044798718082284944
285000.0,95000.0,520.0810158441311,-60576.32435221037,-112640.68076415779,0.14103947120468432,0.09564234776667051,0.04539712343801382
290000.0,95000.0,531.7080052906721,-62249.6174497701,-114616.27558732757,0.1420570707251769,0.09608156779553713,0.04597550292963977
295000.0,95000.0,543.282887102122,-63928.329741379304,-116595.93480603448,0.1430312502987017,0.09649653006964772,0.046534720229053986
300000.0,95000.0,554.8076600472418,-65612.25335508684,-118579.50251631513,0.14396440222936038,0.0968888056395554,0.04707559658980498
100000.0,100000.0,1.7869746184608175,-6137.845360319916,34084.61597976006,0.0012489607548382057,0.00094545073623339,0.0003035100186048157
105000.0,100000.0,15.248281160564773,4270.321240698744,-36302.13406947594,0.010209040079175564,0.007715840375514461,0.002493199703661103
110000.0,100000.0,31.970098677529904,2741.890262463101,-38265.332303152674,0.02054049708076302,0.015426720715930693,0.005113776364832326
115000.0,100000.0,48.40075520552381,1183.1785413744801,-40251.24109396914,0.02989031526008418,0.022319528135639373,0.007570787124444808
120000.0,100000.0,64.56046576544236,-403.71156039400375,-42258.2836702955,0.03838052154799363,0.028507389523139522,0.009873132024854108
125000.0,100000.0,80.46761636177865,-1952.8678983750287,-44221.02592378127,0.04614706668224443,0.03408422706015192,0.012062839622092508
130000.0,100000.0,96.13896626448297,-3490.5475084937643,-46166.16063137032,0.05327336927092757,0.03912859839824297,0.014144770872684606
135000.0,100000.0,111.58982402590999,-5051.158301305375,-48128.49372597903,0.05981610734468959,0.043706658803194534,0.016109448541495056
140000.0,100000.0,126.8342011272805,-6633.243082762841,-50106.93231207213,0.06583790986482377,0.04787446980792214,0.017963440056901626
145000.0,100000.0,141.88494650283508,-8235.465563705162,-52100.47417277887,0.0713931424632166,0.051679815766911996,0.0197133266963046
150000.0,100000.0,156.75386466180458,-9856.598075172311,-54108.19855637923,0.07652919381485328,0.05516364582993041,0.021365547984922864
155000.0,100000.0,171.4518196949159,-11495.510751728754,-56129.258063796566,0.0812875324164319,0.05836122793417053,0.02292630448226137
160000.0,100000.0,185.98882709491977,-13151.161982128338,-58162.871486596254,0.08570457977186455,0.06130307933962011,0.024401500432244434
165000.0,100000.0,200.32435414176706,-14827.767169256229,-60212.20037694217,0.0897901228337382,0.0639998182360466,0.025790304597691605
170000.0,100000.0,214.31255204381864,-16540.494587442867,-62288.62094058215,0.09350695753751496,0.06642815327649895,0.027078804261016012
175000.0,100000.0,228.13942009703646,-18270.00030990821,-64377.62523243116,0.09696277310343727,0.06866737193539103,0.02829540116804624
180000.0,100000.0,241.81372470339613,-20015.372630846803,-66478.5294731351,0.1001809624635632,0.07073599651547333,0.029444965948089874
185000.0,100000.0,255.34360842823457,-21806.764723463595,-68621.6985425977,0.10315751246571442,0.07265034491622091,0.030507167549493508
190000.0,100000.0,268.7366445222749,-23891.38896968341,-71054.54172726255,0.10571218769031633,0.07442483924052691,0.03128734844978942
195000.0,100000.0,281.9998858237499,-25989.511874329997,-73497.5089057475,0.10808615099808722,0.07607226485669001,0.032013886141397205
200000.0,100000.0,295.13990870503335,-28100.449494676548,-75950.08712100741,0.11029540883139222,0.07760398885874949,0.03269141997264273
205000.0,100000.0,308.1628526399061,-30178.563325449766,-78366.79749408732,0.1123897077579534,0.0790301450813513,0.0333595626766021
210000.0,100000.0,321.0744558922885,-32268.25658720199,-80792.1924404015,0.11434588736815468,0.08035979142873165,0.03398609593942303
215000.0,100000.0,333.88008776285835,-34368.97087266273,-83225.85315449705,0.11617533307461055,0.08160104417884903,0.034574288895761515
220000.0,100000.0,346.584777774749,-36310.183111426086,-85497.38733356955,0.11801953050146326,0.08276119305434759,0.035258337447115665
225000.0,100000.0,359.19324213201776,-38031.402818270144,-87546.42711370261,0.11993135069051156,0.08384680016010182,0.03608455053040974
230000.0,100000.0,371.7099077436451,-39762.169594660925,-89602.6271959957,0.1217400750930236,0.08486378533336938,0.03687628975965422
235000.0,100000.0,384.1389340704485,-41502.05085667335,-91665.66314250501,0.12345283704509653,0.08581750000714596,0.03763533703795058
240000.0,100000.0,396.4842330216562,-43250.639765747765,-93735.22982431082,0.12507616686257408,0.08671279132722416,0.03836337553534992
245000.0,100000.0,408.74948710129684,-45007.55334146513,-95811.04000609885,0.1266160519288342,0.08755405797098183,0.039061993957852384
250000.0,100000.0,420.93816598142007,-46772.43073793233,-97892.82305344925,0.12807798990669414,0.08834529887729389,0.03973269102940025
255000.0,100000.0,433.05354165899746,-48544.93166746426,-99980.3237505982,0.12946703596047862,0.0890901559014253,0.04037688005905332
260000.0,100000.0,445.09870233572656,-50324.73495708442,-102073.3012178133,0.1307878447476523,0.08979195124787706,0.04099589349977523
265000.0,100000.0,457.07656514454493,-52111.537224967324,-104171.5279187255,0.13204470783261252,0.0904537204012587,0.041590987431353824
270000.0,100000.0,468.98988783312143,-53905.05166535538,-106274.78874901653,0.13324158708489398,0.09107824116506444,0.04216334591982954
275000.0,100000.0,480.8412795027141,-55624.75693171774,-108302.6301987883,0.13444012885037918,0.09166805932652819,0.042772069523850986
280000.0,100000.0,492.6332104903138,-57280.89610900736,-110265.35958175552,0.13563492221630497,0.09222551138915164,0.04340941082715333
285000.0,100000.0,504.3680214727641,-58942.97576683253,-112232.5443251244,0.13677830352183246,0.09275274475033503,0.04402555877149743
290000.0,100000.0,516.0479318633953,-60610.7650862069,-114204.01131465517,0.1378731499711458,0.09325173564760204,0.04462141432354376
295000.0,100000.0,527.6750475644934,-62284.04505329269,-116179.59628996952,0.13892214092579983,0.09372430515143139,0.045197835774368436
300000.0,100000.0,539.2513681325341,-63962.60771421646,-118159.14328566234,0.13992777399280065,0.09417213344424367,0.04575564054855698
105000.0,105000.0,1.7536341046745747,-6134.377946886147,35720.96653983539,0.0011740943566237857,0.0008828954479210515,0.00029119890870273426
110000.0,105000.0,14.97481929010678,4241.881206171092,-37957.21409537168,0.009621184939587973,0.007225888080300959,0.002395296859287014
115000.0,105000.0,31.418542887905232,2684.528460342146,-39942.10365474339,0.019402799562614793,0.014488349386072435,0.004914450176542358
120000.0,105000.0,47.59685804405859,1099.5732365821023,-41947.69507256342,0.028295834209340877,0.021016920436559956,0.0072789137727809206
125000.0,105000.0,63.527376622528095,-447.1528312570881,-43908.614623442816,0.03643207314564301,0.02690873207431707,0.009523341071325936
130000.0,105000.0,79.2261859673514,-1981.976659395441,-45851.60749454658,0.04390151075012279,0.03224508993380195,0.011656420816320838
135000.0,105000.0,94.70801036555798,-3539.3669219819712,-47811.52519148648,0.0507668558838557,0.037094517632859925,0.013672338250995772
140000.0,105000.0,109.98635241496748,-5117.919348843396,-49787.31451163255,0.05709242059553495,0.04151512968248823,0.015577290913046722
145000.0,105000.0,125.07361715537684,-6716.34381584081,-51778.00786188061,0.06293407995741962,0.04555649948221958,0.017377580475200043
150000.0,105000.0,139.9812213661868,-8333.452977916575,-53782.71473343743,0.06834057994988041,0.04926114284292326,0.01907943710695715
155000.0,105000.0,154.7196900581141,-9968.15223395612,-55800.61417546709,0.0733546126453401,0.05266570581434064,0.020688906830999464
160000.0,105000.0,169.25668135303147,-11623.805139284726,-57834.228854463545,0.07799432350599611,0.05578805957225752,0.02220626393373859
165000.0,105000.0,183.46733729945777,-13313.39692085638,-59893.297690642285,0.08223440840567522,0.058614322206211475,0.02362008619946375
170000.0,105000.0,197.50845606682208,-15020.620569050516,-61965.59042678789,0.08617514297979333,0.0612195686528382,0.024955574326955124
175000.0,105000.0,211.389250030095,-16744.517996870127,-64050.388497652595,0.08984369241604875,0.06362576116300236,0.02621793125304639
180000.0,105000.0,225.1182759911802,-18484.199296917242,-66147.02447268793,0.0932642081610422,0.06585219927286386,0.027412008888178338
185000.0,105000.0,238.70349247463582,-20269.836782637867,-68285.8775869784,0.09643499068621689,0.0679159003342073,0.028519090352009585
190000.0,105000.0,252.1523111175951,-22348.65964377011,-70714.36973282759,0.0991884545064372,0.06983191760995157,0.029356536896485624
195000.0,105000.0,265.47164285209465,-24440.949143382168,-73152.96185753663,0.10175113366164777,0.07161360745942666,0.030137526202221113
200000.0,105000.0,278.66793948524446,-26546.034293534583,-75601.15072015094,0.10413974324443008,0.0732728547826334,0.03086688846179668
205000.0,105000.0,291.7472312035517,-28618.287954830623,-78013.46596612297,0.10640278597263061,0.07482026406356497,0.031582521909065644
210000.0,105000.0,304.71516046002296,-30702.123312157608,-80434.46748411821,0.10851976785415715,0.07626532192257174,0.03225444593158541
215000.0,105000.0,317.57701264462264,-32796.99068495924,-82863.74301371942,0.11050259231701653,0.07761653596247663,0.03288605635453991
220000.0,105000.0,330.3377438887643,-34732.37463556853,-85130.9059766764,0.11248706792888173,0.07888155380235366,0.03360551412652807
225000.0,105000.0,343.0020063114823,-36447.791343605844,-87175.59350770438,0.11452524457955163,0.08006726548363775,0.034457979095913874
230000.0,105000.0,355.5741709777619,-38172.78621831274,-89227.46466373456,0.1164554007686722,0.08117989186545556,0.03527550890321664
235000.0,105000.0,368.05834880731334,-39906.93172403943,-91286.19879302957,0.11828493112354906,0.0822250611691683,0.03605986995438075
240000.0,105000.0,380.45840964411957,-41649.82539701158,-93351.4940477587,0.12002061006627286,0.08320787546261932,0.036812734603653544
245000.0,105000.0,392.77799967278884,-43401.08803402995,-95423.06602552245,0.12166865322756676,0.08413296857435625,0.03753568465321051
250000.0,105000.0,405.0205573465299,-45160.36203596089,-97500.64652697067,0.12323477186937283,0.08500455668305144,0.03823021518632139
255000.0,105000.0,417.189327973065,-46927.30989080125,-99583.98241810093,0.12472422121315427,0.08582648262647917,0.0388977385866751
260000.0,105000.0,429.28737708857807,-48701.61278278788,-101672.83458709091,0.12614184344316207,0.08660225480907364,0.03953958863408842
265000.0,105000.0,441.31760273558064,-50482.969315499606,-103766.97698662471,0.12749210604612898,0.0873350814504658,0.040157024595663185
270000.0,105000.0,453.282746748088,-52271.09433819883,-105866.19575364912,0.12877913605763242,0.08802790080406842,0.040751235253564
275000.0,105000.0,465.18540513649646,-53985.467865804385,-107890.03839935329,0.13006284708031898,0.08868340788043076,0.04137943919988822
280000.0,105000.0,477.02803765485623,-55636.334083894966,-109848.81306292122,0.13133840635290503,0.0893040781312644,0.04203432822164063
285000.0,105000.0,488.8129766246684,-57293.20043103449,-111812.08782327587,0.13255996977554152,0.08989218848397518,0.04266778129156634
290000.0,105000.0,500.5424350817449,-58955.836751498515,-113779.69006362389,0.13373052764644378,0.09044983606097612,0.04328069158546766
295000.0,105000.0,512.2185143059581,-60624.02451218036,-115751.45588413527,0.13485286628134335,0.09097895487119258,0.043873911410150776
300000.0,105000.0,523.8432107877361,-62297.55607807543,-117727.22955855657,0.13592958449157622,0.09148133072151864,0.04444825377005758
110000.0,110000.0,1.7233799896318942,-6131.231518921704,37357.07636080872,0.0011072559394681967,0.0008275992709990258,0.00027965666846917095
115000.0,110000.0,14.726099726338646,4216.014371539233,-39610.364221345575,0.00909423337513268,0.006790794808357362,0.002303438566775318
120000.0,110000.0,30.915786980573273,2632.241845979617,-41615.06861551529,0.01837911195826924,0.013651208544120531,0.004727903414148707
125000.0,110000.0,46.862547908792806,1087.204982514464,-43574.72126311415,0.0268750240285996,0.019849894849118845,0.007025129179480755
130000.0,110000.0,62.58181960383547,-445.4907612011011,-45516.118070900826,0.034678388118194015,0.025470826049587086,0.009207562068606928
135000.0,110000.0,78.08775832709983,-2000.3731339816295,-47474.15485048622,0.04185781073832903,0.030584822941529265,0.011272987796799767
140000.0,110000.0,93.39336964894909,-3576.0895565092796,-49447.81716738196,0.04847922877480986,0.03525199051817131,0.013227238256638553
145000.0,110000.0,108.51062303745778,-5171.395204104396,-51436.1714030783,0.05459997385368024,0.0395236361964347,0.015076337657245538
150000.0,110000.0,123.45055302130856,-6785.142485783901,-53438.356864337926,0.060270101276938964,0.043443793867978975,0.01682630740895999
155000.0,110000.0,138.18900856429588,-8419.843109313224,-55456.25733198492,0.0655172020527577,0.04703875550092551,0.018478446551832187
160000.0,110000.0,152.62212255509718,-10086.299254269892,-57497.97444070242,0.07032903579094565,0.050305205071277684,0.02002383071966797
165000.0,110000.0,166.87749203660775,-11771.240828192793,-59553.555621144595,0.07479844661098582,0.05331418241075178,0.02148426420023404
170000.0,110000.0,180.96477535679412,-13473.663362893421,-61622.247522170066,0.07895695050849795,0.05609170214440103,0.022865248364096917
175000.0,110000.0,194.89294355412596,-15192.63387037089,-63703.35040277817,0.08283250767123872,0.0586605604455474,0.02417194722569132
180000.0,110000.0,208.67034042699675,-16927.284595592355,-65796.21344669427,0.08644999603400227,0.06104080523730244,0.025409190796699836
185000.0,110000.0,222.30473641144044,-18707.80741321019,-67931.23055990765,0.08980997706858904,0.06325012745067357,0.026559849617915465
190000.0,110000.0,235.80337699915606,-20781.44879208776,-70355.83659406583,0.0927573196861846,0.06530418825736624,0.02745313142881836
195000.0,110000.0,249.17302633058262,-22868.5052616194,-72790.50394621455,0.09550412855645739,0.06721689407353186,0.028287234482925527
200000.0,110000.0,262.4200065148152,-24968.319322459225,-75234.73949184442,0.09806780123732736,0.06900062872297481,0.02906717251435255
205000.0,110000.0,275.5502331571878,-27035.275751652458,-77643.08181373935,0.10049559806405385,0.0706664502780265,0.029829147786027355
210000.0,110000.0,288.5692475144963,-29113.798258492374,-80060.09869386928,0.10276964133601214,0.0722242586336122,0.03054538270239994
215000.0,110000.0,301.48224564551106,-31203.346452866856,-82485.38483965014,0.10490233346537729,0.07368293871879911,0.031219394746578186
220000.0,110000.0,314.2941048793193,-33133.41309255081,-84748.55981941312,0.10702386566250796,0.07505048333849766,0.0319733823240103
225000.0,110000.0,327.0094078850756,-34843.521579952154,-86789.26618496412,0.10918546168456898,0.07633409891196032,0.03285136277260867
230000.0,110000.0,339.6324645929702,-36563.223682331096,-88837.16776174832,0.11123427404601852,0.07754029679332314,0.03369397725269538
235000.0,110000.0,352.1673321869423,-38292.097452557995,-90891.9480894185,0.11317794791690589,0.07867497239143939,0.034502975525466495
240000.0,110000.0,364.6178333641577,-40029.7453301276,-92953.3089975957,0.11502349190373642,0.07974347392766021,0.03528001797607622
245000.0,110000.0,376.9875730340625,-41775.792404457505,-95020.96930334312,0.11677734071866093,0.08075066236250535,0.036026678356155584
250000.0,110000.0,389.27995361040337,-43529.884824518056,-97094.66361838854,0.11844541074850484,0.08170096377093111,0.03674444697757373
255000.0,110000.0,401.498189032611,-45291.68834060845,-99174.14125545634,0.12003314943093964,0.08259841523989084,0.0374347341910488
260000.0,110000.0,413.64531763803996,-47060.88696564385,-101259.16522423289,0.1215455792163402,0.08344670519226144,0.03809887402407876
265000.0,110000.0,425.7242139934622,-48837.181744679925,-103349.51130850994,0.12298733678515793,0.08424920890099113,0.03873812788416679
270000.0,110000.0,437.73759978267924,-50620.289622601354,-105444.96721695102,0.12436270809858013,0.08500901984097683,0.0393536882576033
275000.0,110000.0,449.68805383694837,-52329.692400957356,-107465.081800718,0.1257298873400372,0.08572897742928436,0.04000090991075285
280000.0,110000.0,461.5780213859417,-53975.63577586204,-109420.16433189652,0.12708460918647127,0.08641169162335281,0.04067291756311846
285000.0,110000.0,473.40982259899624,-55627.62844970438,-111379.78383727829,0.128382826921867,0.0870595647789245,0.041323262142942505
290000.0,110000.0,485.1856604793825,-57285.441310144204,-113343.76848260815,0.1296276396062199,0.08767481111232776,0.04195282849389213
295000.0,110000.0,496.9076281680459,-58948.85667052324,-115311.95500289243,0.13082193646655058,0.08825947406354055,0.042562462403010023
300000.0,110000.0,508.5777157077299,-60617.66756639608,-117284.18817479705,0.1319684137432466,0.08881544181567266,0.043152971927573947
115000.0,115000.0,1.6958026613816628,-6128.363476783707,38992.97739241222,0.0010472579601775063,0.0007784130008813819,0.0002688449592961244
120000.0,115000.0,14.498909850234213,4192.386624424369,-41261.83503168172,0.008619450236791804,0.0064021544123176784,0.0022172958244741255
125000.0,115000.0,30.4556288421129,2648.38539957974,-43220.710950315195,0.01746588253227096,0.012900302204146744,0.004565580328124215
130000.0,115000.0,46.1891642392323,1117.1730808801658,-45160.995189339876,0.02559474579810615,0.01879900864437619,0.006795737153729959
135000.0,115000.0,61.71312214252134,-435.83529717777856,-47117.626472883334,0.033080424410346615,0.02417132921131564,0.008909095199030975
140000.0,115000.0,77.04002470872871,-2009.3374302922166,-49089.62807271916,0.03999042969228051,0.029079304352761917,0.010911125339518594
145000.0,115000.0,92.1814159845029,-3602.1327376117115,-51076.09955320878,0.046383503860370046,0.03357592692271266,0.012807576937657383
150000.0,115000.0,107.12133577556034,-5215.8810793417215,-53078.28580950629,0.05229797354572896,0.03769733805479777,0.014600635490931192
155000.0,115000.0,121.77690781073636,-6859.201587683405,-55102.65119076255,0.05773601212779433,0.04145216939958557,0.016283842728208757
160000.0,115000.0,136.24652800639342,-8521.861087335099,-57141.520815501324,0.06278308009439819,0.04490770680467317,0.01787537328972502
165000.0,115000.0,150.54030068349311,-10202.808728916716,-59194.10654668754,0.06747573028605845,0.04809476073051561,0.019380969555542846
170000.0,115000.0,164.66761111707166,-11901.068443824537,-61259.6763328684,0.07184631592357613,0.05104024569089749,0.020806070232678636
175000.0,115000.0,178.63718837935744,-13615.732408546843,-63337.54930641013,0.0759235609404822,0.05376776293514035,0.022155798005341842
180000.0,115000.0,192.45716170528578,-15345.955182650272,-65427.091386987704,0.07973304127501561,0.05629808290022086,0.02343495837479475
185000.0,115000.0,206.13511114621735,-17121.948440793407,-67558.71133059505,0.08327753112200492,0.058649546845129796,0.024627984276875126
190000.0,115000.0,219.67811317592077,-19190.976229704247,-69979.85717227819,0.08641416942892066,0.06083840291614942,0.025575766512771242
195000.0,115000.0,233.09278182607864,-21273.350690087827,-72411.01301756587,0.08934082203410561,0.06287908870409459,0.02646173333001102
200000.0,115000.0,246.3853058543525,-23368.428191147337,-74851.6961433605,0.09207554531844978,0.06478446989556406,0.02729107542288571
205000.0,115000.0,259.56148238437004,-25430.605832025525,-77256.45437401914,0.09466435977112587,0.06656604270968831,0.02809831706143756
210000.0,115000.0,272.6267474022576,-27504.318270165226,-79669.86370262393,0.09709195727006954,0.06823410631734754,0.028857850952722003
215000.0,115000.0,285.58620344715644,-29589.03484149574,-82091.5261311218,0.09937122195364925,0.06979791026325945,0.029573311690389806
220000.0,115000.0,298.4446447923889,-31514.256941591564,-84351.06770619367,0.10162678547286125,0.07126578097942829,0.030361004493432958
225000.0,115000.0,311.2065803786272,-33219.51564062276,-86388.13673046707,0.10390904157062669,0.07264523073606424,0.03126381083456245
230000.0,115000.0,323.87625472976504,-34934.36950810444,-88432.40213107833,0.10607389996943908,0.07394305178143948,0.032130848187999606
235000.0,115000.0,336.4576670555265,-36658.40262622526,-90483.55196966894,0.10812924663335925,0.07516539794335626,0.03296384869000299
240000.0,115000.0,348.95458872159486,-38391.22277295415,-92541.29207971561,0.11008231533892836,0.07631785557747571,0.03376445976145265
245000.0,115000.0,361.37057924774194,-40132.45975823485,-94605.34481867614,0.11193975153844256,0.0774055054327766,0.03453424610566595
250000.0,115000.0,373.7090009766441,-41881.763898428995,-96675.44792382175,0.11370766901958722,0.07843297674716865,0.03527469227241857
255000.0,115000.0,385.97303254049916,-43638.8046157881,-98751.35346184108,0.11539170027858738,0.07940449467529377,0.035987205603293604
260000.0,115000.0,398.1656812388362,-45403.26915116102,-100832.82686337076,0.11699704139426834,0.08032392197676744,0.0366731194175009
265000.0,115000.0,410.2897944288617,-47174.86137939838,-102919.64603454879,0.11852849208081583,0.0811947957494208,0.03733369633139502
270000.0,115000.0,422.34807001904073,-48953.300718019775,-105011.60053851483,0.11999049150416387,0.08202035987283622,0.03797013163132765
275000.0,115000.0,434.3430661472148,-50658.07112068967,-107028.24084051725,0.12143952748501645,0.08280359372811358,0.03863593375690287
280000.0,115000.0,446.27721011624783,-52299.420147910234,-108979.87761093269,0.12287189209347271,0.08354723767675036,0.03932465441672235
285000.0,115000.0,458.1528066528067,-53946.85810810811,-110936.08108108108,0.12424531488882458,0.08425381571185141,0.03999149917697317
290000.0,115000.0,469.9720455483557,-55600.157262971,-112896.68044722825,0.1255629997084982,0.08492565563626617,0.040637344072232046
295000.0,115000.0,481.73700873560995,-57259.101091496574,-114861.51331862243,0.12682793496799202,0.08556490707276755,0.04126302789522447
300000.0,115000.0,493.44967684852077,-58923.483607753835,-116830.42520581538,0.1280429108562044,0.0861735575694949,0.0418693532867095
120000.0,120000.0,1.670561919609554,-6125.73843963939,40628.69617027046,0.0009931315859117047,0.0007344122604891348,0.00025871932542257
125000.0,120000.0,14.290570151364648,4234.719295741932,-42847.83552819355,0.00819544462131672,0.006053156038178633,0.0021422885831380873
130000.0,120000.0,30.03287463609354,2704.4189621537225,-44787.43577838471,0.01664208055196411,0.01222339220028227,0.00441868835168184
135000.0,120000.0,45.5694263799997,1152.7203435199626,-46743.08474236003,0.024426830347443616,0.017848288480009522,0.0065785418674340936
140000.0,120000.0,60.9122789476973,-419.1229894394928,-48713.84224207962,0.03161873607730654,0.022991772199415374,0.008626963877891164
145000.0,120000.0,76.05366298682475,-2011.919049370219,-50700.314287027664,0.03826840077329379,0.027701594766992285,0.010566806006301506
150000.0,120000.0,90.9316930663756,-3632.1039210969466,-52707.32794082271,0.044393987845870675,0.03200000026699014,0.012393987578880536
155000.0,120000.0,105.61556397617915,-5272.481346477376,-54729.48600985803,0.05007370931186436,0.035950939532621004,0.014122769779243358
160000.0,120000.0,120.11582601019222,-6931.954094940011,-56765.96557120501,0.05534997210827141,0.03959092665329223,0.01575904545497918
165000.0,120000.0,134.44227868001747,-8609.503017278184,-58816.00226295864,0.06026021533149942,0.04295174910521312,0.017308466226286297
170000.0,120000.0,148.60403633171842,-10304.180221501272,-60878.885166125954,0.0648375990237484,0.04606119244444194,0.01877640657930646
175000.0,120000.0,162.609586999131,-12015.102952090383,-62953.95221406779,0.06911158309219004,0.04894363712321324,0.020167945968976794
180000.0,120000.0,176.46684529327888,-13741.448089498997,-65040.58606712425,0.0731084161003418,0.051620552841129264,0.021487863259212536
185000.0,120000.0,190.18320002125904,-15513.447197789064,-67169.21039834179,0.07683304057511368,0.05411091025095462,0.02272213032415906
190000.0,120000.0,203.76555713734194,-17578.38205771643,-69587.28654328732,0.08015469144230954,0.056431525591390155,0.02372316585091938
195000.0,120000.0,217.22037855151723,-19656.580630642216,-72015.31047298166,0.083257177808416,0.058597350566905106,0.024659827241510897
200000.0,120000.0,230.5537172542438,-21747.413405558647,-74452.81005416898,0.08615919349479814,0.06062171728535364,0.0255374762094445
205000.0,120000.0,243.77124915900424,-23805.290087463567,-76854.34256559768,0.08890552257700596,0.062516546114045,0.026388976462960956
210000.0,120000.0,256.87830201499366,-25874.65659044066,-79264.4924428305,0.09148338290537539,0.0642925227892208,0.027190860116154583
215000.0,120000.0,269.8798816997024,-27954.99230323096,-81682.86922742322,0.09390612467092817,0.06595924991250647,0.027946874758421697
220000.0,120000.0,282.7806961642842,-29875.807598914427,-83939.10569918582,0.09629287590315296,0.06752537701614032,0.028767498887012632
225000.0,120000.0,295.58517727258777,-31576.64156365086,-85972.85617273815,0.09869319741089809,0.06899871262041696,0.029694484790481132
230000.0,120000.0,308.297500746895,-33287.05992232292,-88013.79494174219,0.10097164511902944,0.07038632109920155,0.030585324019827886
235000.0,120000.0,320.92160440912744,-35006.65314145073,-90061.61485608804,0.10313633693299398,0.0716946066800477,0.031441730252946276
240000.0,120000.0,333.4612048850802,-36735.034691951645,-92116.02601896373,0.10519472359982389,0.07292938650941341,0.032265337090410476
245000.0,120000.0,345.91981292067715,-38471.83945624957,-94176.75459218718,0.10715365371240883,0.07409595439140569,0.03305769932100314
250000.0,120000.0,358.30074744295825,-40216.72226593236,-96243.54169944927,0.109019431411182,0.07519913654539735,0.03382029486578465
255000.0,120000.0,370.60714848421037,-41969.35655764211,-98316.14241823158,0.11079786770985019,0.07624334051201491,0.03455452719783528
260000.0,120000.0,382.84198907504447,-43729.43313619537,-100394.32485214653,0.11249432624106366,0.07723259815917782,0.03526172808188584
265000.0,120000.0,395.00808620113276,-45496.65903508221,-102477.86927631166,0.11411376410744976,0.07817060359280155,0.035943160514648215
270000.0,120000.0,407.10811090848813,-47270.75646551722,-104566.56734913791,0.11566076842979033,0.07906074665467121,0.03660002177511912
275000.0,120000.0,419.1445976334992,-48971.2118461161,-106579.97138458709,0.11719013344916011,0.07990614258825196,0.03728399086090815
280000.0,120000.0,431.11995282623093,-50608.274906071965,-108528.39367955396,0.11869869919911266,0.08070965836812549,0.03798904083098717
285000.0,120000.0,443.0364629286654,-52251.45785541879,-110481.40589156409,0.12014595140419376,0.08147393611736502,0.038672015286828745
290000.0,120000.0,454.8963017634899,-53900.534616597055,-112438.83846244779,0.12153519501161282,0.08220141397708355,0.03933378103452927
295000.0,120000.0,466.7015373836183,-55555.290112103685,-114400.53008407776,0.12286951419428295,0.08289434474166275,0.039975169452620196
300000.0,120000.0,478.45413842781454,-57215.5196035073,-116366.32720263048,0.12415178987806118,0.08355481253021303,0.040596977347848145
