higher_gross,lower_gross,order_wk,gap_household,gap_per_person,order_pct_payor_net,line_7e,lag
60000.0,0.0,408.706523076923,6418.878399999994,-18163.226000000002,0.4463923377441713,0.36792360639844884,0.07846873134572246
65000.0,0.0,442.62960000000004,6179.378400000009,-19725.725999999995,0.4479925881952217,0.3667188069594035,0.08127378123581819
70000.0,0.0,476.55267692307694,6289.878399999998,-20938.226000000002,0.452244533260334,0.36569180095625997,0.08655273230407401
75000.0,0.0,510.47575384615385,6550.378399999998,-22000.726000000002,0.457175271474704,0.3648059370018141,0.09236933447288992
80000.0,0.0,544.3988307692308,6810.878400000009,-23063.225999999995,0.46158061633784453,0.36403399002108944,0.09754662631675509
85000.0,0.0,578.3219076923076,7071.378399999994,-24125.726000000002,0.4655402949030535,0.3633553139045962,0.1021849809984573
90000.0,0.0,607.8214153846153,6871.827199999992,-25475.758000000005,0.4657292212480659,0.36013301125746316,0.10559620999060276
95000.0,0.0,636.8983384615385,6628.327200000007,-26853.257999999994,0.46559186869574387,0.3570211892544522,0.10857067944129167
100000.0,0.0,665.9752615384616,6384.827200000007,-28230.757999999994,0.46546658064516133,0.35422766662575184,0.1112389140194095
105000.0,0.0,695.0521846153846,6141.327199999992,-29608.258000000005,0.4653518344223774,0.35170598263983494,0.11364585178254244
110000.0,0.0,724.1291076923076,5897.827199999992,-30985.758000000005,0.46524635324643226,0.3494182992465016,0.11582805399993068
115000.0,0.0,753.2060307692308,5654.327200000007,-32363.257999999994,0.46514905851964017,0.3473334894115143,0.11781556910812585
120000.0,0.0,782.2829538461538,5410.827199999992,-33740.758,0.4650590328112495,0.3454257124418328,0.1196333203694167
125000.0,0.0,811.3598769230769,5231.327199999992,-35054.258,0.4653036840973382,0.3436733374604933,0.12163034663684491
130000.0,0.0,836.6064,4689.465600000003,-36580.734,0.4635876940782814,0.3404991452991453,0.12308854877913605
135000.0,0.0,859.2217846153846,3873.965600000003,-38278.234,0.460573380683136,0.33653349401946314,0.12403988666367288
140000.0,0.0,881.8371692307692,3058.465600000003,-39975.734,0.45774968854815523,0.3328557010539763,0.1248939874941789
145000.0,0.0,904.4525538461538,2242.965600000003,-41673.234,0.455099089928249,0.3294355215600571,0.12566356836819187
150000.0,0.0,927.0679384615383,1427.4655999999886,-43370.73400000001,0.4526061420886105,0.32624680436371506,0.12635933772489544
155000.0,0.0,949.6833230769232,611.9656000000177,-45068.23399999999,0.45025718623066513,0.32326682202613183,0.1269903642045333
160000.0,0.0,972.2987076923077,-203.53439999999682,-46765.734,0.44804009712351345,0.3204757283030349,0.12756436882047856
165000.0,0.0,994.9140923076922,-1019.0344000000114,-48463.23400000001,0.44594407375003764,0.31785611560295884,0.1280879581470788
170000.0,0.0,1017.5294769230768,-1834.5344000000186,-50160.73400000001,0.44395946333727687,0.3153926515819842,0.12856681175529266
175000.0,0.0,1040.1448615384616,-2650.034400000004,-51858.234,0.4420776127210387,0.3130717788428145,0.12900583387822417
180000.0,0.0,1062.760246153846,-3465.5344000000186,-53555.73400000001,0.44029074221613174,0.3108814653135618,0.12940927690256993
185000.0,0.0,1084.6351384615384,-4389.045600000012,-55332.36600000001,0.4381870511869292,0.30860031078330524,0.12958674040362395
190000.0,0.0,1102.4043692307691,-6018.545600000012,-57654.86600000001,0.4336497458242556,0.30530361091583047,0.1283461349084251
195000.0,0.0,1120.1735999999999,-7648.045600000027,-59977.36600000002,0.4293450421797087,0.3021779336390612,0.1271671085406475
200000.0,0.0,1137.9428307692308,-9277.545599999983,-62299.86599999999,0.42525550101691023,0.299210307234886,0.12604519378202422
205000.0,0.0,1155.7120615384615,-10862.045600000012,-64577.36600000001,0.42149837248692834,0.29638903947446293,0.1251093330124654
210000.0,0.0,1173.4812923076922,-12446.545600000012,-66854.86600000001,0.4179178916801359,0.29370356365876665,0.12421432802136922
215000.0,0.0,1191.2505230769232,-14031.045599999983,-69132.36599999998,0.41450188665357374,0.2911443063676186,0.12335758028595512
220000.0,0.0,1209.0197538461537,-15445.545600000027,-71239.86600000002,0.41169708788726117,0.28870257342811484,0.12299451445914633
225000.0,0.0,1226.7889846153846,-16630.045600000012,-73117.36600000001,0.4096136638425062,0.28637045123987714,0.12324321260262905
230000.0,0.0,1244.5582153846153,-17814.545600000012,-74994.86600000001,0.4076098254100219,0.2841407210972761,0.12346910431274577
235000.0,0.0,1262.327446153846,-18999.045600000012,-76872.36600000001,0.40568109786810624,0.2820067845543125,0.12367431331379375
240000.0,0.0,1280.096676923077,-20183.545600000012,-78749.86600000001,0.40382333578019497,0.27996259820662506,0.12386073757356991
245000.0,0.0,1297.8659076923077,-21368.045600000012,-80627.36600000001,0.40203269325279456,0.27800261653292907,0.12403007671986549
250000.0,0.0,1315.6351384615384,-22552.545600000012,-82504.86600000001,0.40030559735989046,0.2761217416573836,0.12418385570250684
255000.0,0.0,1333.4043692307694,-23737.045599999983,-84382.36599999998,0.39863872434738373,0.2743152790745518,0.12432344527283196
260000.0,0.0,1351.1735999999999,-24921.545600000012,-86259.86600000001,0.39702897828408684,0.2725788985273351,0.12445007975675176
265000.0,0.0,1368.049846153846,-26198.916000000027,-88195.41000000002,0.3952154978208272,0.27073188107959995,0.12448361674122727
270000.0,0.0,1384.2036923076923,-27551.415999999997,-90177.91,0.3932568731150837,0.268813552232563,0.12444332088252075
275000.0,0.0,1400.3575384615385,-28823.665999999997,-92080.16,0.3915309602829272,0.2669655526389113,0.12456540764401591
280000.0,0.0,1416.5113846153847,-30026.165999999997,-93912.66,0.390002962406035,0.2651840843305828,0.12481887807545217
285000.0,0.0,1432.6652307692307,-31228.666000000027,-95745.16000000002,0.38852090425386276,0.2634656179711703,0.12505528628269247
290000.0,0.0,1448.8190769230769,-32431.165999999997,-97577.66,0.387082744721763,0.2618068695180773,0.12527587520368572
295000.0,0.0,1464.972923076923,-33633.666,-99410.16,0.3856865618556636,0.2602047792761405,0.12548178257952308
300000.0,0.0,1481.1267692307692,-34836.166,-101242.66,0.3843305442827791,0.25865649306161925,0.12567405122115982
60000.0,5000.0,407.8027883108374,11317.389984327096,-16973.843759795567,0.4454052718370835,0.3671100511073254,0.07829522072975809
65000.0,5000.0,441.79428023255815,11085.005144186049,-18531.89678488372,0.4471471475274784,0.3660267441860465,0.08112040334143189
70000.0,5000.0,475.7761427489974,11201.618845895737,-19740.575721315166,0.45150760877722174,0.3650959126224524,0.08641169615476935
75000.0,5000.0,509.7502752010877,11467.428620913117,-20799.757111929302,0.45652554248364363,0.36428748159057445,0.09223806089306918
80000.0,5000.0,543.7181082344366,11732.583256381411,-21859.34796476162,0.46100345064716625,0.36357879774948176,0.09742465289768448
85000.0,5000.0,575.0257195297079,11721.074831089623,-23091.853230568988,0.462886913820888,0.3612843436221644,0.1016025701987236
90000.0,5000.0,604.3068630605665,11498.813758298915,-24456.07890106318,0.4630362761239145,0.3580506458131974,0.10498563031071712
95000.0,5000.0,633.5667442586399,11274.34140289855,-25821.686623188405,0.4631563729863181,0.3551536231884058,0.1080027497979123
100000.0,5000.0,662.8085193961133,11047.986017195777,-27188.47123925264,0.4632532662445953,0.35254329823450237,0.11070996801009292
105000.0,5000.0,692.0347494916671,10820.013947133375,-28556.26628304164,0.46333159910601845,0.35017911888955944,0.11315248021645902
110000.0,5000.0,721.2475343186313,10590.643569137661,-29924.935269288962,0.4633949686114639,0.34802783661119513,0.11536713200026877
115000.0,5000.0,750.4486117701958,10360.055624100372,-31294.365234937268,0.46344618998307874,0.34606193299324417,0.11738425698983457
120000.0,5000.0,779.6394325983842,10128.40099023196,-32664.461881105024,0.46348748708261095,0.344258436322781,0.11922905075982992
125000.0,5000.0,807.2504365575019,9796.4454019802,-34073.246623762374,0.46294697680127156,0.34193267326732674,0.12101430353394482
130000.0,5000.0,830.1230009401136,9007.692097771818,-35754.029938892614,0.4599950559871049,0.33786039924302547,0.12213465674407942
135000.0,5000.0,852.9766617175839,8216.972818628718,-37436.04198835705,0.45722577309528917,0.33408745148771024,0.12313832160757893
140000.0,5000.0,875.8134292273661,7424.496639646073,-39119.1521002212,0.4546228469875323,0.3305819976178322,0.12404084936970011
145000.0,5000.0,898.6350385087305,6630.4440049079785,-40803.24749693251,0.4521718540832659,0.3273165644171779,0.124855289666088
150000.0,5000.0,921.442994867449,5834.971466214694,-42488.230333615815,0.4498599743980185,0.3242673163497695,0.12559265804824898
155000.0,5000.0,944.2386106807375,5038.21551079669,-44174.015305752066,0.4476757774349425,0.3214134727776069,0.12626230465733562
160000.0,5000.0,967.0230353461749,4240.295676002184,-45860.527702498635,0.44560904097620735,0.31873683373900946,0.1268722072371979
165000.0,5000.0,989.7972798197369,3441.3171012526363,-47547.7018117171,0.4436505971341811,0.31622139140489497,0.12742920572928612
170000.0,5000.0,1012.5622368501147,2641.3726324119198,-49235.47960474255,0.4417922010740467,0.3138530096814928,0.12793919139255389
175000.0,5000.0,1035.3186977649452,1840.5445675543015,-50923.80964527857,0.44002641866289455,0.31161915841134236,0.1284072602515522
180000.0,5000.0,1058.0673664755288,1038.9061134549993,-52612.64617909063,0.43834652997807055,0.30950869161769257,0.128837838360378
185000.0,5000.0,1076.9546792252122,-195.31336057794397,-54583.47085036121,0.43508418491864576,0.3064150670794633,0.12866911783918245
190000.0,5000.0,1094.9249186214984,-1803.9084633641614,-56892.905289602604,0.4307075751052856,0.3032322264561786,0.12747534864910703
195000.0,5000.0,1112.884904986534,-3413.569881400472,-59203.00617587529,0.4265513992408004,0.3002117359014119,0.12633966333938845
200000.0,5000.0,1130.835403289226,-5024.218057920487,-61513.7237862003,0.42259941623635255,0.29734148263101345,0.1252579336053391
205000.0,5000.0,1148.7771042469567,-6590.781158316502,-63780.01322394781,0.4189691324548182,0.29461052958533934,0.12435860286947886
210000.0,5000.0,1166.7106331211567,-8158.194155399717,-66046.83384712483,0.4155066222111891,0.29200897615708277,0.12349764605410635
215000.0,5000.0,1184.636557291542,-9726.398041679626,-68314.14877604977,0.41220052246258765,0.2895278382581648,0.12267268420442284
220000.0,5000.0,1202.5553928023985,-11125.339148550556,-70411.9244678441,0.40949583467506223,0.2871589446636025,0.12233689001145975
225000.0,5000.0,1220.467610040073,-12294.968555832427,-72280.13034739526,0.4075030144702133,0.2848948471121177,0.1226081673580956
230000.0,5000.0,1238.3736386732826,-13465.241577978624,-74148.73848623663,0.4055842920099935,0.2827287420795679,0.12285554993042563
235000.0,5000.0,1256.2738719655454,-14636.117315583266,-76017.72332223954,0.4037356275147376,0.2806544024944079,0.12308122502032975
240000.0,5000.0,1274.168670550902,-15807.558262706181,-77887.06141419135,0.4019532681900721,0.27866611795161134,0.12328715023846076
245000.0,5000.0,1292.058365749272,-16979.529962075685,-79756.7312262973,0.4002337233324824,0.2767586422161529,0.12347508111632954
250000.0,5000.0,1309.9432624856292,-18152.00070149456,-81626.7129384341,0.3985737419647091,0.2749271469997769,0.12364659496493224
255000.0,5000.0,1327.82364186715,-19324.9412458164,-83496.98827863525,0.39697029270841494,0.2731671811535337,0.12380311155488122
260000.0,5000.0,1345.3654382642271,-20533.094420520385,-85389.27151282525,0.39532230749088704,0.271407189482394,0.12391511800849303
265000.0,5000.0,1361.6420171906511,-21872.83021217228,-87363.79388260769,0.39336434208936055,0.2694637960067356,0.12390054608262496
270000.0,5000.0,1377.9140680345006,-23213.036924411936,-89338.61057775747,0.39146996993855737,0.2675921017679525,0.12387786817060487
275000.0,5000.0,1394.1818368444283,-24473.438968179442,-91233.45560511216,0.38980427383453314,0.2657882107459572,0.12401606308857593
280000.0,5000.0,1410.4455521597188,-25664.512575389264,-93058.81410961828,0.38833287866871946,0.26404850417010617,0.12428437449861329
285000.0,5000.0,1426.7054265405698,-26855.985639780745,-94884.42227486297,0.3869046798363468,0.2623696162881754,0.1245350635481714
290000.0,5000.0,1442.9616579406409,-28047.837574173333,-96710.26723385834,0.3855178110093206,0.2607484126329677,0.12476939837635287
295000.0,5000.0,1459.2144309405128,-29240.04918218669,-98536.33698886668,0.3841705112866877,0.2591819704912717,0.12498854079541605
300000.0,5000.0,1475.4639178582306,-30432.602542744004,-100362.620339215,0.38286111790050487,0.25766756131912516,0.1251935565813797
60000.0,10000.0,406.59940098389984,16549.737702325587,-15712.68893604651,0.4440909231498171,0.3660267441860465,0.07806417896377055
65000.0,10000.0,440.67076653530006,16325.659719671206,-17265.550175205495,0.446010021114994,0.3650959126224524,0.0809141084925416
70000.0,10000.0,474.7226327404555,16449.553805007374,-18469.67887187039,0.4505078365271227,0.3642874815905744,0.08622035493654828
75000.0,10000.0,508.75860845083264,16721.79527888659,-19524.84045069588,0.4556374189785713,0.3635787977494818,0.09205862122908948
80000.0,10000.0,540.2868403352691,16733.231394867988,-20743.00537820751,0.4580941740980596,0.3612843436221644,0.0968098304758952
85000.0,10000.0,569.8789163477591,16543.307300166947,-22087.02043739566,0.4587438159384415,0.35805064581319745,0.10069317012524404
90000.0,10000.0,599.4173574136008,16347.805171014486,-23434.52176811595,0.45928980454589613,0.35515362318840576,0.10413618135749036
95000.0,10000.0,628.9101253351034,16147.55303485076,-24784.99185321828,0.4597522442965646,0.35254329823450237,0.10720894606206222
100000.0,10000.0,658.3636803676709,15943.222758237775,-26138.010776101393,0.46014665832149043,0.35017911888955944,0.109967539431931
105000.0,10000.0,687.7833192598625,15735.3652030257,-27493.234248108936,0.4604851785046879,0.3480278366111951,0.11245734189349282
110000.0,10000.0,717.1734259054608,15524.436294167921,-28850.37731614505,0.4607773910802985,0.34606193299324417,0.11471545808705436
115000.0,10000.0,746.5376598750399,15310.816627004162,-30209.2021081224,0.4610309469849717,0.344258436322781,0.11677251066219069
120000.0,10000.0,774.372294897182,14938.118669306925,-31667.45083168317,0.4603562288173484,0.34193267326732674,0.11842355555002165
125000.0,10000.0,797.6364240898226,14154.088105341558,-33358.78243416153,0.4574334734257614,0.33786039924302547,0.11957307418273594
130000.0,10000.0,820.852868305304,13401.09830375162,-35017.213560155236,0.4548582085855416,0.33408745148771024,0.12077075709783136
135000.0,10000.0,844.0266986871899,12643.676663467748,-36678.414585332655,0.45242827516902,0.3305819976178322,0.12184627755118782
140000.0,10000.0,867.1622919301557,11882.278360736178,-38342.10102453989,0.45013215920348276,0.3273165644171779,0.12281559478630488
145000.0,10000.0,890.2634452184327,11117.298302717005,-40008.02606080187,0.4479594667430318,0.3242673163497695,0.12369215039326226
150000.0,10000.0,913.333469067506,10349.080783020618,-41675.97451061211,0.4459008026542828,0.32141347277760696,0.12448732987667582
155000.0,10000.0,936.3752628712701,9577.927338612106,-43345.75791336744,0.4439476622064128,0.31873683373900946,0.12521082846740333
160000.0,10000.0,959.3913768000357,8804.103187203713,-45017.21050799768,0.4420923346295115,0.31622139140489497,0.1258709432246165
165000.0,10000.0,982.3840628422788,8027.842535597003,-46690.185915251874,0.4403278176056968,0.3138530096814928,0.12647480792420396
170000.0,10000.0,1005.3553171484701,7249.352983440884,-48364.554385349446,0.43864774160076225,0.3116191584113424,0.12702858318941984
175000.0,10000.0,1028.306915358443,6468.819197278077,-50040.200501701205,0.43704630296766234,0.3095086916176925,0.12753761134996983
180000.0,10000.0,1047.491692006033,5296.535968627417,-51960.690019607864,0.43396513579395224,0.3064150670794633,0.12755006871448893
185000.0,10000.0,1065.7679737699427,3998.7692720740597,-53971.231704953716,0.4305648131021526,0.3032322264561786,0.12733258664597402
190000.0,10000.0,1084.0183919190904,2419.312759585402,-56262.45452525913,0.42641730497906605,0.30021173590141187,0.12620556907765418
195000.0,10000.0,1102.2448761131668,837.3671157693461,-58555.233052644166,0.4224732423859797,0.29734148263101345,0.12513175975496627
200000.0,10000.0,1120.4491687099048,-746.8864541699004,-60849.454033856186,0.4187180231906908,0.29461052958533934,0.12410749360535145
205000.0,10000.0,1138.6328469522064,-2288.2839169705258,-63100.01494810658,0.4152694324325358,0.29200897615708277,0.12326045627545301
210000.0,10000.0,1156.7973420744108,-3831.67642426127,-65351.82276516329,0.4119761511921579,0.28952783825816486,0.12244831293399305
215000.0,10000.0,1174.9439558155136,-5376.9285951865895,-67604.79287199161,0.4088279307863903,0.2871589446636024,0.12166898612278787
220000.0,10000.0,1193.073874740831,-6753.9170269535825,-69688.84814184599,0.40626717495938763,0.28489484711211777,0.12137232784726987
225000.0,10000.0,1211.1881827040934,-7902.528998774287,-71543.91812423393,0.40440469823399233,0.28272874207956783,0.1216759561544245
230000.0,10000.0,1229.2878717256986,-9052.661340527338,-73399.93833782959,0.4026085791558734,0.28065440249440793,0.12195417666146546
235000.0,10000.0,1247.3738515170933,-10204.219442222296,-75256.84965138894,0.4008753791080523,0.2786661179516113,0.12220926115644104
240000.0,10000.0,1265.4469578438727,-11357.116384237233,-77114.59774014828,0.39920188918678073,0.27675864221615293,0.1224432469706278
245000.0,10000.0,1283.5079598894972,-12511.27217149231,-78973.13260718269,0.3975851117341378,0.27492714699977694,0.12265796473436086
250000.0,10000.0,1301.5575667562332,-13666.613057351758,-80832.40816084485,0.39602224357423627,0.2731671811535337,0.12285506242070254
255000.0,10000.0,1319.2685931216893,-14857.166315344308,-82713.69144709018,0.39441264868285386,0.271407189482394,0.12300545920045985
260000.0,10000.0,1335.7320368053884,-16177.46817223959,-84676.06760764975,0.3924916278960495,0.2694637960067356,0.12302783188931393
265000.0,10000.0,1352.1840582491204,-17498.95794209148,-86639.18621380717,0.3906320352498438,0.2675921017679525,0.1230399334818913
270000.0,10000.0,1368.6252781188555,-18821.571075639033,-88603.00692227439,0.3888309938272022,0.2657882107459572,0.123042783081245
275000.0,10000.0,1385.0562729125932,-20064.997617090325,-90487.24226068145,0.3872528248572384,0.2640485041701062,0.12320432068713216
280000.0,10000.0,1401.477578820553,-21239.681802662482,-92302.35737666406,0.3858637589658781,0.2623696162881754,0.1234941426777027
285000.0,10000.0,1417.889695187471,-22415.32170050303,-94118.06981281438,0.38451396367781615,0.2607484126329678,0.12376555104484838
290000.0,10000.0,1434.2930876240446,-23591.868887099365,-95934.34930443711,0.38320181859563157,0.25918197049127173,0.12401984810435984
295000.0,10000.0,1450.6881908083146,-24769.278155935273,-97751.16759745954,0.3819257897697627,0.25766756131912516,0.12425822845063755
300000.0,10000.0,1467.0754110124506,-25947.507254705153,-99568.49828419072,0.38068442413685566,0.256202634880803,0.12448178925605263
60000.0,15000.0,405.56539032160276,21559.70059344669,-14500.52462909582,0.4429615689292868,0.36509591262245245,0.07786565630683434
65000.0,15000.0,439.69499027982334,21341.67898910163,-16049.600631811481,0.44502242216049465,0.36428748159057445,0.0807349405699202
70000.0,15000.0,473.7991086672286,21471.00730139178,-17250.33293663014,0.44963141985027627,0.3635787977494818,0.08605262210079445
75000.0,15000.0,505.54796114083024,21505.38795864634,-18454.157525846036,0.45276200610244427,0.3612843436221644,0.09147766248027989
80000.0,15000.0,535.4509696349517,21347.800842034972,-19777.961973728143,0.45399397392821594,0.3580506458131974,0.09594332811501854
85000.0,15000.0,565.2679705685619,21181.268939130438,-21107.356913043477,0.45503207507357435,0.3551536231884058,0.09987845188516853
90000.0,15000.0,595.0117312740936,21007.12005250573,-22441.512467183922,0.4559140945443581,0.35254329823450237,0.10337079630985574
95000.0,15000.0,624.6926112436748,20826.43156934218,-23779.755269161134,0.4566691144648521,0.35017911888955944,0.10648999557529265
100000.0,15000.0,654.3191042010939,20640.086836913768,-25121.533226928896,0.45731980401151723,0.34802783661119513,0.1092919674003221
105000.0,15000.0,683.8982400407258,20448.816964235484,-26466.389397352825,0.45788403749467593,0.3460619329932441,0.11182210450143182
110000.0,15000.0,713.4358871516956,20253.23226377635,-27813.94233513978,0.4583760564883941,0.344258436322781,0.11411762016561305
115000.0,15000.0,741.4941532368621,19903.791936633657,-29257.655039603967,0.4579162847696544,0.34193267326732674,0.11598361150232767
120000.0,15000.0,765.1498472395317,19096.484112911297,-30987.53492943044,0.45487358015840457,0.33786039924302547,0.1170131809153791
125000.0,15000.0,788.7290748930242,18345.22378887453,-32658.385131953422,0.4523252316767,0.33408745148771024,0.11823778018898978
130000.0,15000.0,812.2399681470138,17622.856687289444,-34297.6770704441,0.4500855526224648,0.33058199761783225,0.11950355500463256
135000.0,15000.0,835.6895453515809,16894.112716564414,-35940.95455214724,0.4479592649951521,0.32731656441717794,0.12064270057797416
140000.0,15000.0,859.0838955694164,16159.625139219308,-37587.82178798793,0.4459387734548161,0.3242673163497696,0.12167145710504651
145000.0,15000.0,882.4283274542745,15419.946055244553,-39237.93371547216,0.44401702117329367,0.3214134727776069,0.12260354839568677
150000.0,15000.0,905.7274903963654,14675.559001221991,-40890.98812423625,0.4421874689056623,0.3187368337390095,0.12345063516665278
155000.0,15000.0,928.9854737803342,13926.889273154753,-42546.71920427828,0.4404440673110717,0.31622139140489497,0.12422267590617675
160000.0,15000.0,952.2058888344432,13174.312438782094,-44204.89222576119,0.4387812259131121,0.3138530096814929,0.1249282162316192
165000.0,15000.0,975.3919365319948,12418.161399327466,-45865.29912542034,0.43719378089329025,0.3116191584113424,0.12557462248194784
170000.0,15000.0,998.5464642413572,11658.73228110114,-47527.754824311785,0.43567696311115506,0.30950869161769257,0.1261682714934625
175000.0,15000.0,1018.0287047868538,10517.385297832807,-49428.90918885449,0.43267790491028824,0.3064150670794633,0.12626283783082493
180000.0,15000.0,1036.611028918387,9282.447007512252,-51388.55812030485,0.42945738793266297,0.3032322264561786,0.12622516147648438
185000.0,15000.0,1055.1518788516469,8012.1954005712905,-53381.90287464295,0.42627596502558485,0.30021173590141187,0.12606422912417298
190000.0,15000.0,1073.654348937108,6458.952289459208,-55656.74231908799,0.4223404301677076,0.29734148263101345,0.12499894753669416
195000.0,15000.0,1092.121233172853,4902.008249976701,-57933.89484376456,0.41859300819261774,0.29461052958533934,0.1239824786072784
200000.0,15000.0,1110.555060783256,3341.626321458636,-60213.19604908835,0.41502054058462856,0.29200897615708277,0.1230115644275458
205000.0,15000.0,1128.9581268572795,1823.0451931570715,-62449.49675427683,0.4117409767643913,0.2895278382581648,0.1222131385062265
210000.0,15000.0,1147.332518828629,301.4819581774209,-64687.661276139115,0.4086053953037333,0.2871589446636025,0.12144645064013082
215000.0,15000.0,1165.6801394415888,-1222.865498074767,-66927.56593629673,0.4056045371423011,0.2848948471121177,0.12070969003018339
220000.0,15000.0,1184.002726734904,-2579.816419569979,-68999.09776223123,0.4031782550257356,0.28272874207956783,0.12044951294616779
225000.0,15000.0,1202.3018714858517,-3709.205365471411,-70842.15335341964,0.401437639887532,0.28065440249440793,0.12078323739312408
230000.0,15000.0,1220.5790324832844,-4840.880621738412,-72686.6378885865,0.399756315276817,0.2786661179516113,0.1210901973252057
235000.0,15000.0,1238.8355499384734,-5974.702806398767,-74532.46425399923,0.3981313782793471,0.2767586422161529,0.12137273606319421
240000.0,15000.0,1257.0726572933645,-7110.5436414900905,-76379.55227593132,0.3965601059183008,0.2749271469997769,0.12163295891852394
245000.0,15000.0,1275.2914916453165,-8248.284868887087,-78227.82804305444,0.3950399421309794,0.27316718115353367,0.12187276097744576
250000.0,15000.0,1293.1717479791514,-9421.238210168245,-80098.11138135515,0.39347070774429715,0.271407189482394,0.12206351826190315
255000.0,15000.0,1309.8220564201254,-10722.106132306959,-82048.34133269185,0.39158848264057167,0.2694637960067356,0.12212468663383608
260000.0,15000.0,1326.4540484637405,-12024.878959770984,-83999.76184985686,0.3897653829251471,0.2675921017679525,0.12217328115719461
265000.0,15000.0,1343.0687193932827,-13329.453183098609,-85952.30823943662,0.3879987078211367,0.2657882107459572,0.1222104970751795
270000.0,15000.0,1359.6669936654675,-14635.732658791385,-87905.92041174462,0.3862859154169998,0.26404850417010617,0.12223741124689363
275000.0,15000.0,1376.2497311005359,-15863.377965544263,-89780.29247846515,0.3847905724125988,0.2623696162881754,0.12242095612442339
280000.0,15000.0,1392.817732434301,-17022.8058268327,-91585.87239177045,0.3834794747438797,0.2607484126329677,0.122731062110912
285000.0,15000.0,1409.371744307576,-18183.688592012084,-93392.36162000755,0.38220400186177494,0.2591819704912717,0.12302203137050327
290000.0,15000.0,1425.9124637583989,-19345.95376912653,-95199.71485570408,0.38096275718343353,0.25766756131912516,0.12329519586430837
295000.0,15000.0,1442.4405422739114,-20509.53360351319,-97007.88975219574,0.37975441365999363,0.25620263488080297,0.12355177877919066
300000.0,15000.0,1458.9565894514426,-21674.364697049983,-98816.84668565623,0.3785777097257067,0.254784804917569,0.1237929048081377
60000.0,20000.0,404.66734781919115,26583.804173195877,-13279.522391752576,0.44198072015538625,0.3642874815905744,0.07769323856481186
65000.0,20000.0,438.8396088836246,26370.219323896956,-14825.825422564403,0.4441566767933138,0.3635787977494818,0.08057787904383196
70000.0,20000.0,470.8090819463913,26277.54452242469,-16165.309673484568,0.4467939093204188,0.3612843436221644,0.08550956569825441
75000.0,20000.0,501.02302292214415,26152.294383902994,-17468.90351006063,0.4487095318312421,0.3580506458131974,0.09065888601804473
80000.0,20000.0,531.1185837235229,26014.73270724638,-18780.19205797101,0.45032066449736163,0.35515362318840576,0.09516704130895587
85000.0,20000.0,561.1133372130838,25866.68707016072,-20098.03308114955,0.4516876587341671,0.3525432982345024,0.09914436049966469
90000.0,20000.0,591.0215421196788,25709.640380446595,-21421.499762220876,0.45285670360603103,0.3501791188895595,0.10267758471647154
95000.0,20000.0,620.8548891423251,25544.808470801807,-22749.83220574887,0.4538636240171638,0.34802783661119513,0.10583578740596866
100000.0,20000.0,650.6230541759908,25373.19763430304,-24082.401478560598,0.45473654324128393,0.3460619329932441,0.10867461024803982
105000.0,20000.0,680.3341144283513,25195.647900548545,-25418.682562157162,0.4554977815723986,0.344258436322781,0.1112393452496176
110000.0,20000.0,708.6160115765422,24869.46520396039,-26847.859247524757,0.45527933035127194,0.34193267326732674,0.1133466570839452
115000.0,20000.0,732.6632703892408,24102.880120481037,-28552.287424699352,0.4524626948159558,0.33786039924302547,0.11460229557293033
120000.0,20000.0,756.6052814807443,23325.34927399741,-30263.55670375162,0.44979392519719563,0.33408745148771024,0.11570647370948539
125000.0,20000.0,780.4532376068375,22602.036711111105,-31916.93955555556,0.44757915328685394,0.3305819976178322,0.11699715566902175
130000.0,20000.0,804.2167987730061,21905.947072392635,-33539.808079754606,0.4456396834666757,0.3273165644171779,0.11832311904949783
135000.0,20000.0,827.9043459204001,21201.951975721604,-35167.617515173995,0.44378612170954923,0.3242673163497696,0.11951880535977966
140000.0,20000.0,851.5231858410431,20490.81132746848,-36799.892920332204,0.4420141118005734,0.3214134727776069,0.12060063902296647
145000.0,20000.0,875.0797179214607,19773.190663831912,-38436.218335105055,0.44031937501551577,0.3187368337390095,0.12158254127650625
150000.0,20000.0,898.5795707606328,19049.675359105822,-40076.227900558864,0.43869776529703886,0.31622139140489497,0.12247637389214389
155000.0,20000.0,922.0277148266074,18320.782341967177,-41719.59853627052,0.43714530350965397,0.3138530096814929,0.12329229382816109
160000.0,20000.0,945.4285559155196,17586.96981521404,-43366.04386549123,0.4356581970792675,0.31161915841134236,0.12403903866792515
165000.0,20000.0,968.7860131242713,16848.645364924232,-45015.30914692236,0.434232849474088,0.30950869161769257,0.12472415785639546
170000.0,20000.0,988.5657175676747,15738.234627038168,-46897.12835810115,0.43132225198243923,0.30641506707946337,0.12490718490297587
175000.0,20000.0,1007.4540840668313,14535.124742950458,-48836.88453565596,0.4281835279670387,0.30323222645617853,0.12495130151086015
180000.0,20000.0,1026.2853657842036,13326.078041557179,-50780.35122402677,0.42517957089756353,0.3002117359014119,0.1249678349961516
185000.0,20000.0,1045.063821761049,12080.537463149085,-52758.25158553182,0.42220044153203057,0.2973414826310135,0.12485895890101706
190000.0,20000.0,1063.793297635801,10550.902954123303,-55018.33565367293,0.4184614157971863,0.29461052958533934,0.12385088621184698
195000.0,20000.0,1082.4772746143058,9016.536559887798,-57281.377150070126,0.4148966295294366,0.29200897615708277,0.12288765337235386
200000.0,20000.0,1101.1189116401483,7477.766810575413,-59547.170743390365,0.41149419969735396,0.28952783825816486,0.1219663614391891
205000.0,20000.0,1119.721081841744,5979.892511541388,-61770.529680286636,0.40837214505430786,0.2871589446636025,0.12121320039070538
210000.0,20000.0,1138.2864041423468,4478.186030804078,-63996.283730747455,0.4053837562351179,0.28489484711211777,0.12048890912300014
215000.0,20000.0,1156.817270765715,2972.896159634358,-66224.27740022853,0.4025206553591278,0.2827287420795679,0.1197919132795599
220000.0,20000.0,1175.3158712460047,1634.2506095844874,-68284.3683690097,0.4002201949143932,0.28065440249440793,0.11956579241998527
225000.0,20000.0,1193.7842134494756,522.458198745473,-70116.42612578408,0.39859367147944313,0.2786661179516112,0.11992755352783191
230000.0,20000.0,1212.224142033074,-592.2892285603011,-71950.33076785019,0.39701997446476617,0.27675864221615293,0.12026133224861324
235000.0,20000.0,1230.6373546972322,-1709.815111487842,-73785.9719446799,0.39549667929047755,0.2749271469997769,0.12056953229070067
240000.0,20000.0,1249.0254165343997,-2829.9566804224305,-75623.24792526402,0.39402149796337466,0.2731671811535337,0.12085431680984093
245000.0,20000.0,1267.0749028366135,-3985.3101049922116,-77482.53131562013,0.3924947351812205,0.271407189482394,0.12108754569882652
250000.0,20000.0,1283.9120760348624,-5266.7440923743125,-79420.61505773394,0.3906532864086602,0.26946379600673565,0.12118949040192456
255000.0,20000.0,1300.7240386783606,-6550.799977450501,-81360.33748590657,0.38886851091229596,0.2675921017679525,0.12127640914434346
260000.0,20000.0,1317.5121606677098,-7837.335290558156,-83301.60955659885,0.3871378977703239,0.2657882107459572,0.12134968702436671
265000.0,20000.0,1334.277714418342,-9126.217700492445,-85244.34856280778,0.38545907710717964,0.2640485041701062,0.12141057293707341
270000.0,20000.0,1351.0218833805193,-10417.324128426,-87188.47758026625,0.3838298108297292,0.2623696162881754,0.12146019454155382
275000.0,20000.0,1367.745769681131,-11630.289953162399,-89053.6749707265,0.3824129194994673,0.2607484126329677,0.1216645068664996
280000.0,20000.0,1384.4504009911077,-12775.508296924803,-90850.37393557801,0.3811757276044491,0.25918197049127173,0.12199375711317739
285000.0,20000.0,1401.1367367084829,-13922.629382317798,-92648.26211394861,0.3799707707270881,0.25766756131912516,0.12230320940796297
290000.0,20000.0,1417.805673535373,-15071.5599523212,-94447.28122020075,0.37879685623665926,0.25620263488080297,0.12259422135585629
295000.0,20000.0,1434.4580505170609,-16222.212746225676,-96247.37671639104,0.37765284594345555,0.254784804917569,0.12286804102588655
300000.0,20000.0,1451.0946536027634,-17374.506025312614,-98048.49751582037,0.37653765336685197,0.25341183617678326,0.12312581719006871
60000.0,25000.0,403.8801091000205,31292.16254075276,-12133.13510991101,0.4411208921067227,0.36357879774948176,0.07754209435724091
65000.0,25000.0,436.07020275195237,30872.43228055368,-13808.279022535437,0.44135371598659967,0.36128434362216433,0.08006937236443534
70000.0,25000.0,466.59507620933675,30629.51912012165,-15241.662247805454,0.442794852867698,0.35805064581319745,0.08474420705450053
75000.0,25000.0,496.9691968784838,30520.92766971295,-16534.844404310894,0.44507897933573576,0.35515362318840576,0.08992535614733
80000.0,25000.0,527.2149431520739,30398.985282166323,-17836.370896527536,0.44701087630699243,0.35254329823450237,0.09446757807249007
85000.0,25000.0,557.3504729956826,30265.580385901616,-19145.061456692976,0.4486586105619489,0.35017911888955944,0.09847949167238945
90000.0,25000.0,587.3906740835563,30122.26129904049,-20459.94838598118,0.4500746342348033,0.34802783661119513,0.10204679762360819
95000.0,25000.0,617.3478683112558,29970.30949872123,-21780.23076118072,0.4512998861587221,0.3460619329932441,0.10523795316547796
100000.0,25000.0,647.232341705007,29810.79473167136,-23105.239990586888,0.45236669043898337,0.344258436322781,0.10810825411620234
105000.0,25000.0,675.7378699162224,29507.869665637758,-24519.880656857888,0.4524205006681503,0.34193267326732674,0.11048782740082358
110000.0,25000.0,700.1766935389498,28782.00732240142,-26198.8571213806,0.4498571454132995,0.33786039924302547,0.11199674617027405
115000.0,25000.0,724.4814880684645,28042.205953470933,-27886.54547696215,0.4474099626443414,0.33408745148771024,0.11332251115663117
120000.0,25000.0,748.6665070666613,27289.9479292834,-29582.01924207936,0.4450744068533941,0.3305819976178322,0.11449240923556192
125000.0,25000.0,772.7440521944313,26590.512622571492,-31220.478808774304,0.4431580419208526,0.32731656441717794,0.11584147750367468
130000.0,25000.0,796.7247962713839,25917.010006574543,-32829.230443772394,0.44148814916840146,0.3242673163497696,0.11722083281863188
135000.0,25000.0,820.6180442278117,25234.407794043043,-34443.669326604584,0.4398804053237212,0.3214134727776069,0.11846693254611429
140000.0,25000.0,844.4319454465558,24543.553520792426,-36063.26574738622,0.43833314529648715,0.31873683373900946,0.11959631155747769
145000.0,25000.0,868.1736677409313,23845.19263940749,-37687.55379825181,0.43684441423532616,0.31622139140489497,0.12062302283043119
150000.0,25000.0,891.8495408187715,23139.983439502867,-39316.12204819219,0.4354120806543561,0.3138530096814929,0.12155907097286323
155000.0,25000.0,915.4651752990444,22428.50942545125,-40948.605806974454,0.4340339183664101,0.31161915841134236,0.12241475995506773
160000.0,25000.0,939.0255620071855,21711.289643097924,-42584.68067094529,0.4327076655297808,0.3095086916176925,0.12319897391208828
165000.0,25000.0,959.1027303484955,20631.815150594164,-44447.16472876014,0.429892572658542,0.3064150670794633,0.12347750557907872
170000.0,25000.0,978.2971392152757,19460.533672739315,-46367.028152419414,0.4268419566809671,0.30323222645617853,0.12360973022478855
175000.0,25000.0,997.4188527167601,18281.69187689366,-48291.61677482295,0.42391839982730906,0.3002117359014119,0.12370666392589713
180000.0,25000.0,1016.47329458499,17095.853831189597,-50220.57805338799,0.4211145297684716,0.29734148263101345,0.12377304713745813
185000.0,25000.0,1035.4653620987492,15872.52885262054,-52184.59366499365,0.418322712896643,0.29461052958533934,0.12371218331130368
190000.0,25000.0,1054.3994884453555,14364.177992667595,-54431.37545246424,0.4147661991584852,0.29200897615708277,0.12275722300140246
195000.0,25000.0,1073.279696423017,12850.21962234439,-56681.66193391624,0.4113713414879312,0.2895278382581648,0.12184350322976639
200000.0,25000.0,1092.1096448548592,11331.034259256005,-58935.21528584648,0.40812738709747737,0.2871589446636025,0.12096844243387489
205000.0,25000.0,1110.8926688431047,9851.968754033529,-61146.81872661053,0.40515234504147823,0.28489484711211777,0.12025749792936047
210000.0,25000.0,1129.6318147965258,8368.339933189302,-63361.27423963817,0.4023015530875499,0.2827287420795679,0.119572811007982
215000.0,25000.0,1148.3298710061579,6880.437778991036,-65578.40058601208,0.3995674199607226,0.28065440249440793,0.11891301746631466
220000.0,25000.0,1166.989394415667,5558.5282135799935,-67628.03156439398,0.39738485144502006,0.27866611795161134,0.11871873349340872
225000.0,25000.0,1185.6127341276747,4462.855543628801,-69450.01448311348,0.3958652889898779,0.2767586422161529,0.11910664677372501
230000.0,25000.0,1204.2020521010998,3363.6446128649986,-71274.20881484087,0.39439263037095446,0.27492714699977694,0.11946548337117752
235000.0,25000.0,1222.7593414234832,2261.1027023928764,-73100.48500888594,0.39296487893736654,0.2731671811535337,0.11979769778383281
240000.0,25000.0,1240.9780576940757,1123.3491945345013,-74948.76845129742,0.3914828527581304,0.27140718948239406,0.12007566327573632
245000.0,25000.0,1258.0020956495994,-138.65085809104494,-76874.70598418839,0.3896843022334562,0.2694637960067356,0.12022050622672059
250000.0,25000.0,1274.9940288929804,-1403.9898007794109,-78802.73032336863,0.3879398105489402,0.2675921017679525,0.12034770878098772
255000.0,25000.0,1291.9556019421373,-2672.4862036670966,-80732.72807517342,0.3862470717482221,0.2657882107459572,0.12045886100226488
260000.0,25000.0,1308.8884351712163,-3943.9715478428698,-82664.59391528327,0.384603901455657,0.26404850417010617,0.12055539728555081
265000.0,25000.0,1325.7940356605022,-5218.289096957131,-84598.2298834797,0.3830082297692278,0.2623696162881754,0.12063861348105243
270000.0,25000.0,1342.673806927961,-6495.292885141418,-86533.54475109487,0.3814580945422329,0.2607484126329678,0.12070968190926512
275000.0,25000.0,1359.529057674639,-7694.5968074869015,-88390.2034525608,0.3801155796745221,0.25918197049127173,0.12093360918325036
280000.0,25000.0,1376.3610096585671,-8826.573801158374,-90178.62657360546,0.37894850471163133,0.2576675613191252,0.12128094339250611
285000.0,25000.0,1393.170804796834,-9960.855106778617,-91968.48988961813,0.37781050955576295,0.25620263488080297,0.12160787467495998
290000.0,25000.0,1409.9595115826794,-11097.329601050704,-93759.72394853817,0.37670058766002634,0.254784804917569,0.12191578274245735
295000.0,25000.0,1426.728130893457,-12235.893192729825,-95552.26369333762,0.375617773433865,0.25341183617678326,0.12220593725708173
300000.0,25000.0,1443.4776012558868,-13376.448275037139,-97346.0481197797,0.3745611406637389,0.2520816326530612,0.1224795080106777
60000.0,30000.0,401.3313235575135,34670.40503510063,-11387.977122481818,0.43833708937178534,0.3612843436221644,0.07705274574962095
65000.0,30000.0,432.16712949652924,34109.82885275826,-13151.149736445794,0.43740335231997507,0.3580506458131974,0.07935270650677767
70000.0,30000.0,462.8198100334448,33880.20762859749,-14576.22550154628,0.4392121566153687,0.35515362318840576,0.08405853342696296
75000.0,30000.0,493.3165490910641,33784.368490589884,-15861.43746280103,0.4418077167317172,0.35254329823450237,0.08926441849721484
80000.0,30000.0,523.6794038716866,33674.60538777464,-17155.35190206056,0.4440131909559385,0.3501791188895595,0.093834072066379
85000.0,30000.0,553.9264590247875,33552.799123697136,-18456.793317109004,0.44590233165817483,0.34802783661119513,0.0978744950469797
90000.0,30000.0,584.0726824465207,33420.50635955738,-19764.788794696346,0.4475322992296335,0.3460619329932441,0.10147036623638939
95000.0,30000.0,614.1305689816627,33279.02655921214,-21078.526169912122,0.4489479434442268,0.344258436322781,0.10468950712144576
100000.0,30000.0,642.8597282559025,32999.359123733084,-22478.630817086534,0.4493105627595017,0.34193267326732674,0.10737788949217497
105000.0,30000.0,667.690116688659,32314.21952073978,-24132.15556895735,0.44703236318679335,0.33786039924302547,0.10917196394376788
110000.0,30000.0,692.3576946561848,31612.14762936245,-25796.263001068182,0.4448335098797999,0.3340874514877103,0.11074605839208962
115000.0,30000.0,716.8797765264852,30894.94414387369,-27469.827679498652,0.442715458322226,0.33058199761783225,0.11213346070439373
120000.0,30000.0,741.2713056158565,30164.1631691683,-29151.878288689524,0.44067803695009183,0.3273165644171779,0.11336147253291395
125000.0,30000.0,765.5452466223676,29485.15303384546,-30777.572123266298,0.43902962634466647,0.3242673163497696,0.1147623099948969
130000.0,30000.0,789.7129026145802,28831.08925703557,-32374.174483772476,0.4376026570044882,0.32141347277760696,0.11618918422688124
135000.0,30000.0,813.784172971651,28167.001374170926,-33977.04191056288,0.4362172077140235,0.31873683373900946,0.11748037397501404
140000.0,30000.0,837.7677647212299,27493.794916127146,-35585.60844684025,0.43487385966203435,0.316221391404895,0.11865246825713932
145000.0,30000.0,861.6713668109355,26812.26953345652,-37199.374311009386,0.43357261050930773,0.3138530096814929,0.11971960082781485
150000.0,30000.0,885.5017946825692,26123.13403210642,-38817.8964993532,0.43231303173844576,0.31161915841134236,0.12069387332710341
155000.0,30000.0,909.2651108900998,25427.01891768961,-40440.780945863706,0.431094387380254,0.30950869161769257,0.12158569576256145
160000.0,30000.0,929.6397431293166,24378.480670568162,-42283.92985031461,0.4283826333474333,0.30641506707946337,0.12196756626796995
165000.0,30000.0,949.1401943637202,23239.027598946137,-44183.90052007837,0.4254271279369509,0.3032322264561786,0.12219490148077233
170000.0,30000.0,968.5523396493165,22090.39070864815,-46089.611076514615,0.42259019190780794,0.30021173590141187,0.12237845600639607
175000.0,30000.0,987.8827674089309,20933.255195648046,-48000.63327213968,0.4198654164559795,0.29734148263101345,0.12252393382496607
180000.0,30000.0,1007.1374265616972,19768.239747535743,-49916.580427209876,0.4172467747634426,0.2946105295853393,0.12263624517810329
185000.0,30000.0,1026.3217022764052,18564.904421865373,-51868.10250575385,0.4146287210716203,0.29200897615708277,0.12261974491453753
190000.0,30000.0,1045.4404812058858,17075.75743053136,-54102.88187533761,0.4112420193559827,0.28952783825816486,0.12171418109781784
195000.0,30000.0,1064.4982078679743,15580.261003388558,-56341.62964230186,0.4080055341040887,0.2871589446636025,0.12084658944048621
200000.0,30000.0,1083.4989335438627,14078.836473680945,-58584.082473369126,0.404909516872666,0.28489484711211777,0.12001466976054825
205000.0,30000.0,1102.4463588273366,12616.868703162225,-60784.99982994332,0.40207190135343085,0.2827287420795679,0.11934315927386296
210000.0,30000.0,1121.3438707663108,11149.709944815564,-62989.16155390999,0.3993499252105866,0.2806544024944079,0.11869552271617873
215000.0,30000.0,1140.1945753818582,9677.683224832479,-65196.365753899416,0.3967367010485941,0.2786661179516113,0.11807058309698282
220000.0,30000.0,1159.0013262222756,8371.085312235882,-67236.42694927228,0.39466474335530344,0.276758642216153,0.11790610113915045
225000.0,30000.0,1177.7667495049675,7290.189333635848,-69049.1744358973,0.3932455862145333,0.27492714699977694,0.11831843921475638
230000.0,30000.0,1196.4932663125664,6205.247081626134,-70864.45084340338,0.3918678976661719,0.2731671811535337,0.1187007165126382
235000.0,30000.0,1214.8812125515378,5085.093490479165,-72701.73433787024,0.3904330414338289,0.271407189482394,0.11902585195143489
240000.0,30000.0,1232.0921152643364,3842.527372610217,-74615.52566153833,0.38867966532844866,0.26946379600673565,0.11921586932171302
245000.0,30000.0,1249.2640191076007,2595.905372309702,-76531.85191172615,0.38697755693318464,0.26759210176795256,0.11938545516523208
250000.0,30000.0,1266.3990432165645,1345.4478796419426,-78450.5753446435,0.3853246319367904,0.26578821074595727,0.11953642119083313
255000.0,30000.0,1283.4991559240907,91.35960122467077,-80371.56801865429,0.3837189063012382,0.26404850417010617,0.11967040213113206
260000.0,30000.0,1300.5661879404856,-1166.1690690702671,-82294.71093758862,0.38215849154308573,0.26236961628817546,0.11978887525491028
265000.0,30000.0,1317.601844174791,-2426.960820702501,-84219.89328235877,0.38064159009935655,0.2607484126329678,0.11989317746638878
270000.0,30000.0,1334.6077143581708,-3690.850321630991,-86147.01172043908,0.3791664908137642,0.25918197049127173,0.11998452032249246
275000.0,30000.0,1351.5852826086511,-4877.433223581043,-87995.71978415786,0.37789455126253896,0.2576675613191252,0.12022698994341374
280000.0,30000.0,1368.5359360582956,-5997.065264818011,-89776.42730993096,0.3767940554651964,0.256202634880803,0.12059142058439337
285000.0,30000.0,1385.4609726482977,-7119.361459457825,-91558.79993158086,0.37571969943930145,0.254784804917569,0.12093489452173245
290000.0,30000.0,1402.3616081841512,-8244.195363729043,-93342.75862175037,0.3746706466215089,0.25341183617678326,0.12125881044472564
295000.0,30000.0,1419.238982731554,-9371.44841079916,-95128.22927616918,0.37364608934312743,0.2520816326530612,0.12156445669006621
300000.0,30000.0,1436.0941664238205,-10501.009306803448,-96915.14233617186,0.3726452482589596,0.250792226911375,0.12185302134758463
60000.0,35000.0,397.73918278372184,37940.1385853949,-10710.637225086122,0.4344137262078037,0.35805064581319745,0.07636308039460626
65000.0,35000.0,428.6704231884057,37389.48758748203,-12467.60659878167,0.433864279223339,0.3551536231884057,0.07871065603493327
70000.0,35000.0,459.4181550300542,37169.75169901346,-13886.50402907452,0.4359840142633966,0.35254329823450237,0.08344071602889425
75000.0,35000.0,490.00833474769047,37083.630389647646,-15165.642347428162,0.438844924122797,0.35017911888955944,0.08866580523323758
80000.0,35000.0,520.4622439660191,36983.336948353804,-16453.638248236806,0.4412854506152452,0.3480278366111953,0.09325761400404992
85000.0,35000.0,550.7974965817857,36870.70322039354,-17749.346828211976,0.44338356472391127,0.34606193299324417,0.0973216317306671
90000.0,35000.0,581.0287962583184,36747.25838675295,-19051.812349237345,0.4451999912389679,0.3442584363227811,0.10094155491618684
95000.0,35000.0,609.9815865955826,36490.84858182842,-20437.380977315173,0.4459149123532885,0.34193267326732674,0.10398223908596177
100000.0,35000.0,635.2035398383681,35846.43171907811,-22065.454016534117,0.4439594633278917,0.33786039924302547,0.10609906408486625
105000.0,35000.0,660.2339012439049,35182.08930525394,-23705.980525174222,0.44204027250372496,0.33408745148771024,0.10795282101601472
110000.0,35000.0,685.093045986309,34499.940358463966,-25357.636116917958,0.4401660393067037,0.3305819976178322,0.10958404168887154
115000.0,35000.0,709.7985590372817,33801.813715765136,-27019.277768604727,0.43834238971454115,0.32731656441717794,0.11102582529736321
120000.0,35000.0,734.3656969733512,33089.29606111636,-28689.913802760213,0.4365727248498258,0.3242673163497696,0.11230540850005621
125000.0,35000.0,758.8077610013488,32427.770720028115,-30304.679640940365,0.435165771389327,0.32141347277760696,0.11375229861172004
130000.0,35000.0,783.1364004967462,31790.449227549434,-31890.818073739538,0.43395842782824995,0.31873683373900946,0.11522159408924049
135000.0,35000.0,807.3618617015284,31142.39719284678,-33483.663095428696,0.43277462086806284,0.31622139140489497,0.11655322946316787
140000.0,35000.0,831.4931928030995,30484.555627410184,-35082.62657382657,0.43161681466380347,0.3138530096814928,0.11776380498231065
145000.0,35000.0,855.538414066094,29817.758638761596,-36687.18719173194,0.43048665403665337,0.3116191584113424,0.11886749562531096
150000.0,35000.0,879.5046597730138,29142.74819228128,-38296.88122078214,0.42938515560079915,0.3095086916176925,0.11987646398310664
155000.0,35000.0,900.1767559101374,28125.14619054214,-40120.6949718691,0.42678548035692637,0.30641506707946337,0.120370413277463
160000.0,35000.0,919.9832495121644,27017.52152515293,-42000.77288773736,0.423932872894321,0.30323222645617853,0.12070064643814249
165000.0,35000.0,939.6858265818731,25899.089540402638,-43887.60537820629,0.42118945624653514,0.3002117359014119,0.12097772034512322
170000.0,35000.0,959.292240232872,24770.656560106523,-45780.68849089136,0.4185499072176718,0.2973414826310135,0.12120842458665831
175000.0,35000.0,978.8094910246454,23632.950642450945,-47679.567189426096,0.4160091340170215,0.2946105295853393,0.12139860443168221
180000.0,35000.0,998.243916107455,22486.63085106315,-49583.82955904347,0.4135622839923807,0.29200897615708277,0.12155330783529794
185000.0,35000.0,1017.6012659887546,21301.295238718303,-51524.101816758994,0.41110570939105723,0.28952783825816486,0.12157787113289237
190000.0,35000.0,1036.8867708810894,19829.48774752114,-53748.043998757224,0.4078772700754709,0.2871589446636025,0.12071832541186844
195000.0,35000.0,1056.1051982446204,18350.704193328333,-55976.34622012773,0.40478862462617066,0.2848948471121177,0.11989377751405295
200000.0,35000.0,1075.2609028581473,16865.397473135148,-58208.72542024847,0.4018309194493856,0.2827287420795679,0.11910217736981771
205000.0,35000.0,1094.357870526464,15418.982110640092,-60399.92252180788,0.399121958397779,0.28065440249440793,0.11846755590337105
210000.0,35000.0,1113.3997563480493,13966.838236084965,-62594.699943404834,0.3965207471310479,0.2786661179516113,0.11785462917943662
215000.0,35000.0,1132.3899183168762,12509.315080842964,-64792.83941543108,0.39402102956266416,0.27675864221615293,0.11726238734651123
220000.0,35000.0,1151.331446908835,11216.734054406668,-66824.14005695377,0.39205298538547295,0.27492714699977694,0.11712583838569601
225000.0,35000.0,1170.2271912016497,10149.391460859391,-68628.41667792082,0.39072819639517137,0.2731671811535337,0.11756101524163765
230000.0,35000.0,1188.7843674089997,9046.8377864238,-70454.70022444306,0.38934312791467,0.271407189482394,0.11793593843227601
235000.0,35000.0,1206.1821348790731,7823.70560331142,-72356.34533888829,0.3876373711096527,0.2694637960067356,0.1181735751029171
240000.0,35000.0,1223.5340093222203,6595.800545398728,-74260.97350008372,0.3859798982313161,0.2675921017679525,0.11838779646336361
245000.0,35000.0,1240.8424844909914,5363.3819629509235,-76168.4226141136,0.3843688650620366,0.26578821074595715,0.11858065431607945
250000.0,35000.0,1258.109876676965,4126.690750292211,-78078.5421220253,0.3828025042843395,0.26404850417010617,0.11875400011423332
255000.0,35000.0,1275.3383402204688,2885.9509588165965,-79991.19199169756,0.381279123414069,0.2623696162881754,0.1189095071258936
260000.0,35000.0,1292.529881421621,1641.3712437364156,-81906.24181362268,0.37979710247630516,0.2607484126329677,0.11904868984333744
265000.0,35000.0,1309.6863710417022,393.1461642248614,-83823.5699883174,0.37835489150896817,0.25918197049127173,0.11917292101769644
270000.0,35000.0,1326.8095555587352,-858.5426460037124,-85743.06299471026,0.37695100796065295,0.25766756131912516,0.11928344664152779
275000.0,35000.0,1343.9010673197565,-2033.2754228574922,-87584.36473024386,0.3757460940946738,0.25620263488080297,0.11954345921387083
280000.0,35000.0,1360.962433713916,-3141.3933178649168,-89357.87591462351,0.37470887042384976,0.254784804917569,0.11992406550628076
285000.0,35000.0,1377.995085474845,-4252.497534728289,-91133.25355016312,0.3736950441511085,0.25341183617678326,0.12028320797432523
290000.0,35000.0,1395.0003642072213,-5366.448546561151,-92910.41043255865,0.37270393416683306,0.2520816326530612,0.12062230151377185
295000.0,35000.0,1411.9795292208037,-6483.115385148587,-94689.2647066758,0.37173487745558503,0.25079222691137504,0.12094265054421
300000.0,35000.0,1428.93376374516,-7602.374994615529,-96469.73946259264,0.37078722940740466,0.24954177037770958,0.12124545902969508
60000.0,40000.0,394.52103634336675,40638.767546366566,-10161.487696017055,0.4308988424670252,0.35515362318840576,0.07574521927861944
65000.0,40000.0,425.5197609690444,40095.134907437045,-11914.070595348006,0.4306754429544121,0.3525432982345024,0.0781321447199097
70000.0,40000.0,456.33726562369435,39882.65539152064,-13328.43279279576,0.4330602757994727,0.35017911888955944,0.08288115690991327
75000.0,40000.0,486.9980289072502,39803.87477301045,-14602.98317936463,0.4361489343927149,0.34802783661119524,0.08812109778151966
80000.0,40000.0,517.5223107170507,39710.9000812297,-15886.404861727598,0.4387927630407082,0.3460619329932441,0.09273083004746407
85000.0,40000.0,547.927023534974,39605.49021429372,-17177.598528562587,0.4410728778020611,0.344258436322781,0.09681444147928009
90000.0,40000.0,577.1034449352627,39372.33803992374,-18548.63113754382,0.4421922808020874,0.34193267326732674,0.10025960753476065
95000.0,40000.0,602.7169629880772,38768.64391741645,-20151.25246411088,0.4406042536868522,0.33786039924302547,0.10274385444382672
100000.0,40000.0,628.1101078316251,38142.030981145435,-21768.198049280265,0.4390016882694154,0.33408745148771024,0.10491423678170514
105000.0,40000.0,653.3063154461329,37494.93657305425,-23397.944554337257,0.4374021103189739,0.3305819976178322,0.10682011270114172
110000.0,40000.0,678.3258124587069,36829.464262361944,-25039.177248519947,0.43581815342994695,0.3273165644171779,0.10850158901276907
115000.0,40000.0,703.1861473243349,36147.43908838726,-26690.75548225412,0.43425883626810863,0.3242673163497696,0.10999151991833905
120000.0,40000.0,727.9026193881174,35450.45218302062,-28351.68479810827,0.4327304928339099,0.32141347277760696,0.11131702005630295
125000.0,40000.0,752.4886280218415,34803.897080927934,-29957.0942369162,0.43154183589621836,0.31873683373900946,0.1128050021572089
130000.0,40000.0,776.955958681827,34180.99946956644,-31534.217744017133,0.4305336670693514,0.316221391404895,0.1143122756644564
135000.0,40000.0,801.3150187952638,33546.84172136385,-33118.37883664375,0.4295332983950243,0.3138530096814928,0.11568028871353148
140000.0,40000.0,825.5750334496188,32902.38324541677,-34708.977884110674,0.4285447785834948,0.3116191584113424,0.11692562017215241
145000.0,40000.0,849.7442086559281,32248.477466872944,-36305.48149570057,0.42757114719463013,0.30950869161769257,0.11806245557693756
150000.0,40000.0,870.7137686909582,31261.811710516078,-38109.96009342361,0.4250933328194255,0.30641506707946337,0.11867826573996215
155000.0,40000.0,890.8263046606088,30186.01545135975,-39970.14525539632,0.42235231009132745,0.30323222645617853,0.11912008363514892
160000.0,40000.0,910.8193135144297,29097.788372157112,-41838.09967989796,0.41971008545052857,0.30021173590141187,0.1194983495491167
165000.0,40000.0,930.701713056813,27998.05792456497,-43713.24370964305,0.41716256365814564,0.2973414826310135,0.11982108102713213
170000.0,40000.0,950.4815554875935,26887.661537366133,-45595.05395164232,0.41470570716267574,0.2946105295853393,0.12009517757733645
175000.0,40000.0,970.1661299385047,25767.357280260912,-47483.05661233309,0.4123355722121828,0.29200897615708277,0.12032659605510004
180000.0,40000.0,989.7620507716233,24637.83304690526,-49376.82175818037,0.41004833359989495,0.28952783825816486,0.1205204953417301
185000.0,40000.0,1009.2753338942046,23468.714491653693,-51306.9583552126,0.40774207538776625,0.2871589446636024,0.12058313072416382
190000.0,40000.0,1028.7114629453783,22012.571912975778,-53521.109966886295,0.4046613718920939,0.2848948471121177,0.11976652477997618
195000.0,40000.0,1048.0754468889581,20548.92624310807,-55739.95101055362,0.4017109463676495,0.2827287420795679,0.1189822042880816
200000.0,40000.0,1067.371870286617,19078.25427646459,-57963.18348970579,0.39888274454285094,0.2806544024944079,0.11822834204844307
205000.0,40000.0,1086.6049373142405,17645.993247337436,-60145.53413291026,0.3962943953397263,0.2786661179516113,0.11762827738811504
210000.0,40000.0,1105.7785104114769,16207.54484945003,-62331.75188158989,0.3938065538544558,0.27675864221615293,0.11704791163830286
215000.0,40000.0,1124.8961443127027,14763.278775177518,-64521.60567801021,0.39141353147329305,0.27492714699977694,0.11648638447351611
220000.0,40000.0,1143.961116090733,13483.535840092663,-66544.88251243824,0.38954323008583835,0.2731671811535337,0.11637604893230463
225000.0,40000.0,1162.6875222664619,12398.582082368463,-68360.16611101586,0.388210769636836,0.271407189482394,0.11680358015444198
230000.0,40000.0,1180.2721544938101,11194.883834012682,-70249.66501623823,0.3865552618451498,0.2694637960067356,0.11709146583841423
235000.0,40000.0,1197.8039995368404,9985.695718487812,-72142.59508844127,0.38494484378318095,0.2675921017679525,0.11735274201522844
240000.0,40000.0,1215.2859257654188,8771.316046259977,-74038.76988358368,0.38337793177382373,0.26578821074595727,0.11758972102786647
245000.0,40000.0,1232.7205974298395,7552.021899359737,-75938.01622539632,0.38185299334513806,0.26404850417010617,0.11780448917503189
250000.0,40000.0,1250.1104925004518,6328.070986703417,-77840.17304580653,0.3803685481154316,0.2623696162881754,0.11799893182725618
255000.0,40000.0,1267.4579186684514,5099.703308175347,-79745.09034488656,0.3789231680360105,0.2607484126329678,0.11817475540304273
260000.0,40000.0,1284.765027725234,3867.1426500807574,-81652.62825619569,0.3775154771325285,0.25918197049127173,0.11833350664125675
265000.0,40000.0,1302.0338285088194,2630.5979315736477,-83562.65620526264,0.37614415085852243,0.2576675613191252,0.11847658953939721
270000.0,40000.0,1319.266198581218,1390.264419103114,-85475.05215055672,0.37480791515266915,0.256202634880803,0.11860528027186612
275000.0,40000.0,1336.4638947795345,226.57482372802042,-87309.45189766615,0.3736667084902931,0.25478480491756905,0.11888190357272405
280000.0,40000.0,1353.628562765539,-870.7997057275206,-89076.24847857586,0.3726896622291008,0.25341183617678326,0.11927782605231757
285000.0,40000.0,1370.7617456828884,-1971.4486823231855,-90845.09158894815,0.37173345280625714,0.2520816326530612,0.11965182015319592
290000.0,40000.0,1387.8648920177868,-3075.221463493741,-92615.88707717974,0.37079754143363003,0.250792226911375,0.12000531452225505
295000.0,40000.0,1404.9393627473032,-4181.976507624058,-94388.5464797612,0.36988139773641526,0.24954177037770958,0.12033962735870568
300000.0,40000.0,1421.9864378495379,-5291.58069699163,-96162.98659811594,0.36898450083734374,0.24832852449650047,0.12065597634084327
60000.0,45000.0,391.62136690803453,42667.518115860614,-9767.3871616215,0.4277318017058978,0.35254329823450237,0.07518850347139544
65000.0,45000.0,422.66619649969823,42128.680393393646,-11516.973238163358,0.4277873041308804,0.35017911888955944,0.07760818524132096
70000.0,45000.0,453.53381384848126,41921.41259766708,-12928.07811049246,0.4303998233437545,0.3480278366111951,0.08237198673255941
75000.0,45000.0,484.2471248523157,41848.096942065866,-14199.212895243221,0.43368526143931824,0.3460619329932441,0.08762332844607412
80000.0,45000.0,514.8252508116296,41760.722041834524,-15479.13470788781,0.43650600101426285,0.34425843632278097,0.09224756469148188
85000.0,45000.0,544.2253032749429,41550.82749801909,-16835.631297772456,0.4380930495808202,0.3419326732673268,0.09616037631349339
90000.0,45000.0,570.2303861377864,40987.85611575481,-18412.80091168763,0.43692595710844895,0.3378603992430255,0.09906555786542343
95000.0,45000.0,595.9863144193453,40398.97265703694,-20006.1655733863,0.4356839468570056,0.33408745148771024,0.10159649536929538
100000.0,45000.0,621.5195849059567,39786.93278764453,-21614.002991756555,0.4343954088052385,0.3305819976178322,0.10381341118740633
105000.0,45000.0,646.8530658801321,39154.11480895878,-23234.82672843515,0.43308152606646116,0.3273165644171779,0.10576496164928328
110000.0,45000.0,672.0065976753185,38502.58211565815,-24867.347161748043,0.43175811551388843,0.3242673163497695,0.10749079916411891
115000.0,45000.0,696.9974777748857,37834.13364601316,-26510.439955276164,0.4304369685495569,0.32141347277760685,0.10902349577195003
120000.0,45000.0,721.8408555469367,37150.34493430646,-28163.120400092852,0.4291268376407993,0.31873683373900946,0.11039000390178982
125000.0,45000.0,746.5500556621254,36516.60174628607,-29760.52239260559,0.4281361466628124,0.3162213914048949,0.1119147552579175
130000.0,45000.0,771.1368447874279,35906.12781531754,-31329.881099460927,0.4273091285146818,0.3138530096814928,0.11345611883318896
135000.0,45000.0,795.6116528331435,35284.007852071954,-32906.51857648941,0.4264760917581806,0.31161915841134236,0.11485693334683822
140000.0,45000.0,819.9837575388423,34651.20674146464,-34489.83177061899,0.4256424232552687,0.30950869161769257,0.11613373163757612
145000.0,45000.0,841.2507814717789,33695.47723049004,-36274.97521497811,0.42329745592642504,0.3064150670794633,0.11688238884696173
150000.0,45000.0,861.6693598090533,32651.509377566574,-38115.267623055275,0.42067773948297144,0.30323222645617853,0.1174455130267929
155000.0,45000.0,881.9528004469862,31593.48720391161,-39964.343981589634,0.4181452666041502,0.30021173590141187,0.11793353070273832
160000.0,45000.0,902.111185880754,30522.45928902345,-41821.54892839473,0.4156973367757759,0.29734148263101345,0.11835585414476246
165000.0,45000.0,922.1536199505416,29439.37243228135,-43686.29071385854,0.41333110575431453,0.2946105295853393,0.11872057616897524
170000.0,45000.0,942.0883437695543,28345.083709458675,-45558.033665622715,0.4110436552472023,0.2920089761570827,0.11903467909011961
175000.0,45000.0,961.9228355544922,27240.370855092217,-47436.29169960175,0.40883204492767455,0.28952783825816486,0.1193042066695097
180000.0,45000.0,981.6638969073198,26125.941235786275,-49320.622711667966,0.4066933509606793,0.2871589446636025,0.11953440629707685
185000.0,45000.0,1001.3177276461363,24971.439632623194,-51241.62371364489,0.4045272431435393,0.28489484711211777,0.1196323960314215
190000.0,45000.0,1020.8899909197689,23529.455013080995,-53446.926600858766,0.4015846611582243,0.2827287420795679,0.11885591907865639
195000.0,45000.0,1040.3858700467702,22079.52644228915,-55657.19445760367,0.3987636516861347,0.28065440249440793,0.11810924919172677
200000.0,45000.0,1059.8101182804319,20622.148258589936,-57872.11832241568,0.39605687618549057,0.2786661179516113,0.11739075823387929
205000.0,45000.0,1079.1671025060775,19202.774618057098,-60046.4143477487,0.3935817514461478,0.27675864221615293,0.11682310922999489
210000.0,45000.0,1098.4608417165705,17776.823495948367,-62224.82129906666,0.3912004750928805,0.274927146999777,0.11627332809310348
215000.0,45000.0,1117.6950409798162,16344.680219325906,-64407.098346955696,0.3889078696837317,0.27316718115353367,0.11574068853019803
220000.0,45000.0,1136.590677123924,15047.326378313126,-66441.38199758869,0.3870334379592556,0.271407189482394,0.11562624847686159
225000.0,45000.0,1154.3621741085472,13863.062064713944,-68318.73469358817,0.38543101174489747,0.2694637960067356,0.11596721573816188
230000.0,45000.0,1172.0739897514602,12672.590891576896,-70199.96667679882,0.38387025084445575,0.2675921017679525,0.11627814907650325
235000.0,45000.0,1189.729367039846,11476.250129569002,-72084.86715305375,0.38234985483142925,0.2657882107459572,0.11656164408547204
240000.0,45000.0,1207.3313181827139,10274.353048427292,-73973.24032876734,0.38086854617289273,0.26404850417010617,0.11682004200278656
245000.0,45000.0,1224.882644780435,9067.191014590266,-75864.90409991547,0.3794250744094825,0.2623696162881754,0.11705545812130708
250000.0,45000.0,1242.385955915281,7855.035372614249,-77759.68887615048,0.3780182192577888,0.2607484126329677,0.11726980662482106
255000.0,45000.0,1259.8436844087655,6638.1391359366535,-79657.43652407397,0.37664679284015423,0.25918197049127173,0.1174648223488825
260000.0,45000.0,1277.2581014589034,5416.738509150979,-81557.99941581502,0.37530964120916877,0.25766756131912516,0.1176420798900436
265000.0,45000.0,1294.631329842679,4191.054261063633,-83461.23957086961,0.3740056453035664,0.25620263488080297,0.11780301042276342
270000.0,45000.0,1311.9653558451528,2961.2929653209285,-85367.0278807088,0.3727337214473313,0.254784804917569,0.1179489165297623
275000.0,45000.0,1329.2620400562328,1807.8981232732476,-87194.99340698861,0.37165311623389674,0.25341183617678326,0.11824128005711348
280000.0,45000.0,1346.5231271585556,720.5511819148087,-88955.52274533763,0.3707333483116795,0.25208163265306116,0.11865171565861832
285000.0,45000.0,1363.75025481477,-370.32754183889483,-90718.2594476837,0.3698320241167464,0.250792226911375,0.11903979720537144
290000.0,45000.0,1380.9449617494465,-1464.578020632529,-92483.10349692972,0.36894873529612315,0.24954177037770958,0.11940696491841357
295000.0,45000.0,1398.1086951094896,-2562.049751188053,-94249.96082852692,0.36808307322481015,0.24832852449650047,0.11975454872830968
300000.0,45000.0,1415.2428171770991,-3662.601056156651,-96018.7428941323,0.36723463076726126,0.24715085266590034,0.12008377810136092
60000.0,50000.0,388.9951273757021,44687.70539526666,-9364.763683530953,0.42486340314086346,0.35017911888955944,0.07468428425130402
65000.0,50000.0,420.0695987897125,44151.95042232373,-11112.42304162028,0.42515924552703127,0.3480278366111951,0.0771314089158362
70000.0,50000.0,450.9719389875807,43948.29380290203,-12521.270928758844,0.4279686253737421,0.3460619329932441,0.08190669238049797
75000.0,50000.0,481.72347808828533,43878.9538693753,-13789.920887213051,0.4314251170822964,0.34425843632278097,0.08716668075951545
80000.0,50000.0,511.34716161462296,43692.31695611442,-15131.881458001102,0.4335570259898972,0.3419326732673267,0.09162435272257052
85000.0,50000.0,537.7438092874954,43170.06831409315,-16683.599359264394,0.4328755460033246,0.3378603992430255,0.0950151467602991
90000.0,50000.0,563.8625210070654,42618.91433292844,-18253.383097492337,0.4320467264770855,0.33408745148771024,0.09795927498937523
95000.0,50000.0,589.7328543657804,42041.92900223481,-19839.31142917586,0.43111247920459117,0.3305819976178322,0.10053048158675898
100000.0,50000.0,615.3803193015574,41441.76535555561,-21439.72620835036,0.430104524243024,0.32731656441717794,0.10278795982584604
105000.0,50000.0,640.8270480263022,40820.725142929055,-23053.18884124195,0.42904698229462407,0.3242673163497695,0.10477966594485455
110000.0,50000.0,666.0923361616543,40180.81510900568,-24678.445112444064,0.42795825638359203,0.32141347277760685,0.10654478360598518
115000.0,50000.0,691.1930830720319,39523.792787684935,-26314.396563269525,0.4268524131676097,0.3187368337390094,0.10811557942860028
120000.0,50000.0,716.1441526424239,38851.20402300572,-27960.07704119404,0.42574020735573387,0.3162213914048949,0.10951881595083895
125000.0,50000.0,740.958670779592,38228.4139092712,-29550.633362278113,0.42492956465272413,0.3138530096814928,0.11107655497123131
130000.0,50000.0,765.6482722166683,37628.632458727145,-31113.30926886815,0.424267752424492,0.3116191584113424,0.11264859401314958
135000.0,50000.0,790.2233064217564,37016.936016056316,-32683.432045537418,0.4235877467843677,0.30950869161769257,0.11407905516667516
140000.0,50000.0,811.7877942525997,36092.14275046401,-34449.24033653261,0.421388010113552,0.3064150670794633,0.11497294303408867
145000.0,50000.0,832.5124149574976,35080.003303773396,-36269.63999071424,0.4189005169922625,0.30323222645617853,0.11566829053608396
150000.0,50000.0,853.0862873795428,34052.18603566608,-38099.83828328131,0.416487376362406,0.30021173590141187,0.11627564046099415
155000.0,50000.0,873.520658704695,33009.86065348193,-39939.10414714641,0.41414747879159675,0.29734148263101345,0.11680599616058329
160000.0,50000.0,893.82568441349,31954.083327196597,-41786.777476074734,0.4118793363477791,0.29461052958533934,0.11726880676243978
165000.0,50000.0,914.010557600604,30885.810138656452,-43642.26071891233,0.4096811922339332,0.2920089761570827,0.11767221607685047
170000.0,50000.0,934.0836203373608,29805.90866327916,-45505.01164102314,0.4075511051051993,0.2895278382581648,0.11802326684703451
175000.0,50000.0,954.0524599204349,28715.167979918857,-47374.53706812333,0.4054870138650054,0.2871589446636025,0.11832806920140293
180000.0,50000.0,973.9239923468942,27614.30735227064,-49250.38746040346,0.4034867873580938,0.28489484711211777,0.11859194024597602
185000.0,50000.0,993.7045349505797,26472.983783053918,-51163.152191163914,0.40145155221385426,0.2827287420795679,0.11872281013428637
190000.0,50000.0,1013.3998698069232,25043.798608113648,-53360.45542550158,0.3986382930128904,0.28065440249440793,0.11798389051848246
195000.0,50000.0,1033.015299246623,23606.303269842436,-55562.952511921096,0.39593862703720734,0.2786661179516113,0.11727250908559606
200000.0,50000.0,1052.5556946006782,22161.004386664164,-57770.326813907515,0.39334585811577155,0.27675864221615293,0.11658721589961862
205000.0,50000.0,1072.025539120438,20753.368216719187,-59937.286920123115,0.39097716035098157,0.27492714699977694,0.11605001335120463
210000.0,50000.0,1091.4289658688995,19338.82459855918,-62108.56418147312,0.38869617719901634,0.27316718115353367,0.11552899604548267
215000.0,50000.0,1110.4938319813862,17889.07067425779,-64301.8478841615,0.3864021711272886,0.271407189482394,0.11499498164489458
220000.0,50000.0,1128.4521937232842,16494.24029541519,-66397.05437093813,0.3842621102739939,0.26946379600673565,0.11479831426725823
225000.0,50000.0,1146.3439799660803,15322.48606466598,-68266.58826515637,0.3827538097800248,0.2675921017679525,0.11516170801207232
230000.0,50000.0,1164.1728083142732,14144.18421287804,-70140.21442252383,0.38128250593519136,0.26578821074595727,0.1154942951892341
235000.0,50000.0,1181.9420389355885,12959.684197494833,-72017.71443213834,0.3798471984688349,0.26404850417010617,0.11579869429872874
240000.0,50000.0,1199.654797060418,11769.311042477115,-73898.88515402442,0.378446886603989,0.26236961628817546,0.11607727031581355
245000.0,50000.0,1217.3139931621113,10573.36743705321,-75783.53740741436,0.3770805753542471,0.2607484126329677,0.11633216272127939
250000.0,50000.0,1234.922341092297,9372.135621792535,-77671.49479195228,0.3757472805280187,0.25918197049127173,0.11656531003674697
255000.0,50000.0,1252.4823744089879,8165.879086728368,-79562.59262636738,0.37444603266900683,0.2576675613191252,0.11677847134988162
260000.0,50000.0,1269.9964611041405,6954.844103024239,-81456.67699118247,0.373175880121239,0.256202634880803,0.11697324524043595
265000.0,50000.0,1287.466816910771,5739.261106913837,-83353.60386375146,0.371935891373921,0.254784804917569,0.11715108645635203
270000.0,50000.0,1304.895517346927,4519.34595227403,-85253.23833540134,0.37072515681432866,0.25341183617678326,0.1173133206375454
275000.0,50000.0,1322.2845086342227,3375.5510461527883,-87075.20390172712,0.36970224332963453,0.2520816326530612,0.11762061067657331
280000.0,50000.0,1339.635617611753,2297.566379815966,-88829.88181818763,0.36883703518915406,0.250792226911375,0.11804480827777908
285000.0,50000.0,1356.9505607515898,1215.8204663589859,-90586.91051409824,0.36798803207356834,0.24954177037770958,0.11844626169585876
290000.0,50000.0,1374.2309523694416,130.48119461555325,-92346.18505893789,0.3671549452913564,0.24832852449650047,0.11882642079485592
295000.0,50000.0,1391.4783121130704,-958.2933920470387,-94107.60667560202,0.3663374780800862,0.2471508526659004,0.11918662541418582
300000.0,50000.0,1408.694071801511,-2050.354384449238,-95871.08229585338,0.3655353279615491,0.2460072128722027,0.11952811508934638
60000.0,55000.0,386.60538373094374,46732.4882469804,-8946.767972748094,0.42225330716255144,0.34802783661119513,0.07422547055135631
65000.0,55000.0,417.69675312284573,46198.49066373821,-10693.328962274463,0.42275764999052073,0.34606193299324417,0.07669571699727656
70000.0,55000.0,448.6217053649411,45997.185696916116,-12100.707066538267,0.42573827318143875,0.3442584363227811,0.08147983685865767
75000.0,55000.0,478.4690199543031,45833.806414209765,-13428.131618229738,0.4285104678169862,0.34193267326732674,0.08657779454965947
80000.0,55000.0,505.2572324372045,45352.28051243151,-14954.397806841145,0.4283935445415724,0.33786039924302547,0.09053314529854695
85000.0,55000.0,531.7387275947856,44838.856008819945,-16500.600621598373,0.42804154704019276,0.33408745148771024,0.09395409555248252
90000.0,55000.0,557.9461238256042,44296.92521682508,-18064.619866595167,0.4275134228089799,0.33058199761783214,0.09693142519114778
95000.0,55000.0,583.9075727229825,43729.415902152425,-19644.625688265573,0.4268540228671155,0.32731656441717794,0.09953745844993755
100000.0,55000.0,609.647498377286,43138.868170199974,-21239.030520735854,0.4260977139196085,0.3242673163497695,0.10183039756983897
105000.0,55000.0,635.1871945484231,42527.49657199825,-22846.450269611934,0.42527098357122356,0.32141347277760696,0.1038575107936166
110000.0,55000.0,660.5453105971271,41897.24064106347,-24465.672726446173,0.42439434300427026,0.31873683373900946,0.1056575092652608
115000.0,55000.0,685.7382496227225,41249.80629972537,-26095.63168978248,0.42348373243527887,0.3162213914048949,0.10726234103038396
120000.0,55000.0,710.7804967717561,40586.70000322488,-27735.38562509529,0.4225515700483745,0.3138530096814928,0.10869856036688169
125000.0,55000.0,735.684891600193,39973.25706538231,-29320.099961246895,0.42190512512707723,0.3116191584113424,0.11028596671573482
130000.0,55000.0,760.4628553046707,39382.665290647994,-30877.032320455844,0.4213943636133766,0.3095086916176926,0.111885671995684
135000.0,55000.0,782.3248070334205,38488.80827043798,-32623.505458087107,0.4193538706993497,0.3064150670794633,0.1129388036198864
140000.0,55000.0,803.355470105942,37508.49722998021,-34424.012358373206,0.41701090526182905,0.30323222645617853,0.11377867880565051
145000.0,55000.0,824.2197743120994,36510.88486742058,-36235.33258497298,0.41472785675179535,0.30021173590141187,0.11451612085038348
150000.0,55000.0,844.930131528636,35497.26201794039,-38056.6593658981,0.4125054392456091,0.29734148263101345,0.11516395661459566
155000.0,55000.0,865.4977488764381,34468.79422211181,-39887.26423829096,0.41034371313953766,0.29461052958533934,0.11573318355419832
160000.0,55000.0,885.9327714316539,33426.536567854244,-41726.487772201945,0.40824224265322656,0.2920089761570827,0.11623326649614385
165000.0,55000.0,906.2444051202297,32371.446471466115,-43573.731582444525,0.40620021864913947,0.28952783825816486,0.1166723803909746
170000.0,55000.0,926.44102293355,31304.394724051454,-45428.451424578685,0.4042165545896125,0.2871589446636025,0.11705760992601
175000.0,55000.0,946.5302570476522,30226.175071918056,-47290.15120716205,0.4022899615972236,0.28489484711211777,0.11739511448510581
180000.0,55000.0,966.5190789813905,29137.51255302684,-49158.37778146906,0.4004190071945593,0.2827287420795679,0.11769026511499142
185000.0,55000.0,986.4138695670763,28008.07077393819,-51063.716393399474,0.3985061606694504,0.28065440249440793,0.11785175817504245
190000.0,55000.0,1006.2204802128142,26590.458281094907,-53253.78670142652,0.39581415646231494,0.2786661179516113,0.11714803851070366
195000.0,55000.0,1025.9442866952788,25164.234155271246,-55449.239280066315,0.3932284183855214,0.27675864221615293,0.11646977616936849
200000.0,55000.0,1045.5902365243055,23729.912937490022,-57649.75254117958,0.39074282808299055,0.27492714699977694,0.1158156810832136
205000.0,55000.0,1065.162890757983,22332.96897779248,-59810.03001599054,0.38847429202245143,0.2731671811535337,0.1153071108689177
210000.0,55000.0,1084.3969868388483,20900.814970202453,-61992.313770734305,0.38619184255828365,0.271407189482394,0.11478465307588964
215000.0,55000.0,1102.5422133380212,19355.418526116453,-64245.37404828806,0.38363536358699785,0.26946379600673565,0.1141715675802622
220000.0,55000.0,1120.6139701807,17972.381237755064,-66333.20985351392,0.38159302749314966,0.2675921017679525,0.11400092572519716
225000.0,55000.0,1138.6162495887004,16812.11829618708,-68195.5616919939,0.38017359101969905,0.2657882107459572,0.11438538027374184
230000.0,55000.0,1156.5527596884629,15645.015346562373,-70062.18853550935,0.3787868358640067,0.2640485041701062,0.11473833169390046
235000.0,55000.0,1174.4269493404013,14471.431070363964,-71932.86620813336,0.3774320328896963,0.2623696162881754,0.11506241660152089
240000.0,55000.0,1192.2420304089412,13291.699501492141,-73807.38593867826,0.37610843185246606,0.2607484126329678,0.11536001921949829
245000.0,55000.0,1210.0009977758286,12106.132107648416,-75685.55305983058,0.3748152695060335,0.25918197049127173,0.11563329901476177
250000.0,55000.0,1227.7066473590717,10915.019664305684,-77567.18583691979,0.3735517762382636,0.25766756131912516,0.11588421491913842
255000.0,55000.0,1245.3615923656018,9718.633944984831,-79452.11441149532,0.3723171814850492,0.256202634880803,0.1161145466042462
260000.0,55000.0,1262.9682779763896,8517.22924850676,-81340.17984679411,0.3711107181269517,0.254784804917569,0.11632591320938268
265000.0,55000.0,1280.5289946376206,7311.043781274799,-83231.2332638141,0.3699316260387183,0.25341183617678326,0.11651978986193506
270000.0,55000.0,1298.04589010989,6100.300910390797,-85125.13505811659,0.3687791549330952,0.2520816326530612,0.116697522280034
275000.0,55000.0,1315.5209804087362,4965.460301470812,-86941.50418869159,0.36781120434259507,0.250792226911375,0.11701897743122008
280000.0,55000.0,1332.9561597537331,3896.218953350486,-88690.7175312668,0.36699800418651835,0.24954177037770955,0.11745623380880879
285000.0,55000.0,1350.3532096293934,2823.0121404191596,-90442.40928934887,0.3661989129069786,0.24832852449650047,0.11787038841047812
290000.0,55000.0,1367.7138070490414,1746.014272062559,-92196.47045707174,0.36541375169544615,0.24715085266590037,0.11826289902954579
295000.0,55000.0,1385.0395321022606,665.3896775973262,-93952.79832861251,0.36464232666411434,0.2460072128722027,0.11863511379191163
300000.0,55000.0,1402.3318748573504,-418.70667587331263,-95711.29604953167,0.36388443172148366,0.24489615095371575,0.1189882807677679
60000.0,60000.0,384.42156725811066,48798.68752457435,-8515.386995790097,0.4198681263898709,0.34606193299324417,0.07380619339662675
65000.0,60000.0,415.5199326415967,48265.41752445688,-10261.493245863508,0.42055445471973196,0.344258436322781,0.07629601839695094
70000.0,60000.0,445.5908782939832,47975.2958723051,-11724.38177845838,0.4228620434581098,0.3419326732673267,0.08092937019078311
75000.0,60000.0,472.77065558691356,47534.49271076984,-13225.196254417911,0.4234070887495286,0.33786039924302547,0.08554668950650313
80000.0,60000.0,499.61493418250575,47058.797684711426,-14747.81814570442,0.42360959689369476,0.33408745148771024,0.08952214540598452
85000.0,60000.0,526.1593932854281,46551.92143141535,-16289.92830401447,0.4235502682122723,0.3305819976178322,0.09296827059444013
90000.0,60000.0,552.4348261444077,46017.06644874923,-17849.525168180793,0.4232905173433905,0.3273165644171779,0.09597395292621264
95000.0,60000.0,578.4679487282697,45457.01119747089,-19424.872200229758,0.4228774938863392,0.3242673163497696,0.09861017753656964
100000.0,60000.0,604.2820529351916,44874.17803499076,-21014.455426779838,0.42234767140631674,0.3214134727776069,0.10093419862870984
105000.0,60000.0,629.8975381222224,44270.68849444196,-22616.94888962284,0.4217294490276572,0.3187368337390094,0.10299261528864778
110000.0,60000.0,655.332346603021,43648.40857644503,-24231.18633837092,0.4210450611398912,0.3162213914048949,0.1048236697349963
115000.0,60000.0,680.6023227639203,43008.986097178546,-25856.137887912475,0.42031199529377217,0.3138530096814928,0.10645898561227934
120000.0,60000.0,705.7215109837177,42353.88167203748,-27490.89065362564,0.419544055918067,0.31161915841134236,0.10792489750672463
125000.0,60000.0,730.7024041875848,41748.39456523965,-29070.63259537428,0.4190477374067882,0.30950869161769257,0.10953904578909562
130000.0,60000.0,752.8618198142414,40885.47379041194,-30797.7705796416,0.4171824109966918,0.3064150670794633,0.11076734391722848
135000.0,60000.0,774.1985252543864,39936.99115618701,-32578.38472603218,0.4149978951661771,0.3032322264561786,0.11176566870999849
140000.0,60000.0,795.3532612446559,38969.58369917505,-34370.82688666466,0.4128570674085819,0.30021173590141187,0.11264533150717004
145000.0,60000.0,816.339604352577,37984.663382398845,-36174.21458464979,0.41076274198506924,0.29734148263101345,0.11342125935405578
150000.0,60000.0,837.1698133393862,36983.505117026994,-37987.75100050719,0.40871675501730415,0.29461052958533934,0.1141062254319648
155000.0,60000.0,857.8549852627036,35967.26299705201,-39810.71482549156,0.4067201797404285,0.2920089761570827,0.1147112035833458
160000.0,60000.0,878.4051899030984,34936.98427965307,-41642.45152386589,0.40477349551566844,0.2895278382581648,0.11524565725750363
165000.0,60000.0,898.8295859466651,33893.62146818401,-43482.36578103406,0.40287672097839117,0.2871589446636025,0.11571777631478869
170000.0,60000.0,919.1365217484101,32838.04279156549,-45329.914953920634,0.4010295192263643,0.28489484711211777,0.11613467211424655
175000.0,60000.0,939.3336230122013,31771.041322999765,-47184.60337177421,0.39923128110793726,0.2827287420795679,0.11650253902836938
180000.0,60000.0,959.4278693272295,30693.342939762704,-49045.97736129737,0.39748119128251325,0.28065440249440793,0.11682678878810532
185000.0,60000.0,979.4256611790054,29574.613292347392,-50944.62089093194,0.39568296020501403,0.2786661179516113,0.11701684225340275
190000.0,60000.0,999.3328787898795,28167.4639238783,-53128.15174622512,0.3931047998144648,0.27675864221615293,0.11634615759831185
195000.0,60000.0,1019.1549339281733,26751.457658260857,-55317.21816223602,0.3906261655292089,0.274927146999777,0.11569901852943193
200000.0,60000.0,1038.8968156470662,25327.113357025723,-57511.49585050799,0.3882414598492777,0.2731671811535337,0.11507427869574399
205000.0,60000.0,1058.3001416963104,23912.559266147116,-59682.77965730711,0.38597138696802935,0.271407189482394,0.11456419748563534
210000.0,60000.0,1076.632232952758,22386.596756817657,-61923.69372563803,0.38342654106199087,0.2694637960067356,0.11396274505525528
215000.0,60000.0,1094.8839603953202,20852.276410844133,-64169.83144187148,0.38097063418564514,0.2675921017679525,0.11337853241769263
220000.0,60000.0,1113.0596908631276,19480.052379496105,-66250.90896146401,0.37902063379466977,0.26578821074595727,0.1132324230487125
225000.0,60000.0,1131.1634804413372,18330.346495629914,-68106.66263888037,0.3776851793087145,0.26404850417010617,0.11363667513860831
230000.0,60000.0,1149.1991016203842,17173.5510982508,-69966.84726224231,0.3763784123413447,0.2623696162881754,0.11400879605316933
235000.0,60000.0,1167.1700676557714,16010.031565931058,-71831.23446994215,0.3750998490035822,0.2607484126329678,0.1143514363706144
240000.0,60000.0,1185.0796544593602,14840.128593504298,-73699.61132770887,0.3738489661416231,0.25918197049127173,0.11466699565035138
245000.0,60000.0,1202.930920309156,13664.160241883044,-75571.77904747216,0.3726252109887508,0.25766756131912516,0.11495764966962563
250000.0,60000.0,1220.7267236270627,12482.423786945365,-77447.5518318082,0.37142800920180724,0.25620263488080297,0.11522537432100427
255000.0,60000.0,1238.4697390420079,11295.197390099653,-79326.75582983678,0.3702567715443711,0.254784804917569,0.11547196662680209
260000.0,60000.0,1256.1624719283147,10102.741610275567,-81209.22819222683,0.3691108994347667,0.2534118361767833,0.1156990632579834
265000.0,60000.0,1273.8072715855571,8905.300774628777,-83094.81621450608,0.3679897895407986,0.2520816326530612,0.11590815688773737
270000.0,60000.0,1291.4063432057196,7703.104223125687,-84983.37655919552,0.3668928375731972,0.25079222691137504,0.11610061066182215
275000.0,60000.0,1308.9617587558762,6576.617440341957,-86794.52454843534,0.3659772881591079,0.24954177037770955,0.11643551778139835
280000.0,60000.0,1326.4754668893454,5515.543086222766,-88538.63351975984,0.36521369843154483,0.24832852449650047,0.11688517393504436
285000.0,60000.0,1343.9493019850124,4450.321936172128,-90285.33423854149,0.3644622531937968,0.24715085266590037,0.11731140052789646
290000.0,60000.0,1361.3849924030103,3381.1337396439194,-92034.5143613716,0.3637228746335402,0.24600721287220267,0.11771566176133752
295000.0,60000.0,1378.7841680348774,2308.1480053581035,-93786.06794530025,0.3629954635567491,0.24489615095371572,0.11809931260303339
300000.0,60000.0,1396.1483672175577,1231.5247203568433,-95539.89499842604,0.36227990271954513,0.24381629443221142,0.11846360828733371
65000.0,65000.0,412.7127366336633,50864.12460990099,-9721.297118811883,0.4177132461671061,0.3419326732673267,0.07578057289977941
70000.0,65000.0,440.28407873662263,50314.04418860876,-11346.65988211953,0.4178259347441258,0.33786039924302547,0.07996553550110036
75000.0,65000.0,467.4911407702259,49876.078640103486,-12845.700849935321,0.4186788257490075,0.33408745148771024,0.08459137426129726
80000.0,65000.0,494.372662745252,49404.25692550622,-14365.901921558616,0.4191648208503686,0.3305819976178322,0.08858282323253641
85000.0,65000.0,520.9620795658329,48902.05627484663,-15905.089828220855,0.41936651011917353,0.32731656441717794,0.0920499457019956
90000.0,65000.0,547.2883990792534,48372.49350424236,-17461.379059848525,0.4193471856202929,0.3242673163497696,0.09507986927052331
95000.0,65000.0,573.3769113219603,47818.19877748386,-19033.125764072585,0.4191557922010605,0.321413472777607,0.09774231942345346
100000.0,65000.0,599.2497656473176,47241.475627321044,-20618.89023292435,0.4188304813664048,0.3187368337390094,0.10009364762739542
105000.0,65000.0,624.9264435833198,46644.350132665255,-22217.406167084213,0.418401198266104,0.316221391404895,0.10217980686120898
110000.0,65000.0,650.4241487560845,46028.611470632786,-23827.555330854506,0.4178915887479631,0.3138530096814929,0.10403857906647024
115000.0,65000.0,675.7581303672425,45395.84555819322,-25448.346526129237,0.4173204213544326,0.3116191584113424,0.10570126294309018
120000.0,65000.0,700.941953070499,44747.46311933189,-27078.898050417567,0.4167026587363204,0.3095086916176926,0.10719396711862778
125000.0,65000.0,723.3988325950622,43879.47858988648,-28822.70088132095,0.4148592399647443,0.3064150670794633,0.10844417288528096
130000.0,65000.0,745.0415804028307,42962.824361894396,-30583.422273816002,0.41284899117600193,0.3032322264561786,0.10961676471982335
135000.0,65000.0,766.4867481772125,42025.621810430086,-32356.986368481193,0.41086410886896557,0.30021173590141187,0.1106523729675537
140000.0,65000.0,787.7490771765181,41069.40402635787,-34142.43498352633,0.40890983881547416,0.29734148263101345,0.1115683561844607
145000.0,65000.0,808.8418778023344,40095.555291442775,-35938.90294284827,0.4069900636781354,0.29461052958533934,0.11237953409279605
150000.0,65000.0,829.7771990937533,39105.32870575035,-37745.60705890603,0.4051075884450918,0.2920089761570827,0.1130986122880091
155000.0,65000.0,850.5659746859671,38099.86136734058,-39561.83664541214,0.40326436524633624,0.2895278382581648,0.11373652698817144
160000.0,65000.0,871.2181489597804,37080.18749181717,-41386.94531761427,0.4014616711793823,0.2871589446636024,0.11430272651577988
165000.0,65000.0,891.7427864491679,36047.24979071345,-43220.343880804096,0.3997002494999007,0.2848948471121177,0.11480540238778297
170000.0,65000.0,912.1481670430121,35001.90937247325,-45061.49414220422,0.39798042209946743,0.28272874207956794,0.1152516800198995
175000.0,65000.0,932.4418690873824,33944.95438508777,-46909.903509320146,0.39630217936912904,0.28065440249440793,0.11564777687472111
180000.0,65000.0,952.6308421451967,32877.10758310044,-48765.120260562224,0.3946652521714381,0.2786661179516113,0.11599913421982683
185000.0,65000.0,972.7214708844801,31768.03297198593,-50657.729392508794,0.3929745015984443,0.2767586422161529,0.11621585938229145
190000.0,65000.0,992.7196313320408,30370.34165853224,-52835.348963417346,0.3905033650241022,0.27492714699977694,0.11557621802432527
195000.0,65000.0,1012.6307405361495,28963.59701575956,-55018.626865150276,0.38812554411919975,0.2731671811535337,0.11495836296566603
200000.0,65000.0,1032.2032965537726,27521.642841592344,-57223.91072400479,0.38574005491168456,0.27140718948239406,0.1143328654292905
205000.0,65000.0,1050.722252567495,26015.114267019468,-59452.678583112836,0.3832076640296097,0.2694637960067356,0.11374386802287412
210000.0,65000.0,1069.1539506099402,24499.510863433767,-61687.118210353896,0.3807632621408986,0.26759210176795256,0.11317116037294606
215000.0,65000.0,1087.5031321375548,22975.325742305693,-63926.92141105894,0.3784024361629424,0.2657882107459572,0.11261422541698518
220000.0,65000.0,1105.7742011942116,21613.01692419802,-66001.80192237624,0.3765397687211392,0.2640485041701062,0.11249126455103298
225000.0,65000.0,1123.9712539003676,20473.010405638226,-67851.4934964761,0.37528376040002126,0.26236961628817546,0.1129141441118458
230000.0,65000.0,1142.0981049026013,19325.70290987054,-69705.74818133091,0.3740527388641276,0.2607484126329678,0.11330432623115982
235000.0,65000.0,1160.1583111428918,18171.464358860743,-71564.33477571204,0.372846442338936,0.25918197049127173,0.11366447184766426
240000.0,65000.0,1178.15519325924,17010.640098960954,-73427.0374381494,0.3716645537681496,0.25766756131912516,0.11399699244902445
245000.0,65000.0,1196.0918548885243,15843.552908406535,-75293.65443224591,0.37050671178625816,0.25620263488080297,0.11430407690545519
250000.0,65000.0,1213.9712001076264,14670.504811193154,-77163.99699300429,0.3693725199564462,0.25478480491756905,0.11458771503887716
255000.0,65000.0,1231.7959492190087,13491.778718776884,-79037.88830076445,0.36826155454719134,0.25341183617678326,0.11484971837040808
260000.0,65000.0,1249.5686530612243,12307.63991836732,-80915.16255102042,0.367173371075871,0.25208163265306116,0.11509173842280984
265000.0,65000.0,1267.2917060027025,11118.337424281053,-82795.66410982434,0.3661075098105302,0.250792226911375,0.11531528289915521
270000.0,65000.0,1284.9673577580197,9924.105206834036,-84679.24674572873,0.3650635003901887,0.24954177037770955,0.11552173001247915
275000.0,65000.0,1302.5977241492972,8805.413311526907,-86485.52293029569,0.3641979450182661,0.24832852449650047,0.1158694205217656
280000.0,65000.0,1320.1847969209837,7751.968879782304,-88224.86320013605,0.36348171099407994,0.24715085266590037,0.11633085832817958
285000.0,65000.0,1337.7304527037602,6694.217081191047,-89966.8955742556,0.3627757789957224,0.24600721287220273,0.11676856612351966
290000.0,65000.0,1355.236461212405,5632.341966090113,-91711.50502119368,0.3620801641204226,0.24489615095371572,0.11718401316670687
295000.0,65000.0,1372.7044927529216,4566.517246303847,-93458.5829710601,0.3613948544125395,0.24381629443221137,0.11757855998032812
300000.0,65000.0,1390.1361251058884,3496.9070110124158,-95208.02686811725,0.36071981459532754,0.2427663468569276,0.11795346773839993
70000.0,70000.0,435.3673473579461,53570.20412522639,-10724.372421733508,0.4131599974927127,0.33408745148771024,0.07907254600500246
75000.0,70000.0,462.5859322050758,53133.43694932788,-12222.664406670076,0.41428578643124114,0.33058199761783214,0.08370378881340901
80000.0,70000.0,489.48933298725814,52663.89063067484,-13741.443355828225,0.4150243814664507,0.3273165644171779,0.08770781704927283
85000.0,70000.0,516.1088494302371,52164.820340744656,-15278.67478703459,0.415459734051199,0.32426731634976963,0.09119241770142938
90000.0,70000.0,542.4717697087287,51639.064049707784,-16832.584968932635,0.4156565538179311,0.32141347277760696,0.09424308104032414
95000.0,70000.0,568.6019931724129,51089.10728993095,-18401.620443793156,0.41566518321393836,0.31873683373900946,0.0969283494749289
100000.0,70000.0,594.5205405636184,50517.136218616324,-19984.4148633648,0.4155251089960774,0.316221391404895,0.0993037175911824
105000.0,70000.0,620.2459747482486,49925.08137381786,-21579.76164136384,0.41526752743308243,0.3138530096814928,0.1014145177515896
110000.0,70000.0,645.7947497507673,49314.65397407981,-23186.59126620012,0.41491724207129055,0.3116191584113424,0.10329808365994814
115000.0,70000.0,671.1815019534131,48687.37620315496,-24803.95237302815,0.41449408392360654,0.30950869161769257,0.10498539230591397
120000.0,70000.0,693.935845375883,47786.327919091826,-26592.42005056761,0.4125376010008679,0.3064150670794633,0.10612253392140458
125000.0,70000.0,715.8846355512751,46865.50209733262,-28369.248689167114,0.4105499517352513,0.3032322264561786,0.10731772527907268
130000.0,70000.0,737.620235109769,45958.504451415974,-30123.934717865013,0.40873661007137596,0.3002117359014119,0.10852487416996404
135000.0,70000.0,759.1585500004591,45030.98920004774,-31891.44424997016,0.4069359344802143,0.29734148263101345,0.10959445184920086
140000.0,70000.0,780.5139422652825,44084.449995589384,-33670.843752756635,0.40515417862356945,0.29461052958533934,0.11054364903823011
145000.0,70000.0,801.6994129248031,43120.238944179524,-35461.2881598878,0.40339614462534906,0.29200897615708277,0.1113871684682663
150000.0,70000.0,822.726759468836,42139.58298475895,-37262.01063452566,0.4016654757947956,0.28952783825816486,0.11213763753663075
155000.0,70000.0,843.6067119728955,41143.598045181134,-39072.31372176179,0.3999648884931009,0.2871589446636024,0.11280594382949849
160000.0,70000.0,864.349051149926,40133.30131959231,-40891.56167525481,0.39829635662581003,0.28489484711211777,0.11340150951369227
165000.0,70000.0,884.9627110738229,39109.621951677575,-42719.17378020151,0.396661259041739,0.28272874207956794,0.11393251696217105
170000.0,70000.0,905.4558688475356,38073.410360143695,-44554.61852491019,0.3950604977309458,0.28065440249440793,0.11440609523653789
175000.0,70000.0,925.8360231113879,37025.44640358433,-46397.408497759796,0.39349459291934247,0.2786661179516113,0.11482847496773119
180000.0,70000.0,946.1100629790809,35966.44654982441,-48247.09590635974,0.391963759798848,0.27675864221615293,0.11520511758269508
185000.0,70000.0,966.2843287359084,34866.070188534475,-50134.26863216596,0.390373929077666,0.27492714699977694,0.11544678207788905
190000.0,70000.0,986.3646654252327,33476.925204224186,-52306.546747359884,0.3880035297303324,0.2731671811535337,0.1148363485767987
195000.0,70000.0,1006.1064514112346,32052.570946768392,-54500.830658269755,0.385624886016269,0.271407189482394,0.11421769653387498
200000.0,70000.0,1024.812272182232,30520.47630695213,-56762.45230815492,0.382977988411364,0.2694637960067356,0.1135141924046284
205000.0,70000.0,1043.42394082456,29023.589845754264,-58985.193846403585,0.3805459054273379,0.2675921017679525,0.1129538036593854
210000.0,70000.0,1061.9465734119817,27517.443634846102,-61213.72272822118,0.3781964620539617,0.26578821074595715,0.11240825130800453
215000.0,70000.0,1080.384921947086,26002.531882496958,-63447.7300734394,0.37592561747838477,0.26404850417010617,0.1118771133082786
220000.0,70000.0,1098.7434061803503,24649.31424275643,-65516.92859827723,0.37414563262573564,0.2623696162881754,0.11177601633756024
225000.0,70000.0,1117.0261421494315,23518.218783540884,-67361.05076028695,0.37296485086808706,0.2607484126329678,0.11221643823511929
230000.0,70000.0,1135.2369678264233,22379.644653948024,-69209.84709128249,0.37180562269779316,0.25918197049127173,0.11262365220652143
235000.0,70000.0,1153.3794662093242,21233.964485769713,-71063.08469639393,0.3706678877465389,0.25766756131912516,0.11300032642741376
240000.0,70000.0,1171.4569861499854,20081.526559598482,-72920.54590025095,0.3695515162239014,0.25620263488080297,0.11334888134309845
245000.0,70000.0,1189.4726611732447,18922.65676201746,-74782.0270237391,0.3684563210172707,0.254784804917569,0.11367151609970172
250000.0,70000.0,1207.4294265097026,17757.660357009067,-76647.33727686934,0.367382067960027,0.2534118361767833,0.11397023178324367
255000.0,70000.0,1225.3300345368916,16586.823591836728,-78516.29775510204,0.36632848454974926,0.2520816326530612,0.11424685189668804
260000.0,70000.0,1243.177068799686,15410.415155167342,-80388.74052802041,0.365295267352578,0.250792226911375,0.11450304044120302
265000.0,70000.0,1260.9729567601628,14228.68750305692,-82264.50781058942,0.36428208829207004,0.24954177037770955,0.11474031791436048
270000.0,70000.0,1278.7199814092492,13041.878066561912,-84143.45120839881,0.36328859998951524,0.24832852449650047,0.11496007549301476
275000.0,70000.0,1296.4202918569547,11930.460353123286,-85945.18102929795,0.36247077468420924,0.24715085266590037,0.11531992201830887
280000.0,70000.0,1314.0759130045099,10884.14495246904,-87680.06565470685,0.3617997740535829,0.2460072128722027,0.11579256118138018
285000.0,70000.0,1331.688754389932,9833.380456552943,-89417.73096465442,0.36113734592587177,0.2448961509537157,0.11624119497215607
290000.0,70000.0,1349.2606182882862,8778.354301981759,-91158.0598112614,0.3604835909402802,0.2438162944322114,0.11666729650806881
295000.0,70000.0,1366.7932071388761,7719.243542443131,-92900.94153597305,0.35983857757717,0.24276634685692763,0.11707223072024239
300000.0,70000.0,1384.2881303637355,6656.215557828487,-94646.27152635719,0.3592023462402172,0.24174508261211644,0.11745726362810074
75000.0,75000.0,458.01658640868334,56425.724986503075,-11577.796883435578,0.4101935413261836,0.3273165644171779,0.0828769769090057
80000.0,75000.0,484.9292997812208,55957.14717724695,-13095.970514220655,0.41115805623061275,0.3242673163497695,0.08689073988084323
85000.0,75000.0,511.5666280954973,55459.929321931726,-14632.044173792674,0.41180331531353165,0.32141347277760696,0.09038984253592469
90000.0,75000.0,537.9542206975082,54936.73895254085,-16184.350654661968,0.41219508548250827,0.31873683373900946,0.09345825174349881
95000.0,75000.0,564.114637543917,54389.92230456736,-17751.423559645402,0.4123847910910439,0.316221391404895,0.0961633996861489
100000.0,75000.0,590.0678007404128,53821.55127700293,-19331.96795187317,0.41241297901211654,0.3138530096814929,0.09855996933062366
105000.0,75000.0,615.8313691342921,53233.462389966386,-20924.83600627101,0.412311857533501,0.3116191584113424,0.10069269912215861
110000.0,75000.0,641.4210508363274,52627.28928697805,-22529.00669563872,0.4121071803730033,0.3095086916176926,0.10259848875531069
115000.0,75000.0,664.4728581567039,51757.1772482972,-24298.13921981425,0.41035110150112647,0.3064150670794633,0.10393603442166316
120000.0,75000.0,686.7276906997195,50804.17983277083,-26119.075104518233,0.40825242844844417,0.3032322264561786,0.10502020199226558
125000.0,75000.0,708.7537220423255,49891.387092401856,-27890.88306724884,0.40646047131963503,0.30021173590141187,0.10624873541822316
130000.0,75000.0,730.5680228244,48992.57437373761,-29640.453516413996,0.40482877619450774,0.29734148263101345,0.10748729356349429
135000.0,75000.0,752.1860067282307,48073.34469973599,-31402.784562665,0.40319840374676447,0.2946105295853394,0.10858787416142507
140000.0,75000.0,773.6216267558528,47135.1491826087,-33176.96926086956,0.4015764713235141,0.29200897615708277,0.10956749516643133
145000.0,75000.0,794.8875442517046,46179.30460217729,-34962.184623639194,0.3999685737476343,0.2895278382581648,0.11044073548946948
150000.0,75000.0,815.9952749860106,45207.0085985451,-36757.68212590931,0.398379081027054,0.2871589446636024,0.11122013636345157
155000.0,75000.0,836.955315850684,44219.35284847114,-38562.779469705536,0.39681137528536187,0.2848948471121178,0.11191652817324405
160000.0,75000.0,857.7772551046337,43217.3345308819,-40376.853418198814,0.39526804020914297,0.2827287420795679,0.11253929812957508
165000.0,75000.0,878.4698686076886,42201.86633519962,-42199.333540500236,0.39375101318036093,0.28065440249440793,0.113096610685953
170000.0,75000.0,899.0412040775791,41173.78522406821,-44029.69673495737,0.39226170792352905,0.2786661179516113,0.11359558997191777
175000.0,75000.0,919.4986550736816,40133.86012766289,-45867.46242021069,0.3908011137352026,0.27675864221615293,0.11404247151904967
180000.0,75000.0,939.849026139776,39082.79871853671,-47712.18830091455,0.3893698760259119,0.274927146999777,0.11444272902613489
185000.0,75000.0,960.098590314316,37990.25339268887,-49594.466629569455,0.38787492237738896,0.27316718115353367,0.1147077412238553
190000.0,75000.0,980.0096062686966,36583.49905194447,-51777.75059253471,0.38550365775517603,0.271407189482394,0.11409646827278203
195000.0,75000.0,998.9022917969689,35070.83834688476,-54027.226033197025,0.3828636441753112,0.26946379600673565,0.11339984816857557
200000.0,75000.0,1017.6939310391801,33547.66882807473,-56283.269482453295,0.38031782513483847,0.26759210176795256,0.11272572336688591
205000.0,75000.0,1036.3900146864091,32059.56152738654,-58500.52404538341,0.37798057058478446,0.26578821074595727,0.1121923598388272
210000.0,75000.0,1054.9956426999604,30562.046840795898,-60723.658224502564,0.3757209915650627,0.26404850417010617,0.11167248739495655
215000.0,75000.0,1073.5155584603338,29055.618079874723,-62952.3637000783,0.3735353863135636,0.2623696162881754,0.11116577002538819
220000.0,75000.0,1091.9541793962612,27710.73465721117,-65016.35333924302,0.3718337556798679,0.2607484126329677,0.11108534304690015
225000.0,75000.0,1110.315624509955,26587.824949035305,-66855.35940685293,0.3707242701724203,0.25918197049127173,0.1115422996811486
230000.0,75000.0,1128.6037391594082,25457.288872578443,-68699.13195463848,0.36963314965037425,0.25766756131912516,0.11196558833124909
235000.0,75000.0,1146.8221174114467,24319.50021079046,-70547.43736825597,0.3685605165826366,0.25620263488080297,0.11235788170183364
240000.0,75000.0,1164.974122238863,23174.80871284174,-72400.05705447392,0.3675064115242383,0.254784804917569,0.1127216066066693
245000.0,75000.0,1183.0629038003965,22023.54199524125,-74256.78625297421,0.3664708061775404,0.25341183617678326,0.11305897000075715
250000.0,75000.0,1201.0914160125587,20866.007265306107,-76117.43295918369,0.36545361454314784,0.2520816326530612,0.11337198189008663
255000.0,75000.0,1219.062431596669,19702.492886053573,-77981.81694621651,0.3644547024484895,0.250792226911375,0.1136624755371145
260000.0,75000.0,1236.9785557623063,18533.269799279864,-79849.76887545009,0.36347389569603333,0.24954177037770955,0.11393212531832378
265000.0,75000.0,1254.842238669201,17358.59282159689,-81721.12948650194,0.3625109870349553,0.24832852449650047,0.11418246253845485
270000.0,75000.0,1272.655786792926,16178.701826464283,-83595.74885845982,0.3615657421283281,0.24715085266590037,0.11441488946242773
275000.0,75000.0,1290.4213733052595,15074.072823747003,-85393.23573515812,0.36079351564378975,0.2460072128722027,0.11478630277158705
280000.0,75000.0,1308.1410475674595,14034.418947015787,-87123.95690811513,0.36016574899238696,0.24489615095371572,0.11526959803867123
285000.0,75000.0,1325.8167438236503,12990.191357659642,-88857.53665146272,0.35954493005229393,0.2438162944322114,0.11572863562008254
290000.0,75000.0,1343.450289171864,11941.580073873862,-90593.85620382884,0.35893123828428264,0.24276634685692763,0.116164891427355
295000.0,75000.0,1361.043410881801,10888.764731707299,-92332.80329268293,0.3583248163909878,0.24174508261211644,0.11657973377887135
300000.0,75000.0,1378.5977431209399,9831.915284577757,-94074.2716971389,0.35772577470587164,0.2407513421444126,0.11697443256145904
80000.0,80000.0,480.66148648226584,59280.79459415565,-12431.503378652716,0.40753949612062323,0.3214134727776069,0.08612602334301633
85000.0,80000.0,507.30644822260336,58784.37061515075,-13967.080865530781,0.408373935641091,0.3187368337390094,0.08963710190208157
90000.0,80000.0,533.7087345242155,58262.70839051841,-15518.432255925993,0.4089420790578237,0.316221391404895,0.09272068765292868
95000.0,80000.0,559.889626732577,57718.021180188,-17084.174262382498,0.4092961809312762,0.3138530096814929,0.0954431712497833
100000.0,80000.0,585.8679885178169,57152.27080585295,-18663.080746341904,0.40947762638342045,0.3116191584113424,0.09785846797207803
105000.0,80000.0,611.6605997192414,56567.20237080112,-20254.061018249304,0.4095194410197387,0.3095086916176925,0.10001074940204618
110000.0,80000.0,635.0098709375246,55728.026577502555,-22003.8583890609,0.40798805570830027,0.3064150670794633,0.10157298862883696
115000.0,80000.0,657.5707458481638,54806.85756820903,-23804.901519869356,0.40608864088482544,0.3032322264561786,0.10285641442864685
120000.0,80000.0,679.887208974882,53860.26973338774,-25621.831416632667,0.40418583361945654,0.30021173590141187,0.10397409771804467
125000.0,80000.0,701.9774956483411,52954.15954742749,-27389.462782857823,0.40257439906603076,0.29734148263101345,0.10523291643501731
130000.0,80000.0,723.8580711911789,52062.239403882595,-29134.725372573375,0.40111059879947253,0.2946105295853394,0.10650006921413313
135000.0,80000.0,745.5438405869025,51150.059421037855,-30892.650361851338,0.39963796688454034,0.2920089761570827,0.10762899072745763
140000.0,80000.0,767.0483290345734,50219.02621959563,-32662.35861275273,0.3981643618211729,0.2895278382581648,0.10863652356300807
145000.0,80000.0,788.3838379991257,49270.41915190907,-34443.05053005683,0.3966960628965976,0.2871589446636024,0.10953711823299517
150000.0,80000.0,809.5615805514419,48305.40437734995,-36233.99726415628,0.39523807107880854,0.2848948471121178,0.11034322396669072
155000.0,80000.0,830.5917991354444,47325.04711008622,-38034.53305619612,0.3937943494398912,0.2827287420795679,0.11106560736032334
160000.0,80000.0,851.4838683678418,46330.32231025555,-39844.04855609028,0.39236801619133843,0.2806544024944079,0.11171361369693056
165000.0,80000.0,872.2463850437703,45322.124044552096,-41661.98497215494,0.3909615003622514,0.2786661179516113,0.11229538241064013
170000.0,80000.0,892.8872471682823,44301.27370550134,-43487.82893406166,0.3895766678644304,0.27675864221615293,0.11281802564827748
175000.0,80000.0,913.4137235436435,43268.527248538914,-45321.10796966318,0.38821492396122115,0.27492714699977694,0.11328777696144421
180000.0,80000.0,933.8325152033993,42224.58158115353,-47161.38651177904,0.3868772968432452,0.2731671811535337,0.11371011568971146
185000.0,80000.0,953.9127611261588,41114.42715712052,-49054.67052679967,0.3853758790078838,0.271407189482394,0.11396868952548977
190000.0,80000.0,972.9923114117058,39621.20038681739,-51291.99975823913,0.3827432839612738,0.2694637960067356,0.11327948795453818
195000.0,80000.0,991.9639212538,38116.7478103952,-53536.345118503,0.3802042751333026,0.2675921017679525,0.11261217336535012
200000.0,80000.0,1010.8334559608363,36601.67941992698,-55787.32536254564,0.3777540278264245,0.26578821074595727,0.11196581708046721
205000.0,80000.0,1029.6063634528348,35121.56179909484,-57999.58637556573,0.37550651320524625,0.26404850417010617,0.11145800903514008
210000.0,80000.0,1048.287710740317,33631.92191699296,-60217.7988018794,0.37333206146410214,0.2623696162881754,0.11096244517592674
215000.0,80000.0,1066.8822166430914,32133.250530881516,-62441.65591819905,0.37122728013035444,0.2607484126329678,0.11047886749738667
220000.0,80000.0,1085.3942811934864,30796.005244122585,-64500.871722423384,0.36959997002142203,0.25918197049127173,0.1104179995301503
225000.0,80000.0,1103.8280121094922,29680.613259387203,-66335.179212883,0.368558115505017,0.25766756131912516,0.11089055418589183
230000.0,80000.0,1122.1872486729078,28557.473861982406,-68174.328836261,0.3675316613193208,0.25620263488080297,0.11132902643851783
235000.0,80000.0,1140.4755833044815,27426.960663666076,-70018.08708520871,0.3665208960927109,0.254784804917569,0.11173609117514188
240000.0,80000.0,1158.6963810910904,26289.4236334734,-71866.23522907912,0.36552601549856345,0.2534118361767833,0.11211417932178014
245000.0,80000.0,1176.8527974882259,25145.190938775486,-73718.56816326533,0.3645471361348413,0.25208163265306116,0.11246550348178014
250000.0,80000.0,1194.9477943936522,23994.570616939818,-75574.89336441261,0.3635843074303982,0.250792226911375,0.11279208051902323
255000.0,80000.0,1212.9841547644498,22837.852095502778,-77435.02994031076,0.36263752187030973,0.24954177037770958,0.11309575149260015
260000.0,80000.0,1230.964495929153,21675.307576631894,-79298.80776460507,0.3617067237864458,0.24832852449650047,0.11337819928994533
265000.0,80000.0,1248.891281728897,20507.19329980528,-81166.0666876217,0.3607918169211728,0.24715085266590037,0.11364096425527243
270000.0,80000.0,1266.7668336060092,19333.750695024966,-83036.6558156094,0.3598926709401224,0.24600721287220267,0.11388545806791972
275000.0,80000.0,1284.5933407449868,18235.457437478603,-84830.18285157587,0.3591640352273878,0.24489615095371572,0.1142678842736721
280000.0,80000.0,1302.3728693590147,17202.02841333754,-86557.01349166404,0.35857761732368865,0.24381629443221137,0.11476132289147728
285000.0,80000.0,1320.1073712048517,16163.916605304577,-88286.77087168464,0.3579966195573244,0.24276634685692766,0.11523027270039676
290000.0,80000.0,1337.7986913998668,15121.31390558614,-90019.33505900866,0.35742129407351614,0.24174508261211644,0.1156762114613997
295000.0,80000.0,1355.4485756070537,14074.401863133593,-91754.59258554151,0.35685185211480586,0.24075134214441254,0.11610050997039331
300000.0,80000.0,1373.0586766468437,13023.352371271714,-93492.43601795517,0.3562884686784385,0.23978402757094835,0.11650444110749014
85000.0,85000.0,503.30283150451396,62135.49447646946,-13285.44095220659,0.40515108538619493,0.31622139140489497,0.08892969398129996
90000.0,85000.0,529.7114527247411,61614.49108337308,-14836.380572891823,0.4058792535428651,0.3138530096814928,0.09202624386137226
95000.0,85000.0,555.9046079013417,61071.07922173954,-16401.32548641279,0.4063830121374866,0.3116191584113424,0.09476385372614421
100000.0,85000.0,581.9001486021557,60507.11545462418,-17979.115340859884,0.4067044049369905,0.30950869161769257,0.09719571331929794
105000.0,85000.0,605.5468837183455,59698.87590670792,-19709.57755830755,0.4054261815219231,0.3064150670794633,0.0990111144424598
110000.0,85000.0,628.4138009966082,58809.53530364725,-21490.727935220468,0.4037501408763035,0.3032322264561786,0.10051791442012492
115000.0,85000.0,651.0206959074386,57893.152374373625,-23288.779766016487,0.402043599503421,0.30021173590141187,0.10183186360200913
120000.0,85000.0,673.3869684722822,56951.74472111734,-25102.47204930166,0.4003215086379178,0.2973414826310135,0.10298002600690431
125000.0,85000.0,695.5301356541268,56051.13410802919,-26866.666182481757,0.39887692715087203,0.2946105295853393,0.10426639756553274
130000.0,85000.0,717.4660544179524,55164.96965946705,-28608.33146283309,0.39756859826444224,0.29200897615708277,0.10555962210735947
135000.0,85000.0,739.2091138174422,54258.74783701398,-30362.53260186626,0.3962423284403634,0.28952783825816486,0.10671449018219853
140000.0,85000.0,760.7724010122411,53333.82970527306,-32128.418934204336,0.394906612887683,0.2871589446636025,0.1077476682240805
145000.0,85000.0,782.1678452521996,52391.45590622875,-33905.21505860703,0.3935683226629094,0.28489484711211777,0.10867347555079165
150000.0,85000.0,803.4063431662553,51432.75968929054,-35692.21269419341,0.39223300733863425,0.2827287420795679,0.10950426525906637
155000.0,85000.0,824.4978681279948,50458.77828531148,-37488.76357168033,0.39090513767653395,0.2806544024944079,0.11025073518212608
160000.0,85000.0,845.4515660099617,49470.46286503601,-39294.2732093525,0.38958830115837517,0.2786661179516113,0.11092218320676389
165000.0,85000.0,866.275839262883,48468.68728333982,-41108.195447912614,0.38828536025264226,0.27675864221615293,0.11152671803648934
170000.0,85000.0,886.978420947511,47454.25577854115,-42930.02763841178,0.38699858105965357,0.27492714699977694,0.11207143405987663
175000.0,85000.0,907.5664400924827,46427.909769618185,-44759.306393988634,0.385729738287017,0.2731671811535337,0.11256255713348329
180000.0,85000.0,927.8159159836209,45366.355262296565,-46610.59046106465,0.3843846810856647,0.271407189482394,0.1129774916032707
185000.0,85000.0,947.0823310264428,44171.56242675005,-48556.77348328121,0.3826164201653662,0.2694637960067356,0.11315262415863059
190000.0,85000.0,966.2339114684198,42685.82679271564,-50789.420754552724,0.3800847509407364,0.2675921017679525,0.1124926491727839
195000.0,85000.0,985.2768972352635,41188.79731246742,-53029.126679707864,0.37764124328779647,0.26578821074595727,0.1118530325418392
200000.0,85000.0,1004.2170842057092,39681.07675739375,-55275.514526628904,0.37528145327385337,0.26404850417010617,0.1112329491037472
205000.0,85000.0,1023.0598630203001,38208.22575411119,-57483.233903680506,0.37311894681251934,0.26236961628817546,0.11074933052434388
210000.0,85000.0,1041.8102538899213,36725.7664045518,-59696.95849715512,0.3710252116420288,0.2607484126329677,0.11027679900906107
215000.0,85000.0,1060.472937877018,35234.185539209866,-61916.384037993834,0.36899713786459143,0.25918197049127173,0.1098151673733197
220000.0,85000.0,1079.0522850595764,33903.93764619593,-63971.22647112754,0.3674403846784887,0.2576675613191252,0.1097728233593635
225000.0,85000.0,1097.5523799343694,32795.4475131744,-65801.220304266,0.3664627391033566,0.256202634880803,0.11026010422255356
230000.0,85000.0,1115.9770443700997,31679.112614490383,-67636.11711594352,0.3654977345328218,0.254784804917569,0.11071292961525281
235000.0,85000.0,1134.3298583817843,30555.305271705554,-69475.68420518402,0.36454581075219034,0.25341183617678326,0.11113397457540708
240000.0,85000.0,1152.6141789638932,29424.374612244894,-71319.70336734694,0.3636073048291491,0.2520816326530612,0.11152567217608789
245000.0,85000.0,1170.8331571906353,28286.648347826093,-73167.96978260869,0.3626824656886036,0.250792226911375,0.11189023877722859
250000.0,85000.0,1188.989753766593,27142.434391725677,-75020.29100517146,0.3617714666643037,0.24954177037770955,0.11222969628659415
255000.0,85000.0,1207.086753189105,25992.0223316669,-76876.48604270819,0.3608744163224286,0.2483285244965005,0.11254589182592811
260000.0,85000.0,1225.1267766648682,24835.68477314629,-78736.38451678357,0.35999136780627544,0.2471508526659004,0.11284051514037505
265000.0,85000.0,1243.112293906759,23673.67856630293,-80599.82589606068,0.3591223269128607,0.24600721287220273,0.113115114040658
270000.0,85000.0,1261.0456339225143,22506.245927941505,-82466.65879503656,0.35826725908021956,0.24489615095371575,0.1133711081265038
275000.0,85000.0,1278.9289948943788,21413.865469015378,-84256.49033186538,0.35758032056213196,0.24381629443221137,0.11376402612992059
280000.0,85000.0,1296.7644532378395,20386.253136735293,-85979.68553954044,0.3570334723733407,0.24276634685692763,0.11426712551641308
285000.0,85000.0,1314.5539719179326,19353.863079464994,-87705.86682533438,0.35649060708051006,0.24174508261211647,0.11474552446839359
290000.0,85000.0,1332.299408093168,18316.888441689487,-89434.91347394406,0.355952043902625,0.24075134214441254,0.11520070175821248
295000.0,85000.0,1350.0025201496373,17275.5120955623,-91166.71119027356,0.3554180574200654,0.23978402757094844,0.11563402984911694
300000.0,85000.0,1367.6649741813267,16229.907314857948,-92901.15167821378,0.35488888246655187,0.23884209863324304,0.11604678383330883
90000.0,90000.0,525.9412272848665,64989.88763762612,-14139.570226483676,0.4029904047566943,0.31161915841134247,0.09137124634535182
95000.0,90000.0,552.1396974850699,64447.02853844727,-15704.169663470457,0.40363074922466713,0.30950869161769257,0.09412205760697456
100000.0,90000.0,576.0838964991664,63669.7252359133,-17415.29672755419,0.4026392824994174,0.3064150670794633,0.09622421541995407
105000.0,90000.0,599.2568561450526,62812.21303908547,-19176.55435057158,0.40121487777439385,0.30323222645617853,0.09798265131821532
110000.0,90000.0,622.1541828399952,61926.03501535949,-20955.728115400318,0.3997283932498888,0.3002117359014119,0.09951665734847687
115000.0,90000.0,644.7964412962231,61013.3298948072,-22751.4813157455,0.3981997559146534,0.29734148263101345,0.10085827328363994
120000.0,90000.0,667.2022001170749,60076.02881217579,-24562.60699239013,0.39664472854793525,0.2946105295853393,0.10203419896259597
125000.0,90000.0,689.3882682490021,59179.87989789621,-26324.012563814867,0.39535465101653855,0.29200897615708277,0.10334567485945578
130000.0,90000.0,711.369898600311,58298.46945443234,-28062.706590979786,0.39419054280342464,0.2895278382581648,0.10466270454525983
135000.0,90000.0,733.1609640253562,57397.24025863705,-29813.787338351845,0.3930003054301275,0.2871589446636025,0.105841360766525
140000.0,90000.0,754.7741099529575,56477.507435107575,-31576.432853057766,0.39179298152804853,0.2848948471121177,0.10689813441593082
145000.0,90000.0,776.2208871970661,55540.472268494865,-33349.892332190706,0.3905759543101156,0.28272874207956794,0.10784721223054766
150000.0,90000.0,797.5118678881479,54587.234260367375,-35133.478587270394,0.3893552509147758,0.2806544024944079,0.10870084842036792
155000.0,90000.0,818.6567469761528,53618.801685519895,-36926.56144655007,0.38813578634609286,0.2786661179516113,0.10946966839448158
160000.0,90000.0,839.6644313574836,52636.1008611783,-38728.56196176356,0.38692156062766203,0.2767586422161529,0.11016291841150916
165000.0,90000.0,860.5431183513786,51639.98430854338,-40538.947307160386,0.38571581888548906,0.2749271469997769,0.11078867188571218
170000.0,90000.0,881.300364981566,50631.23795808287,-42357.226276198206,0.3845211818917565,0.2731671811535337,0.11135400073822277
175000.0,90000.0,901.7190708410831,49587.28336747264,-44197.5103953296,0.38324451614638777,0.271407189482394,0.11183732666399376
180000.0,90000.0,921.1723506411798,48442.924466682714,-46100.5472083233,0.3816323196512106,0.26946379600673565,0.11216852364447494
185000.0,90000.0,940.5039016830398,47254.90577503614,-48042.49639060241,0.3799587683401487,0.2675921017679525,0.11236666657219618
190000.0,90000.0,959.7203385096907,45775.91520500783,-50270.92799687011,0.3775225248313356,0.26578821074595727,0.11173431408537832
195000.0,90000.0,978.8278049585836,44285.59171569269,-52506.44267769207,0.37516940696211265,0.26404850417010617,0.11112090279200648
200000.0,90000.0,997.8320153002832,42784.52959122945,-54748.66900548159,0.372895317869697,0.2623696162881754,0.11052570158152158
205000.0,90000.0,1016.7382911367513,41318.28227822215,-56952.26107611116,0.37081341384358246,0.2607484126329677,0.11006500121061474
210000.0,90000.0,1035.5515945605496,39842.36583429715,-59161.89635356428,0.3687962832996506,0.25918197049127173,0.10961431280837886
215000.0,90000.0,1054.2765580096607,38357.26203300472,-61377.27372937205,0.36684107489069423,0.2576675613191252,0.10917351357156901
220000.0,90000.0,1072.9175111958302,37033.42116436636,-63428.111772271026,0.3653513629511625,0.25620263488080297,0.10914872807035952
225000.0,90000.0,1091.478505435718,35931.26456531469,-65254.14714667832,0.3644347277515167,0.254784804917569,0.1096499228339477
230000.0,90000.0,1109.963335672478,34821.18690993771,-67085.13318128893,0.36352816274260485,0.25341183617678326,0.1101163265658216
235000.0,90000.0,1128.3755604395603,33703.55828571426,-68920.83857142858,0.36263224535076055,0.25208163265306116,0.11055061269769939
240000.0,90000.0,1146.7185199876185,32578.726078712323,-70761.04620080479,0.361747441650577,0.250792226911375,0.110955214739202
245000.0,90000.0,1164.9953527687362,31447.016687948548,-72605.55207003216,0.3608741215287725,0.24954177037770953,0.11133235115106299
250000.0,90000.0,1183.2090104490567,30308.737086701905,-74454.16432081131,0.3600125717858828,0.2483285244965005,0.1116840472893823
255000.0,90000.0,1201.3622716008392,29164.176246487288,-76306.70234594545,0.359163007472604,0.24715085266590034,0.11201215480670365
260000.0,90000.0,1219.4577542075087,28013.606437580893,-78162.99597651194,0.35832558171179063,0.2460072128722027,0.11231836883958793
265000.0,90000.0,1237.4979271000414,26857.28441840432,-80022.8847384973,0.3575003942188848,0.24489615095371572,0.11260424326516907
270000.0,90000.0,1255.4851204297431,25695.452524693275,-81886.21717206671,0.35668749870157485,0.24381629443221137,0.11287120426936348
275000.0,90000.0,1273.421535270827,24608.58966816601,-83672.60020739624,0.3560404702768272,0.24276634685692763,0.11327412341989959
280000.0,90000.0,1291.3092524359981,23586.41225334379,-85392.39859166014,0.35553151164337765,0.2417450826121164,0.11378642903126124
285000.0,90000.0,1309.1502405792821,22559.375020245338,-87115.23436234666,0.35502518268062416,0.24075134214441257,0.11427384053621159
290000.0,90000.0,1326.9463636524306,21527.67181985278,-88840.98636259201,0.3545218645463877,0.23978402757094838,0.1147378369754393
295000.0,90000.0,1344.6993877742839,20491.486328525527,-90569.53979467155,0.3540218903915174,0.23884209863324304,0.11517979175827434
300000.0,90000.0,1362.410987566313,19450.992706896563,-92300.78580818966,0.3535255504565233,0.23792456896551722,0.11560098149100606
95000.0,95000.0,546.6209092799872,67300.57456511867,-15206.015896800829,0.39959634882169665,0.3064150670794633,0.09318128174223334
100000.0,95000.0,570.0999112934969,66474.89077452366,-16947.380765922702,0.398456927248143,0.30323222645617853,0.09522470079196449
105000.0,95000.0,593.2876697725518,65618.91765634538,-18707.676464784137,0.397218383856474,0.3002117359014119,0.09700664795506209
110000.0,95000.0,616.2059141201642,64734.91506849707,-20485.490582189334,0.3959066847995124,0.2973414826310135,0.0985652021684989
115000.0,95000.0,638.874264580023,63824.92351632239,-22279.547802298504,0.3945424632066886,0.2946105295853393,0.09993193362134933
120000.0,95000.0,661.3104820800519,62890.7901363254,-24088.69366479663,0.39314216380659306,0.2920089761570828,0.10113318764951024
125000.0,95000.0,683.5306833831797,61998.191071850706,-25847.88058009331,0.39199540699239965,0.2895278382581648,0.10246756873423485
130000.0,95000.0,705.5495270384712,61120.650812001,-27584.155742499377,0.3909653073390149,0.2871589446636024,0.10380636267541249
135000.0,95000.0,727.3803746537154,60223.558963986405,-29332.650647508497,0.3899017043041919,0.28489484711211777,0.10500685719207414
140000.0,95000.0,749.0354312278768,59308.18484769919,-31092.571970188008,0.38881411140242766,0.2827287420795679,0.10608536932285978
145000.0,95000.0,770.525867648301,58375.6902354233,-32863.19360286044,0.3877103554428837,0.2806544024944079,0.10705595294847581
150000.0,95000.0,791.861927942344,57427.14050600378,-34643.84968374764,0.38659687969319495,0.2786661179516112,0.10793076174158373
155000.0,95000.0,813.0530234520843,56463.514439016755,-36433.92847561453,0.38547898831136806,0.2767586422161529,0.10872034609521519
160000.0,95000.0,834.1078157552463,55485.712838545616,-38232.86697590899,0.384361044425791,0.2749271469997769,0.10943389742601412
165000.0,95000.0,855.0342898706492,54494.5661465475,-40040.14615840781,0.38324663141163534,0.2731671811535337,0.11007945025810162
170000.0,95000.0,875.6222256985452,53468.21147264872,-41869.43032959455,0.3820437463716897,0.27140718948239406,0.11063655688929563
175000.0,95000.0,895.2623702559167,52343.286506615346,-43760.32093336541,0.3805003187886053,0.2694637960067356,0.1110365227818697
180000.0,95000.0,914.7738918976597,51204.98475735661,-45659.572026652124,0.3789815033834595,0.2675921017679525,0.11138940161550698
185000.0,95000.0,934.1637797841179,50023.033097548265,-47597.72931403233,0.37739739150425267,0.26578821074595727,0.1116091807582954
190000.0,95000.0,953.4385257114579,48550.10667399164,-49822.37082875523,0.3750514655727715,0.26404850417010617,0.11100296140266536
195000.0,95000.0,972.6041675802663,47065.833428347716,-52054.10410728268,0.37278398397704604,0.26236961628817546,0.11041436768887058
200000.0,95000.0,991.6663283835815,45570.79815189248,-54292.563655067206,0.37059116672257564,0.2607484126329678,0.10984275408960786
205000.0,95000.0,1010.6302512440811,44110.54612938443,-56492.40866913473,0.36858575787327225,0.25918197049127173,0.10940378738200052
210000.0,95000.0,1029.5008309597447,42640.58641981345,-58698.32098761659,0.3666413939258878,0.25766756131912516,0.10897383260676263
215000.0,95000.0,1048.2826424572918,41161.394815558335,-60910.00324027604,0.3647554604403586,0.256202634880803,0.10855282555955559
220000.0,95000.0,1066.9799665013365,39843.416516139,-62957.17717741313,0.36332950197482433,0.25478480491756905,0.10854469705725528
225000.0,95000.0,1085.5968129631722,38747.06854816992,-64779.5821573938,0.36247088422709045,0.25341183617678326,0.1090590480503072
230000.0,95000.0,1104.1369419152275,37642.74195918365,-66606.97377551021,0.36161993915546714,0.2520816326530612,0.10953830650240592
235000.0,95000.0,1122.6038827846019,36530.80380959861,-68439.12261900087,0.3607773696331023,0.25079222691137504,0.10998514272172727
240000.0,95000.0,1141.0009517708795,35411.59898417146,-70275.81313489284,0.3599437595447972,0.24954177037770955,0.11040198916708763
245000.0,95000.0,1159.3312677090084,34285.451841736896,-72116.84259891445,0.35911958944816325,0.24832852449650045,0.1107910649516628
250000.0,95000.0,1177.5977665368105,33152.6677198283,-73962.02017510732,0.35830525014285464,0.2471508526659004,0.11115439747695424
255000.0,95000.0,1195.8032145082586,32013.534308858914,-75811.16605696318,0.35750105444537716,0.2460072128722027,0.11149384157317446
260000.0,95000.0,1213.9502202775689,30868.32290886715,-77664.11068195803,0.3567072474214604,0.24489615095371572,0.1118110964677447
265000.0,95000.0,1232.0412459651075,29717.289580371173,-79520.69401226801,0.35592401528996237,0.2438162944322114,0.11210772085775098
270000.0,95000.0,1250.0786173038148,28560.676199596724,-81380.76487525205,0.35515149318041855,0.24276634685692763,0.11238514632349092
275000.0,95000.0,1268.064532954064,27478.961427222646,-83163.93035798584,0.3545426868867193,0.24174508261211644,0.11279760427460286
280000.0,95000.0,1286.0010730653964,26461.861598801217,-84880.55525074924,0.3540700297929657,0.24075134214441257,0.11331868764855313
285000.0,95000.0,1303.890207155224,25439.83154414328,-86600.26153491045,0.3535987273591508,0.2397840275709484,0.11381469978820241
290000.0,95000.0,1321.7338013672413,24413.065342193106,-88322.92791112931,0.3531292179775219,0.23884209863324302,0.11428711934427888
295000.0,95000.0,1339.5336251657827,23381.747017241418,-90048.43936422412,0.35266188899596207,0.23792456896551728,0.11473732003044479
300000.0,95000.0,1357.2913575166062,22346.051181727074,-91776.68676142058,0.3521970819929142,0.23703050264929112,0.1151665793436231
100000.0,100000.0,564.4211567051083,69151.80029733127,-16499.624814167957,0.3944879052240004,0.30021173590141187,0.09427616932258853
105000.0,100000.0,587.6153869441051,68296.50024218694,-18259.49984863316,0.3934206730111497,0.29734148263101345,0.09607919038013624
110000.0,100000.0,610.5463290429711,67413.818220469,-20036.48861220688,0.3922704529589732,0.2946105295853393,0.09765992337363394
115000.0,100000.0,633.2326959111016,66505.70037475455,-21829.374765778397,0.39105846248481085,0.29200897615708277,0.09904948632772809
120000.0,100000.0,655.6914681660485,65573.91268926905,-23637.054569206848,0.38980171881370207,0.2895278382581648,0.10027388055553726
125000.0,100000.0,677.9380900515864,64684.06136536499,-25394.52414664688,0.38878813195346484,0.2871589446636025,0.10162918728986237
130000.0,100000.0,699.9866393544733,63809.61049286521,-27128.86844195924,0.38788275110487536,0.2848948471121177,0.10298790399275765
135000.0,100000.0,721.8499752586876,62915.89742690351,-28875.251608185306,0.38693721388797636,0.2827287420795679,0.10420847180840848
140000.0,100000.0,743.539867408454,62004.14621047921,-30632.908618450492,0.38596143891989704,0.2806544024944079,0.10530703642548916
145000.0,100000.0,765.0671089085353,61075.479326487664,-32401.13792094521,0.38496363741545264,0.2786661179516113,0.10629751946384136
150000.0,100000.0,786.441615546685,60130.928016855236,-34179.294989465474,0.38395061550851667,0.2767586422161529,0.1071919732923638
155000.0,100000.0,807.672513159114,59171.44136854785,-35966.78664465759,0.38292801856584413,0.27492714699977694,0.10800087156606719
160000.0,100000.0,828.7682147597326,58197.894335012184,-37763.066040617385,0.38190052963779036,0.2731671811535337,0.10873334848425664
165000.0,100000.0,849.5253805560072,57189.13957782474,-39581.35026385954,0.3807774077061064,0.271407189482394,0.1093702182237124
170000.0,100000.0,869.3523898706537,56083.64854654798,-41460.09465840751,0.3793081470475495,0.26946379600673565,0.10984435104081386
175000.0,100000.0,889.0438821122797,54964.063739677076,-43347.64766270183,0.3778573653934339,0.2675921017679525,0.11026526362548139
180000.0,100000.0,908.6072210585451,53831.1509900887,-45243.53063119456,0.37642671448296905,0.26578821074595727,0.11063850373701178
185000.0,100000.0,928.0492464643323,52654.62163229055,-47178.2989798184,0.3749271513010988,0.26404850417010617,0.11087864713099266
190000.0,100000.0,947.3763198602494,51187.13726546592,-49399.5392090838,0.37266679248920487,0.2623696162881754,0.11029717620102947
195000.0,100000.0,966.5943656304114,49708.31402556278,-51627.86623402326,0.37048052077129634,0.2607484126329677,0.10973210813832862
200000.0,100000.0,985.7089079276127,48218.72642447171,-53862.92098470518,0.36836484589848045,0.25918197049127173,0.10918287540720872
205000.0,100000.0,1004.7251039098287,46763.91080662218,-56059.36824586114,0.36643209860681997,0.25766756131912516,0.1087645372876948
210000.0,100000.0,1023.6477737187531,45299.36846675031,-58261.894708281056,0.3645569147287563,0.256202634880803,0.10835427984795326
215000.0,100000.0,1042.4814275669548,43825.568466963305,-60470.207208147935,0.36273689719917196,0.254784804917569,0.10795209228160296
220000.0,100000.0,1061.2302902538659,42512.95018640206,-62514.03113349872,0.36137161422332326,0.25341183617678326,0.10795977804654
225000.0,100000.0,1079.8983233908948,41421.92563265306,-64333.10897959184,0.36056821048177584,0.2520816326530612,0.10848657782871463
230000.0,100000.0,1098.4892455815848,40322.88154048483,-66157.19903719699,0.3597702414168897,0.250792226911375,0.1089780145055147
235000.0,100000.0,1117.0065507730228,39216.181280394376,-67986.07419975352,0.3589785243315062,0.24954177037770953,0.10943675395379665
240000.0,100000.0,1135.4535249689602,38102.16659677186,-69819.52087701758,0.3581937507864492,0.24832852449650045,0.10986522628994877
245000.0,100000.0,1153.8332614727815,36981.15919316927,-71657.3380042692,0.3574165026796686,0.24715085266590034,0.11026565001376828
250000.0,100000.0,1172.1486748090083,35853.46218013688,-73499.33613741444,0.3566472662114453,0.2460072128722027,0.11064005333924262
255000.0,100000.0,1190.4025134550964,34719.361399330024,-75345.33662541874,0.35588644403304126,0.24489615095371575,0.11099029307932551
260000.0,100000.0,1208.5973715004718,33579.12663604907,-77195.17085246934,0.3551343658310563,0.24381629443221137,0.11131807139884492
265000.0,100000.0,1226.7356993368023,32433.01273102744,-79048.67954310785,0.3543912975620139,0.2427663468569276,0.11162495070508627
270000.0,100000.0,1244.8198134721297,31281.2606011015,-80905.71212431157,0.35365744952003336,0.2417450826121164,0.11191236690791695
275000.0,100000.0,1262.8519055515103,30204.348177357097,-82685.87613915182,0.35308526979396665,0.24075134214441254,0.1123339276495541
280000.0,100000.0,1280.8340506580175,29191.99126843385,-84399.53670722885,0.35264741217931117,0.23978402757094838,0.11286338460836279
285000.0,100000.0,1298.7682149601987,28174.644355860655,-86116.31602758709,0.352209707093667,0.23884209863324304,0.11336760846042396
290000.0,100000.0,1316.656262765252,27152.50132758623,-87836.09292025861,0.35177264584936996,0.23792456896551722,0.11384807688385273
295000.0,100000.0,1334.4999630310974,26125.746155234156,-89558.75240297866,0.3513366659753262,0.23703050264929112,0.11430616332603508
300000.0,100000.0,1352.3009953851745,25094.55352005815,-91284.18529996366,0.35090215664689706,0.23615901102896614,0.11474314561793092
105000.0,105000.0,582.2183935059195,71002.71292461563,-17793.429422115234,0.389807274114756,0.29461052958533934,0.09519674452941668
110000.0,105000.0,605.1549097421513,70120.61061318373,-19570.05586676017,0.3888065151861601,0.29200897615708277,0.09679753902907734
115000.0,105000.0,627.8522529489172,69213.6343066874,-21362.228558320377,0.387735722256984,0.2895278382581648,0.09820788399881919
120000.0,105000.0,650.3266530647015,68283.47191872896,-23168.8925507944,0.38661239235583034,0.2871589446636025,0.09945344769222786
125000.0,105000.0,672.5929040552312,67395.66202174406,-24925.086236409967,0.38572274160446024,0.28489484711211777,0.10082789449234247
130000.0,105000.0,694.6645192894983,66523.61000610783,-26657.931246182605,0.3849336111406945,0.2827287420795679,0.10220486906112664
135000.0,105000.0,716.5538671686071,65632.60218553513,-28402.623634040538,0.3840983119290327,0.2806544024944079,0.10344390943462484
140000.0,105000.0,738.2722898747265,64723.81814697157,-30158.42615814277,0.38322711101946355,0.2786661179516113,0.10456099306785227
145000.0,105000.0,759.8302076412856,63798.34159469371,-31924.661503316434,0.38232855281025757,0.2767586422161529,0.1055699105941047
150000.0,105000.0,781.2372105629815,62857.169898550084,-33700.7063134062,0.38140976001797977,0.27492714699977694,0.10648261301820283
155000.0,105000.0,802.5021396488158,61901.22252347684,-35485.98592282698,0.38047667739564656,0.27316718115353367,0.10730949624211289
160000.0,105000.0,823.4285354134695,60910.067683000816,-37293.27019812449,0.3794399787453735,0.271407189482394,0.10803278926297949
165000.0,105000.0,843.4424094853906,59824.01058648061,-39159.86838344962,0.37805087591737435,0.2694637960067356,0.10858707991063876
170000.0,105000.0,863.3138723268995,58723.14272199756,-41035.72329875153,0.3766734744715917,0.26759210176795245,0.10908137270363927
175000.0,105000.0,883.0506623329723,57608.26888262911,-42920.331948356805,0.3753101545283723,0.26578821074595727,0.10952194378241503
180000.0,105000.0,902.6599672172068,56480.13659058952,-44813.227130881554,0.3739628278091618,0.26404850417010617,0.10991432363905562
185000.0,105000.0,922.1484721402326,55308.441102584184,-46744.974310884885,0.3725432686394469,0.26236961628817546,0.11017365235127147
190000.0,105000.0,941.5224028772413,53845.82989923308,-48963.16881297932,0.3703640534193941,0.2607484126329677,0.10961564078642638
195000.0,105000.0,960.7875646111443,52371.90671955899,-51188.43330027563,0.36825486465107854,0.25918197049127173,0.10907289415980681
200000.0,105000.0,979.949376859913,50887.235193430926,-53420.415504105666,0.36621247742829866,0.25766756131912516,0.1085449161091735
205000.0,105000.0,999.0129049802142,49437.34211794229,-55613.78617628607,0.3643488093237186,0.25620263488080297,0.10814617444291563
210000.0,105000.0,1017.9828886325731,47977.72041778761,-57813.23723888274,0.36253945024308826,0.254784804917569,0.10775464532551926
215000.0,105000.0,1036.86376754456,46508.831824634224,-60018.48010960361,0.3607822028399648,0.25341183617678326,0.10737036666318156
220000.0,105000.0,1055.659704866562,45201.109306122424,-62059.24418367348,0.3594747107405765,0.2520816326530612,0.1073930780875153
225000.0,105000.0,1074.3746083785682,44114.95927137107,-63875.27545539308,0.3587238923695372,0.250792226911375,0.10793166545816224
230000.0,105000.0,1093.012149775166,43020.76357661729,-65696.3352646142,0.35797641768264327,0.24954177037770955,0.10843464730493371
235000.0,105000.0,1111.5757822289124,41918.88135180691,-67522.19915512069,0.3572332084453983,0.2483285244965005,0.1089046839488978
240000.0,105000.0,1130.0687564087525,40809.65066651028,-69352.65583343108,0.3564950547101387,0.24715085266590037,0.10934420204423834
245000.0,105000.0,1148.4941351097582,39693.39005141484,-71187.50621786572,0.35576263124455265,0.24600721287220273,0.10975541837234992
250000.0,105000.0,1166.8548066326236,38570.39988979284,-73026.56256887948,0.3550365118307359,0.24489615095371575,0.11014036087702017
255000.0,105000.0,1185.1534970358362,37440.96369172697,-74869.64769267064,0.3543171817314189,0.24381629443221137,0.11050088729920754
260000.0,105000.0,1203.3927813697903,36305.349262458214,-76716.59421096361,0.3536050485753225,0.24276634685692763,0.11083870171839486
265000.0,105000.0,1221.5750939901955,35163.80977498031,-78567.2438906373,0.35290045187620056,0.24174508261211647,0.11115536926408409
270000.0,105000.0,1239.7027380376248,34016.58475591299,-80421.44702755439,0.35220367136870323,0.24075134214441257,0.11145232922429066
275000.0,105000.0,1257.7778941608108,32944.15099272433,-82198.8118795473,0.3516666088465134,0.23978402757094838,0.11188258127556502
280000.0,105000.0,1275.8026285531562,31936.22336952825,-83909.70414404484,0.3512621289070952,0.23884209863324304,0.11242003027385214
285000.0,105000.0,1293.7789003647215,30923.25563793104,-85623.7464762931,0.35085666733489446,0.23792456896551725,0.1129320983693772
290000.0,105000.0,1311.7085685455886,29905.441128741237,-87340.81804453673,0.35045076440185435,0.2370305026492911,0.11342026175256326
295000.0,105000.0,1329.5933981708508,28882.963409768476,-89060.80411889471,0.35004490412658446,0.23615901102896614,0.11388589309761832
300000.0,105000.0,1347.4350662924676,27855.996894416632,-90783.5956909896,0.34963951983856184,0.23530924976561407,0.11433027007294777
110000.0,110000.0,600.0130377317861,72853.35592410574,-19087.402547433907,0.3855029092735266,0.28952783825816486,0.09597507101536173
115000.0,110000.0,622.7152160778166,71946.88247209293,-20879.26095494192,0.3845632996175466,0.2871589446636025,0.09740435495394412
120000.0,110000.0,645.1991687559891,71017.71355062287,-22685.30403086071,0.3835641565715266,0.28489484711211777,0.09866930945940883
125000.0,110000.0,667.4790633203091,70131.32258531215,-24440.610884179903,0.3827900245678845,0.28272874207956794,0.10006128248831658
130000.0,110000.0,689.5678669287603,69261.05816059106,-26172.338649630583,0.38210940932316934,0.28065440249440793,0.10145500682876141
135000.0,110000.0,711.4774708409177,68372.15696745543,-27915.714395340354,0.38137718327494724,0.2786661179516113,0.10271106532333596
140000.0,110000.0,733.2187997358864,67465.75517253217,-29670.028017167388,0.38060391297582347,0.27675864221615293,0.10384527075967054
145000.0,110000.0,754.8019079668492,66542.89842855232,-31434.6259821548,0.379798431582791,0.27492714699977694,0.10487128458301403
150000.0,110000.0,776.2360645378991,65604.5507119415,-33208.905805036564,0.37896813808874913,0.27316718115353367,0.10580095693521546
155000.0,110000.0,797.3316902709315,64630.99578817689,-35005.19013238944,0.37802530025564207,0.271407189482394,0.10661811077324806
160000.0,110000.0,817.5324291001276,63564.37262641326,-36859.64210849171,0.37672302352947057,0.2694637960067356,0.10725922752273498
165000.0,110000.0,837.5838625415196,62482.22170431806,-38723.79893480122,0.37542493634067603,0.2675921017679525,0.10783283457272352
170000.0,110000.0,857.4941036073994,61385.38677516952,-40597.13326551905,0.37413424444823223,0.26578821074595727,0.10834603370227497
175000.0,110000.0,877.2706879700812,60274.65154888843,-42479.155281944724,0.3728535762550765,0.26404850417010617,0.10880507208497031
180000.0,110000.0,896.9206244202155,59150.74493970243,-44369.409412685985,0.3715850765627586,0.2623696162881754,0.10921546027458318
185000.0,110000.0,916.4504401240714,57983.34577290341,-46298.47139193537,0.37024129283376556,0.2607484126329677,0.10949288020079784
190000.0,110000.0,935.8662212946758,56525.08701464627,-48513.94561584608,0.36813909697502983,0.25918197049127173,0.1089571264837581
195000.0,110000.0,955.1736498099971,55055.5595802397,-50736.46276235019,0.36610313880510986,0.2576675613191252,0.10843557748598465
200000.0,110000.0,974.3780362416754,53575.315769134264,-52965.677644291085,0.36413043676519885,0.25620263488080297,0.10792780188439588
205000.0,110000.0,993.4843496981916,52129.87236861192,-55156.26726961755,0.3623324964970839,0.254784804917569,0.10754769157951488
210000.0,110000.0,1012.4972448352539,50674.71346286639,-57352.9290857085,0.3605858198739364,0.2534118361767833,0.10717398369715309
215000.0,110000.0,1031.421086342229,49210.29297959182,-59555.379387755114,0.35888839328175953,0.25208163265306116,0.10680676062869837
220000.0,110000.0,1050.259971175551,47907.037002257304,-61593.351873589185,0.3576359859150442,0.250792226911375,0.10684375900366921
225000.0,110000.0,1069.0177487773096,46825.345872840204,-63406.59632947487,0.3569352857587195,0.24954177037770958,0.10739351538100994
230000.0,110000.0,1087.6980394888642,45735.59610684187,-65224.87743322383,0.35623597393382295,0.2483285244965005,0.10790744943732244
235000.0,110000.0,1106.3042513447238,44638.14213985129,-67047.97366259294,0.35553906763981,0.24715085266590037,0.10838821497390966
240000.0,110000.0,1124.8395954105076,43533.317922692804,-68875.676298317,0.3548454470861906,0.24600721287220267,0.10883823421398792
245000.0,110000.0,1143.307099810151,42421.43838025571,-70707.78851234018,0.3541558722110202,0.24489615095371572,0.10925972125730446
250000.0,110000.0,1161.7096225712003,41302.80074740482,-72544.12453287198,0.35347099725984726,0.24381629443221137,0.1096547028276359
255000.0,110000.0,1180.049863402778,40177.68579388893,-74384.50887881941,0.35279138352048883,0.24276634685692763,0.1100250366635612
260000.0,110000.0,1198.3303745082612,39046.35894885915,-76228.77565696303,0.3521175104648301,0.24174508261211644,0.11037242785271364
265000.0,110000.0,1216.5535705237387,37909.07133446884,-78076.76791595697,0.3514497855118176,0.24075134214441254,0.11069844336740506
270000.0,110000.0,1234.7217376636045,36766.06071701484,-79928.33705186572,0.35078855259466885,0.2397840275709484,0.11100452502372044
275000.0,110000.0,1252.8370421461136,35697.80238319583,-81703.09226050261,0.350285178404074,0.23884209863324307,0.11144307977083096
280000.0,110000.0,1270.901537964191,34694.00994827587,-83411.40003232758,0.34991272934033085,0.23792456896551722,0.11198816037481363
285000.0,110000.0,1288.91717406008,33685.13610224833,-85122.88368609479,0.34953822792591976,0.23703050264929115,0.11250772527662861
290000.0,110000.0,1306.8858009565274,32671.373299478844,-86837.42293782573,0.3491622597533004,0.23615901102896616,0.11300324872433423
295000.0,110000.0,1324.8091768919278,31652.904396760496,-88554.9035020247,0.34878535193476035,0.2353092497656141,0.11347610216914625
300000.0,110000.0,1342.6889735021853,30629.903244227273,-90275.21672235796,0.34840797878265806,0.23448041610844034,0.11392756267421772
115000.0,115000.0,617.8054334567471,74703.7650795017,-20381.52182531144,0.3815312198539336,0.28489484711211777,0.09663637274181586
120000.0,115000.0,640.2936073511199,73775.03516451648,-22187.2905221772,0.3806478516320823,0.28272874207956794,0.09791910955251437
125000.0,115000.0,662.5818666889134,72889.51413564698,-23942.053665220636,0.379981549932709,0.28065440249440793,0.09932714743830107
130000.0,115000.0,684.6826518071089,72020.49578793932,-25673.002632537926,0.3794023709675905,0.2786661179516113,0.10073625301597922
135000.0,115000.0,706.6073918304871,71133.16875037068,-27415.394531018334,0.37876664802759896,0.27675864221615293,0.10200800581144603
140000.0,115000.0,728.3666053707168,70228.62695855455,-29168.545650903405,0.378085204832268,0.27492714699977694,0.10315805783249105
145000.0,115000.0,749.9699894269825,69307.87890040618,-30931.825687246135,0.3773671246880848,0.2731671811535337,0.10419994353455109
150000.0,115000.0,771.2348451283937,68351.92389335296,-32717.110066654408,0.3765264803323269,0.271407189482394,0.10511929084993288
155000.0,115000.0,791.6224487148646,67304.73466634593,-34559.41583353379,0.37531847475278163,0.2694637960067356,0.10585467874604604
160000.0,115000.0,811.8538527561398,66241.30068663855,-36411.87457085091,0.37410630720911037,0.26759210176795256,0.1065142054411578
165000.0,115000.0,831.9375448818266,65162.50466770999,-38273.93458268126,0.372894122958578,0.26578821074595727,0.10710591221262072
170000.0,115000.0,851.8814087229556,64069.1665071874,-40145.08343300788,0.37168536304942645,0.26404850417010617,0.10763685887932029
175000.0,115000.0,871.6927767001986,62962.04877682065,-42024.84451448709,0.3704828779135856,0.26236961628817534,0.10811326162541024
180000.0,115000.0,891.3784773709015,61841.86164657376,-43912.7739708914,0.36928902150552023,0.2607484126329677,0.10854060887255251
185000.0,115000.0,910.9448779782074,60678.26730973355,-45839.45793141653,0.368017073871761,0.25918197049127173,0.1088351033804893
190000.0,115000.0,930.3979227600812,59223.88396704843,-48052.51002059473,0.3659880475635759,0.2576675613191252,0.10832048624445068
195000.0,115000.0,949.7431675031365,57758.28942032618,-50272.569112296136,0.36402171976872544,0.25620263488080297,0.10781908488792247
200000.0,115000.0,968.9858107638099,56282.02431943623,-52499.29730035236,0.36211533241620814,0.254784804917569,0.10733052749863914
205000.0,115000.0,988.1307221259478,54840.59510109859,-54687.37806181338,0.3603799813475941,0.2534118361767833,0.10696814517081077
210000.0,115000.0,1007.1824678178963,53389.476653061225,-56881.514591836734,0.35869304116463446,0.2520816326530612,0.10661140851157325
215000.0,115000.0,1026.1453339725344,51929.11473314359,-59081.428291785254,0.3570526674890798,0.250792226911375,0.10626044057770484
220000.0,115000.0,1045.0233477794527,50629.928169063074,-61116.85739433557,0.3558528036339627,0.24954177037770955,0.10631103325625316
225000.0,115000.0,1063.8202967488162,49552.310861876875,-62927.55571132695,0.35519990388397576,0.2483285244965005,0.10687137938747526
230000.0,115000.0,1082.539746280695,48466.63361319226,-64743.29149175483,0.354546562407705,0.24715085266590042,0.10739570974180457
235000.0,115000.0,1101.1850557112575,47373.24579397077,-66563.84637876827,0.35389388364962276,0.2460072128722027,0.10788667077742006
240000.0,115000.0,1119.759392987678,46272.47687071853,-68389.01445580092,0.35324283040433435,0.2448961509537157,0.10834667945061865
245000.0,115000.0,1138.2657481065648,45164.63780308276,-70218.60137307327,0.35259424077358525,0.2438162944322114,0.10877794634137386
250000.0,115000.0,1156.7069454357656,44050.022325319645,-72052.42354667521,0.35194884297819695,0.2427663468569276,0.10918249612126935
255000.0,115000.0,1175.085655026327,42928.90812273801,-73890.30742328874,0.35130726831864295,0.24174508261211644,0.10956218570652651
260000.0,115000.0,1193.404403009853,41801.55791302469,-75732.08880435956,0.3506700625343276,0.24075134214441254,0.10991872038991504
265000.0,115000.0,1211.6655811663973,40668.22044130531,-77577.61222418418,0.35003769577500304,0.23978402757094833,0.11025366820405472
270000.0,115000.0,1229.8714557390708,39529.13139686338,-79426.73037696039,0.34941057136692866,0.23884209863324302,0.11056847273368564
275000.0,115000.0,1248.0241755636605,38464.76425862068,-81199.05358836208,0.3489395318652539,0.23792456896551725,0.11101496289973664
280000.0,115000.0,1266.125779574571,37464.8310757554,-82904.94932765288,0.34859783703525205,0.2370305026492911,0.11156733438596095
285000.0,115000.0,1284.1782037422036,36459.783189189155,-84614.04175675678,0.3482530784062758,0.23615901102896616,0.11209406737730962
290000.0,115000.0,1302.183287491388,35449.811899104374,-86326.21131305977,0.34790588354444835,0.2353092497656141,0.11259663377883425
295000.0,115000.0,1320.1427796456046,34435.09908314288,-88041.34432303571,0.3475568195285729,0.2344804161084404,0.11307640342013253
300000.0,115000.0,1338.0583439373727,33415.81776948675,-89759.33264407079,0.3472063987302358,0.23367174636538796,0.11353465236484783
120000.0,120000.0,635.5958664490664,76553.97011070291,-21675.76868081068,0.3778550938076078,0.28065440249440793,0.09720069131319986
125000.0,120000.0,657.8878327733001,75668.83460842323,-23430.290869735487,0.37728958630924814,0.2786661179516113,0.09862346835763686
130000.0,120000.0,679.9959839250878,74800.58232820913,-25160.761044869294,0.3768053533541263,0.27675864221615293,0.10004671113797337
135000.0,120000.0,701.9313027745844,73914.35548855679,-26902.46531965201,0.3762600982829174,0.274927146999777,0.1013329512831404
140000.0,120000.0,723.7039143160657,73011.20708887083,-28654.74556945573,0.3756648652814588,0.2731671811535337,0.10249768412792509
145000.0,120000.0,745.1379999858558,72072.85199852899,-30429.030000919374,0.3749357821175449,0.271407189482394,0.1035285926351509
150000.0,120000.0,765.7124683296016,71045.09670627856,-32259.189558575898,0.37383038703175525,0.26946379600673565,0.1043665910250196
155000.0,120000.0,786.1238429707597,70000.37966895901,-34099.95020690062,0.3727115144215093,0.26759210176795256,0.10511941265355673
160000.0,120000.0,806.3809861562538,68939.6225602504,-35950.7358998435,0.37158438296550345,0.2657882107459572,0.10579617221954624
165000.0,120000.0,826.4921294758301,67863.68146548631,-37811.01158407105,0.37045335872758917,0.2640485041701062,0.10640485455748294
170000.0,120000.0,846.4649289801818,66773.35261393891,-39680.27961628818,0.36932209250609954,0.2623696162881754,0.10695247621792414
175000.0,120000.0,866.3065146177315,65669.37752024409,-41558.07654984745,0.3681936334333648,0.2607484126329678,0.10744522080039703
180000.0,120000.0,886.023534661739,64552.44760482083,-43443.97024698698,0.36707052329910467,0.25918197049127173,0.10788855280783294
185000.0,120000.0,905.6221957101652,63392.208353857175,-45368.55727883926,0.36586673744549836,0.25766756131912516,0.1081991761263732
190000.0,120000.0,925.1082987645977,61941.26307151816,-47579.46058030115,0.36390728285947016,0.2562026348808029,0.10770464797866725
195000.0,120000.0,944.4872718294282,60479.176270260534,-49797.32733108717,0.36200721706153755,0.254784804917569,0.10722241214396855
200000.0,120000.0,963.7641994166418,59006.47673933074,-52021.82703791829,0.3601639875072073,0.2534118361767833,0.10675215133042398
205000.0,120000.0,982.9438492935635,57568.66032653059,-54207.649795918376,0.358488283121103,0.2520816326530612,0.10640665046804176
210000.0,120000.0,1002.0306967695176,56121.192464029824,-56399.50470998136,0.3568583146043812,0.250792226911375,0.10606608769300624
215000.0,120000.0,1021.0289467815961,54664.51046528599,-58597.11845919625,0.35527239364876595,0.24954177037770955,0.1057306232710564
220000.0,120000.0,1039.9425540087677,53369.02561691184,-60630.2339894301,0.3541226846736294,0.24832852449650045,0.10579416017712895
225000.0,120000.0,1058.775241216666,52295.125086533255,-62438.609320916716,0.3535154058107714,0.24715085266590037,0.10636455314487103
230000.0,120000.0,1077.5305160120074,51213.17366524879,-64252.01645921951,0.35290597103156973,0.24600721287220276,0.10689875815936697
235000.0,120000.0,1096.2116861652057,50123.5153611814,-66070.24039926162,0.3522955645893081,0.24489615095371575,0.10739941363559236
240000.0,120000.0,1114.821873641929,49026.4748587606,-67893.07821327462,0.35168522497606913,0.2438162944322114,0.10786893054385774
245000.0,120000.0,1133.3640274687536,47922.35885675036,-69720.33821453102,0.3510758620736655,0.24276634685692766,0.10830951521673782
250000.0,120000.0,1151.8409355443928,46811.45729661686,-71551.83918961446,0.3504682721577771,0.24174508261211647,0.10872318954566063
255000.0,120000.0,1170.2552354959676,45694.04449158063,-73387.4096927621,0.34986315104703386,0.2407513421444126,0.10911180890262126
260000.0,120000.0,1188.6094246691912,44570.380165595896,-75226.88739650257,0.3492611056456737,0.23978402757094838,0.10947707807472531
265000.0,120000.0,1206.9058693320283,43440.710410530926,-77070.11849341817,0.3486626640922084,0.23884209863324304,0.10982056545896537
270000.0,120000.0,1225.14681316313,42305.268568965505,-78916.95714439655,0.3480682846960245,0.23792456896551725,0.11014371573050727
275000.0,120000.0,1243.3343850890624,41244.526049262495,-80687.01496921094,0.3476282966145319,0.23703050264929112,0.11059779396524075
280000.0,120000.0,1261.47060652788,40248.19307889952,-82390.6605756878,0.3473161450570297,0.23615901102896614,0.11115713402806354
285000.0,120000.0,1279.557398090848,39246.719401448165,-84097.51912409489,0.34699997366729773,0.23530924976561407,0.11169072390168366
290000.0,120000.0,1297.5965857890237,38240.29492205847,-85807.47192371346,0.34668044890429867,0.23448041610844036,0.1122000327958583
295000.0,120000.0,1315.5899067868545,37229.100305832864,-87520.40605885445,0.34635817493125903,0.23367174636538796,0.11268642856587108
300000.0,120000.0,1333.5390147409028,36213.3075330539,-89236.21404184132,0.3460336994812887,0.23288251355612813,0.11315118592516057
