higher_gross,lower_gross,order_wk,gap_household,gap_per_person,order_pct_payor_net,line_7e,lag
60000.0,0.0,393.706523076923,4858.878399999994,-19138.226000000002,0.43000922495274096,0.35442038639983375,0.07558883855290721
65000.0,0.0,427.62960000000004,4619.378400000009,-20700.725999999995,0.4328108452143449,0.3542913007456504,0.07851954446869447
70000.0,0.0,461.55267692307694,4729.878399999998,-21913.226000000002,0.4380096578154941,0.3541812643881707,0.0838283934273234
75000.0,0.0,495.47575384615385,4990.378399999998,-22975.726000000002,0.44374147168998923,0.3540863503930515,0.08965512129693776
80000.0,0.0,529.3988307692308,5250.878400000009,-24038.225999999995,0.44886253383336056,0.3540036417879739,0.09485889204538667
85000.0,0.0,563.3219076923076,5511.378399999994,-25100.726000000002,0.4534655242075931,0.35393092648977814,0.09953459771781498
90000.0,0.0,592.8214153846153,5311.827199999992,-26450.758000000005,0.45423581522139533,0.35124554031265665,0.10299027490873869
95000.0,0.0,621.8983384615385,5068.327200000007,-27828.257999999994,0.45462641689804245,0.3486127549480402,0.10601366195000222
100000.0,0.0,650.9752615384616,4824.827200000007,-29205.757999999994,0.4549827096774194,0.3462492696698172,0.10873344000760221
105000.0,0.0,680.0521846153846,4581.327199999992,-30583.258000000005,0.45530902372292137,0.34411577595266823,0.11119324777025313
110000.0,0.0,709.1291076923076,4337.827199999992,-31960.758000000005,0.45560898993019083,0.3421802605693923,0.11342872936079851
115000.0,0.0,738.2060307692308,4094.327200000007,-33338.257999999994,0.455885675603456,0.3404163882090029,0.11546928739445311
120000.0,0.0,767.2829538461538,3850.8271999999924,-34715.758,0.45614168972219044,0.338802296117659,0.11733939360453144
125000.0,0.0,796.3598769230769,3671.3271999999924,-36029.258,0.4567013912554384,0.33731968329477696,0.11938170796066144
130000.0,0.0,821.6064,3129.465600000003,-37555.734,0.4552757621934975,0.3343941391941392,0.12088162299935834
135000.0,0.0,844.2217846153846,2313.965600000003,-39253.234,0.4525328481524815,0.3306584073995963,0.12187444075288523
140000.0,0.0,866.8371692307692,1498.4656000000032,-40950.734,0.44996339242932437,0.32719384454574485,0.12276954788357952
145000.0,0.0,889.4525538461538,682.9656000000032,-42648.234,0.44755144542230524,0.32397195931747497,0.12357948610483027
150000.0,0.0,912.0679384615383,-132.53440000001137,-44345.73400000001,0.44528295481217894,0.3209681167266722,0.12431483808550675
155000.0,0.0,934.6833230769232,-948.0343999999823,-46043.23399999999,0.4431454915958917,0.31816090701997857,0.12498458457591316
160000.0,0.0,957.2987076923077,-1763.5343999999968,-47740.734,0.44112802226042575,0.31553163459344336,0.1255963876669824
165000.0,0.0,979.9140923076922,-2579.0344000000114,-49438.23400000001,0.43922071827847614,0.3130639011083532,0.12615681717012295
170000.0,0.0,1002.5294769230768,-3394.5344000000186,-51135.73400000001,0.43741479598258104,0.3107432631553849,0.12667153282719612
175000.0,0.0,1025.1448615384616,-4210.034399999997,-52833.234,0.4357023813123986,0.30855694936445094,0.12714543194794764
180000.0,0.0,1047.760246153846,-5025.534400000019,-54530.73400000001,0.4340763950412696,0.3064936252559573,0.1275827697853123
185000.0,0.0,1069.6351384615384,-5949.045600000012,-56307.36600000001,0.43212712786826657,0.3043325118732354,0.12779461599503117
190000.0,0.0,1087.4043692307691,-7578.545600000012,-58629.86600000001,0.4277492374727669,0.3011494599603758,0.1265997775123911
195000.0,0.0,1105.1735999999999,-9208.045600000027,-60952.36600000002,0.42359577650098207,0.29813153493390876,0.1254642415670733
200000.0,0.0,1122.9428307692308,-10837.545599999983,-63274.86599999999,0.4196499184315868,0.29526621225298844,0.12438370617859834
205000.0,0.0,1140.7120615384615,-12422.045600000012,-65552.36600000001,0.41602774031329887,0.292542202757886,0.12348553755541286
210000.0,0.0,1158.4812923076922,-14006.545600000012,-67829.86600000001,0.41257586499739746,0.28994930401802044,0.12262656097937702
215000.0,0.0,1176.2505230769232,-15591.045599999983,-70107.36599999998,0.40928255773882616,0.2874782726401083,0.12180428509871788
220000.0,0.0,1194.0197538461537,-17005.545600000027,-72214.86600000002,0.4065892670277066,0.28512071416763096,0.12146855286007563
225000.0,0.0,1211.7889846153846,-18190.045600000012,-74092.36600000001,0.40460530051785193,0.28286898780772474,0.12173631271012719
230000.0,0.0,1229.5582153846153,-19374.545600000012,-75969.86600000001,0.4026971203990628,0.28071612370699495,0.12198099669206786
235000.0,0.0,1247.327446153846,-20559.045600000012,-77847.36600000001,0.4008604655618354,0.2786557508893127,0.1222047146725227
240000.0,0.0,1265.096676923077,-21743.545600000012,-79724.86600000001,0.3990913884625418,0.27668203428609883,0.12240935417644294
245000.0,0.0,1282.8659076923077,-22928.045600000012,-81602.36600000001,0.3973862268011759,0.2747896195482032,0.12259660725297272
250000.0,0.0,1300.6351384615384,-24112.545600000012,-83479.86600000001,0.39574157821441525,0.2729735845401269,0.12276799367428837
255000.0,0.0,1318.4043692307694,-25297.045599999983,-85357.36599999998,0.3941542776159992,0.27122939659128675,0.12292488102471244
260000.0,0.0,1336.1735999999999,-26481.545600000012,-87234.86600000001,0.3926213768668735,0.26955287472261447,0.12306850214425902
265000.0,0.0,1353.049846153846,-27758.916000000027,-89170.41000000002,0.3908821524504234,0.2677634379138695,0.12311871453655393
270000.0,0.0,1369.2036923076923,-29111.415999999997,-91152.91,0.38899532322216884,0.26590053928085927,0.12309478394130957
275000.0,0.0,1385.3575384615385,-30383.665999999997,-93055.16,0.38733705676690366,0.26410593773371854,0.12323111903318512
280000.0,0.0,1401.5113846153847,-31586.165999999997,-94887.66,0.3858730665932463,0.26237594504687434,0.12349712154637199
285000.0,0.0,1417.6652307692307,-32788.66600000003,-96720.16000000002,0.3844530917330837,0.26070713386428257,0.1237459578688011
290000.0,0.0,1433.8190769230769,-33991.166,-98552.66,0.3830751765834711,0.2590963150359322,0.1239788615475389
295000.0,0.0,1449.972923076923,-35193.666,-100385.16,0.3817374797008317,0.25754051727671434,0.12419696242411737
300000.0,0.0,1466.1267692307692,-36396.166,-102217.66,0.3804382655906346,0.25603696887467925,0.12440129671595535
60000.0,5000.0,392.8027883108374,9757.389984327096,-17948.843759795567,0.4290221590456531,0.3536068311087104,0.07541532793694272
65000.0,5000.0,426.79428023255815,9525.005144186049,-19506.89678488372,0.4319654045466016,0.3535992379722934,0.07836616657430817
70000.0,5000.0,460.7761427489974,9641.618845895737,-20715.575721315166,0.43727273333238187,0.35358537605436313,0.08368735727801874
75000.0,5000.0,494.7502752010877,9907.428620913117,-21774.757111929302,0.44309174269892887,0.35356789498181185,0.08952384771711702
80000.0,5000.0,528.7181082344366,10172.583256381411,-22834.34796476162,0.4482853681426823,0.3535484495163662,0.09473691862631606
85000.0,5000.0,560.0257195297079,10161.074831089623,-24066.853230568988,0.4508121431254276,0.35185995620734634,0.09895218691808128
90000.0,5000.0,589.3068630605665,9938.813758298915,-25431.07890106318,0.45154287009724386,0.3491631748683909,0.10237969522885298
95000.0,5000.0,618.5667442586399,9714.34140289855,-26796.686623188405,0.45219092118861665,0.34674518888199385,0.1054457323066228
100000.0,5000.0,647.8085193961133,9487.986017195777,-28163.47123925264,0.45276939527685334,0.3445649012785677,0.10820449399828563
105000.0,5000.0,677.0347494916671,9260.013947133375,-29531.26628304164,0.4532887884065624,0.34258891220239274,0.11069987620416966
110000.0,5000.0,706.2475343186313,9030.643569137661,-30899.935269288962,0.45375760529522247,0.34078979793408587,0.1129678073611366
115000.0,5000.0,735.4486117701958,8800.055624100372,-32269.365234937268,0.4541828070668945,0.33914483179073274,0.11503797527616177
120000.0,5000.0,764.6394325983842,8568.40099023196,-33639.461881105024,0.45457014399355183,0.33763501999860723,0.1169351239949446
125000.0,5000.0,792.2504365575019,8236.4454019802,-35048.246623762374,0.4543446839593718,0.33557901910161037,0.11876566485776141
130000.0,5000.0,815.1230009401136,7447.692097771818,-36729.029938892614,0.45168312410232103,0.3317553931380194,0.11992773096430165
135000.0,5000.0,837.9766617175839,6656.9728186287175,-38411.04198835705,0.4491852405646346,0.3282123648678434,0.12097287569679122
140000.0,5000.0,860.8134292273661,5864.496639646073,-40094.1521002212,0.44683655086870144,0.3249201411096007,0.12191640975910073
145000.0,5000.0,883.6350385087305,5070.4440049079785,-41778.24749693251,0.4446242095773221,0.3218530021745957,0.1227712074027264
150000.0,5000.0,906.442994867449,4274.971466214694,-43463.230333615815,0.44253678712158695,0.31898862871272665,0.1235481584088603
155000.0,5000.0,929.2386106807375,3478.21551079669,-45149.015305752066,0.44056408280016907,0.31630755777145364,0.12425652502871543
160000.0,5000.0,952.0230353461749,2680.2956760021843,-46835.527702498635,0.4386969661131196,0.3137927400294179,0.12490422608370166
165000.0,5000.0,974.7972798197369,1881.3171012526363,-48522.7018117171,0.4369272416626196,0.31142917691028926,0.12549806475233033
170000.0,5000.0,997.5622368501147,1081.3726324119198,-50210.47960474255,0.43524753371935093,0.3092036212548936,0.12604391246445734
175000.0,5000.0,1020.3186977649452,280.54456755430147,-51898.80964527857,0.4336511872542545,0.30710432893297884,0.12654685832127566
180000.0,5000.0,1043.0673664755288,-521.0938865450007,-53587.64617909063,0.43213218280320836,0.3051208515600881,0.12701133124312025
185000.0,5000.0,1061.9546792252122,-1755.313360577944,-55558.47085036121,0.42902426159998314,0.3021472681693935,0.1268769934305896
190000.0,5000.0,1079.9249186214984,-3363.9084633641614,-57867.905289602604,0.42480706675379687,0.29907807550072385,0.12572899125307302
195000.0,5000.0,1097.884904986534,-4973.569881400472,-60178.00617587529,0.42080213356207374,0.2961653371962595,0.12463679636581426
200000.0,5000.0,1115.835403289226,-6584.218057920487,-62488.7237862003,0.41699383365102916,0.2933973876491159,0.12359644600191327
205000.0,5000.0,1133.7771042469567,-8150.781158316502,-64755.01322394781,0.41349850028118873,0.2907636928687624,0.12273480741242632
210000.0,5000.0,1151.7106331211567,-9718.194155399717,-67021.83384712483,0.4101645955284507,0.28825471651633655,0.12190987901211414
215000.0,5000.0,1169.636557291542,-11286.398041679626,-69289.14877604977,0.40698119354784007,0.2858618045306545,0.12111938901718555
220000.0,5000.0,1187.5553928023985,-12685.339148550556,-71386.9244678441,0.40438801381550765,0.28357708540311866,0.120810928412389
225000.0,5000.0,1205.467610040073,-13854.968555832427,-73255.13034739526,0.40249465114555905,0.2813933836799653,0.12110126746559374
230000.0,5000.0,1223.3736386732826,-15025.241577978624,-75123.73848623663,0.4006715869990344,0.2793041446892867,0.12136744230974766
235000.0,5000.0,1241.2738719655454,-16196.117315583266,-76992.72332223954,0.3989149952084668,0.27730336882940815,0.12161162637905865
240000.0,5000.0,1259.168670550902,-17367.55826270618,-78862.06141419135,0.3972213208724189,0.27538555403108506,0.12183576684133385
245000.0,5000.0,1277.058365749272,-18539.529962075685,-80731.7312262973,0.3955872568808637,0.273545645231427,0.12204161164943672
250000.0,5000.0,1294.9432624856292,-19712.00070149456,-82601.7129384341,0.3940097228192339,0.27177898988252014,0.12223073293671377
255000.0,5000.0,1312.82364186715,-20884.9412458164,-84471.98827863525,0.3924858459770304,0.2700812986702687,0.1224045473067617
260000.0,5000.0,1330.3654382642271,-22093.094420520385,-86364.27151282525,0.3909147060736737,0.2683811656776734,0.12253354039600028
265000.0,5000.0,1346.6420171906511,-23432.83021217228,-88338.79388260769,0.38903099671895675,0.2664953528410051,0.12253564387795163
270000.0,5000.0,1362.9140680345006,-24773.036924411936,-90313.61057775747,0.38720842004564243,0.26467908881624874,0.12252933122939369
275000.0,5000.0,1379.1818368444283,-26033.438968179442,-92208.45560511216,0.38561037031850964,0.26292859584076445,0.1226817744777452
280000.0,5000.0,1395.4455521597188,-27224.512575389264,-94033.81410961828,0.3842029828559308,0.26124036488639774,0.12296261796953306
285000.0,5000.0,1411.7054265405698,-28415.985639780745,-95859.42227486297,0.3828368673155677,0.2596111321812877,0.12322573513428003
290000.0,5000.0,1427.9616579406409,-29607.837574173333,-97685.26723385834,0.38151024287102864,0.25803785815082264,0.123472384720206
295000.0,5000.0,1444.2144309405128,-30800.04918218669,-99511.33698886668,0.38022142913185586,0.2565177084918455,0.12370372064001034
300000.0,5000.0,1460.4639178582306,-31992.602542744004,-101337.620339215,0.3789688392083604,0.25504803713218516,0.12392080207617523
60000.0,10000.0,391.59940098389984,14989.737702325587,-16687.68893604651,0.4277078103583867,0.3525235241874315,0.07518428617095518
65000.0,10000.0,425.67076653530006,14765.659719671206,-18240.550175205495,0.43082827813411717,0.3526684064086993,0.07815987172541788
70000.0,10000.0,459.7226327404555,14889.553805007374,-19444.67887187039,0.4362729610822828,0.35277694502248513,0.08349601605979767
75000.0,10000.0,493.75860845083264,15161.795278886591,-20499.84045069588,0.4422036191938566,0.3528592111407193,0.08934440805313731
80000.0,10000.0,525.2868403352691,15173.231394867988,-21718.00537820751,0.4453760915935756,0.3512539953890488,0.09412209620452683
85000.0,10000.0,554.8789163477591,14983.307300166947,-23062.02043739566,0.4466690452429811,0.3486262583983794,0.09804278684460171
90000.0,10000.0,584.4173574136008,14787.805171014486,-24409.52176811595,0.44779639851922554,0.34626615224359925,0.10153024627562629
95000.0,10000.0,613.9101253351034,14587.55303485076,-25759.99185321828,0.4487867924988631,0.3441348639280904,0.10465192857077271
100000.0,10000.0,643.3636803676709,14383.222758237775,-27113.010776101393,0.4496627873537485,0.3422007219336247,0.10746206542012376
105000.0,10000.0,672.7833192598625,14175.3652030257,-28468.234248108936,0.4504423678052319,0.3404376299240284,0.11000473788120352
110000.0,10000.0,702.1734259054608,13964.436294167921,-29825.37731614505,0.4511400277640571,0.3388238943161349,0.11231613344792218
115000.0,10000.0,731.5376598750399,13750.816627004162,-31184.2021081224,0.4517675640687875,0.3373413351202696,0.1144262289485179
120000.0,10000.0,759.372294897182,13378.118669306925,-32642.45083168317,0.4514388857282893,0.33530925694315294,0.11612962878513633
125000.0,10000.0,782.6364240898226,12594.088105341558,-34333.78243416153,0.4488311805838616,0.33150674507730915,0.11732443550655247
130000.0,10000.0,805.852868305304,11841.09830375162,-35992.213560155236,0.44654627670075775,0.3279824453827041,0.11856383131805365
135000.0,10000.0,829.0266986871899,11083.676663467755,-37653.414585332655,0.44438774263836545,0.32470691099796534,0.11968083164040011
140000.0,10000.0,852.1622919301557,10322.278360736178,-39317.10102453989,0.44234586308465196,0.3216547079089464,0.12069115517570556
145000.0,10000.0,875.2634452184327,9557.298302717005,-40983.02606080187,0.44041182223708797,0.31880375410718736,0.1216080681299006
150000.0,10000.0,898.333469067506,8789.080783020618,-42650.97451061211,0.4385776153778512,0.3161347851405641,0.12244283023728714
155000.0,10000.0,921.3752628712701,8017.927338612106,-44320.75791336744,0.4368359675716394,0.3136309187328562,0.1232050488387832
160000.0,10000.0,944.3913768000357,7244.103187203713,-45992.21050799768,0.4351802597664237,0.31127729769530343,0.12390296207112028
165000.0,10000.0,967.3840628422788,6467.84253559701,-47665.18591525187,0.4336044621341353,0.30906079518688717,0.12454366694724811
170000.0,10000.0,990.3553171484701,5689.352983440884,-49339.554385349446,0.4321030742460664,0.3069697699847431,0.1251333042613233
175000.0,10000.0,1013.3069153584429,4908.819197278077,-51015.200501701205,0.43067107155902223,0.304993862139329,0.12567720941969324
180000.0,10000.0,1032.491692006033,3736.535968627417,-52935.690019607864,0.4277507886190901,0.30202722702185886,0.12572356159723125
185000.0,10000.0,1050.7679737699427,2438.7692720740597,-54946.231704953716,0.42450488978349,0.29896442754610875,0.12554046223738125
190000.0,10000.0,1069.0183919190904,859.3127595854021,-57237.45452525913,0.4205167966275773,0.2960575849459572,0.12445921168162011
195000.0,10000.0,1087.2448761131668,-722.6328842306539,-59530.233052644166,0.4167239767072531,0.293295083925861,0.12342889278139207
200000.0,10000.0,1105.4491687099048,-2306.8864541699004,-61824.454033856186,0.4131124406053674,0.2906664346034417,0.12244600600192568
205000.0,10000.0,1123.6328469522064,-3848.2839169705258,-64075.01494810658,0.4097988002589063,0.28816213944050584,0.12163666081840047
210000.0,10000.0,1141.7973420744108,-5391.67642426127,-66326.82276516329,0.4066341245094195,0.28577357861741864,0.12086054589200085
215000.0,10000.0,1159.9439558155136,-6936.9285951865895,-68579.79287199161,0.4036086018716427,0.28349291093609214,0.12011569093555058
220000.0,10000.0,1178.073874740831,-8313.917026953583,-70663.84814184599,0.40115935409983305,0.28131298785163394,0.11984636624819911
225000.0,10000.0,1196.1881827040934,-9462.528998774287,-72518.91812423393,0.39939633490933807,0.2792272786474154,0.12016905626192265
230000.0,10000.0,1214.2878717256986,-10612.661340527338,-74374.93833782959,0.39769587414491425,0.27722980510412676,0.1204660690407875
235000.0,10000.0,1232.3738515170933,-11764.219442222296,-76231.84965138894,0.39605474680178143,0.27531508428661156,0.12073966251516988
240000.0,10000.0,1250.4469578438727,-12917.116384237233,-78089.59774014828,0.39446994186912754,0.2734780782956267,0.12099186357350084
245000.0,10000.0,1268.5079598894972,-14071.27217149231,-79948.13260718269,0.39293864528251915,0.27171415001505106,0.12122449526746809
250000.0,10000.0,1286.5575667562332,-15226.613057351758,-81807.40816084485,0.39145822442876105,0.270019024036277,0.12143920039248407
255000.0,10000.0,1304.2685931216893,-16417.166315344308,-83688.69144709018,0.3899282019514694,0.268321306999129,0.1216068949523404
260000.0,10000.0,1320.7320368053884,-17737.46817223959,-85651.06760764975,0.38808402647883616,0.266437772202015,0.12164625427682119
265000.0,10000.0,1337.1840582491204,-19058.95794209148,-87614.18621380717,0.38629868987944,0.26462365860222203,0.12167503127721796
270000.0,10000.0,1353.6252781188555,-20381.571075639033,-89578.00692227439,0.3845694439342873,0.26287519779425345,0.12169424614003388
275000.0,10000.0,1370.0562729125932,-21624.997617090325,-91462.24226068145,0.3830589213412149,0.26118888926491346,0.12187003207630143
280000.0,10000.0,1386.477578820553,-22799.681802662482,-93277.35737666406,0.38173386315308944,0.2595614770044669,0.12217238614862252
285000.0,10000.0,1402.889695187471,-23975.32170050303,-95093.06981281438,0.38044615115703706,0.25798992852608005,0.12245622263095701
290000.0,10000.0,1419.2930876240446,-25151.868887099365,-96909.34930443711,0.3791942504573396,0.25647141600912665,0.12272283444821297
295000.0,10000.0,1435.6881908083146,-26329.278155935273,-98726.16759745954,0.37797670761493085,0.255003299319699,0.12297340829523185
300000.0,10000.0,1452.0754110124506,-27507.507254705153,-100543.49828419072,0.3767921454447112,0.253583110693863,0.12320903475084816
60000.0,15000.0,390.56539032160276,19999.70059344669,-15475.52462909582,0.4265784561378564,0.3515926926238374,0.07498576351401898
65000.0,15000.0,424.69499027982334,19781.67898910163,-17024.60063181148,0.4298406791796178,0.35185997537682134,0.07798070380279648
70000.0,15000.0,458.7991086672286,19911.00730139178,-18225.33293663014,0.4353965444054364,0.35206826118139256,0.08332828322404384
75000.0,15000.0,490.54796114083024,19945.38795864634,-19429.157525846036,0.43932820631772956,0.35056475701340184,0.08876344930432772
80000.0,15000.0,520.4509696349517,19787.800842034972,-20752.961973728143,0.441275891423732,0.34802029758008185,0.09325559384365018
85000.0,15000.0,550.2679705685619,19621.268939130438,-22082.356913043477,0.442957304378114,0.3457292357735878,0.09722806860452621
90000.0,15000.0,580.0117312740936,19447.12005250573,-23416.512467183922,0.4444206885176875,0.34365582728969585,0.10076486122799166
95000.0,15000.0,609.6926112436748,19266.43156934218,-24754.755269161134,0.4457036626671506,0.34177068458314747,0.10393297808400315
100000.0,15000.0,639.3191042010939,19080.086836913768,-26096.533226928896,0.44683593304377534,0.3400494396552604,0.10678649338851492
105000.0,15000.0,668.8982400407258,18888.816964235484,-27441.389397352825,0.44784122679521987,0.3384717263060774,0.10936950048914246
110000.0,15000.0,698.4358871516956,18693.23226377635,-28788.94233513978,0.44873869317215265,0.33702039764567177,0.11171829552648088
115000.0,15000.0,726.4941532368621,18343.79193663365,-30232.655039603967,0.4486529018534702,0.3350155720648153,0.11363732978865487
120000.0,15000.0,750.1498472395317,17536.484112911297,-31962.53492943044,0.44595623706934545,0.3312369829188517,0.11471925415049378
125000.0,15000.0,773.7290748930242,16785.22378887453,-33633.38513195342,0.44372293883480024,0.32773379732199387,0.11598914151280637
130000.0,15000.0,797.2399681470138,16062.856687289444,-35272.6770704441,0.44177362073768095,0.3244769915128261,0.11729662922485484
135000.0,15000.0,820.6895453515809,15334.112716564414,-36915.95455214724,0.43991873246449753,0.3214414777973111,0.11847725466718645
140000.0,15000.0,844.0838955694164,14599.625139219308,-38562.82178798793,0.4381524773359852,0.3186054598415381,0.11954701749444713
145000.0,15000.0,867.4283274542745,13859.946055244553,-40212.93371547216,0.43646937666734986,0.31594991053502475,0.12051946613232511
150000.0,15000.0,890.7274903963654,13115.559001221991,-41865.98812423625,0.43486428162923074,0.31345814610196665,0.12140613552726409
155000.0,15000.0,913.9854737803342,12366.889273154753,-43521.71920427828,0.43333237267629826,0.3111154763987417,0.12221689627755655
160000.0,15000.0,937.2058888344432,11614.312438782094,-45179.89222576119,0.4318691510500243,0.30890891597190134,0.12296023507812298
165000.0,15000.0,960.3919365319948,10858.161399327466,-46840.29912542034,0.43047042542172875,0.3068269439167367,0.12364348150499205
170000.0,15000.0,983.5464642413572,10098.73228110114,-48502.754824311785,0.4291322957564593,0.3048593031910933,0.124272992565366
175000.0,15000.0,1003.0287047868538,8957.385297832807,-50403.90918885449,0.42630267350164813,0.3019002376010998,0.12440243590054834
180000.0,15000.0,1021.6110289183871,7722.447007512252,-52363.55812030485,0.42324304075780084,0.29884438639857414,0.1243986543592267
185000.0,15000.0,1040.1518788516469,6452.1954005712905,-54356.90287464295,0.4202160417069222,0.295943936991342,0.1242721047155802
190000.0,15000.0,1058.654348937108,4898.952289459208,-56631.74231908799,0.41643992181621886,0.2931873316755587,0.12325259014066015
195000.0,15000.0,1077.121233172853,3342.0082499767013,-58908.89484376456,0.4128437425138911,0.29056413088018695,0.12227961163370415
200000.0,15000.0,1095.555060783256,1781.626321458636,-61188.19604908835,0.40941495799930516,0.28806488117518514,0.12135007682412002
205000.0,15000.0,1113.9581268572795,263.0451931570715,-63424.49675427683,0.4062703445907619,0.28568100154158793,0.12058934304917396
210000.0,15000.0,1132.332518828629,-1258.518041822579,-65662.66127613912,0.4032633686209949,0.28340468502285626,0.11985868359813862
215000.0,15000.0,1150.6801394415888,-2782.865498074767,-67902.56593629673,0.4003852082275535,0.2812288133846074,0.1191563948429461
220000.0,15000.0,1169.002726734904,-4139.816419569979,-69974.09776223123,0.39807043416618104,0.279146882819084,0.11892355134709703
225000.0,15000.0,1187.3018714858517,-5269.205365471411,-71817.15335341964,0.3964292765628777,0.2771529390622555,0.11927633750062216
230000.0,15000.0,1205.5790324832844,-6400.880621738412,-73661.6378885865,0.3948436102658579,0.2752415205613301,0.11960208970452779
235000.0,15000.0,1223.8355499384734,-7534.702806398767,-75507.46425399923,0.39331074597307625,0.27340760855115315,0.1199031374219231
240000.0,15000.0,1242.0726572933645,-8670.54364149009,-77354.55227593132,0.3918281586006476,0.27164658307925066,0.12018157552139697
245000.0,15000.0,1260.2914916453165,-9808.284868887087,-79202.82804305444,0.3903934756793608,0.2699541841688078,0.12043929151055299
250000.0,15000.0,1278.1717479791514,-10981.238210168245,-81073.11138135515,0.388906688598822,0.26825903236513726,0.12064765623368473
255000.0,15000.0,1294.8220564201254,-12282.106132306959,-83023.34133269185,0.3871040359091872,0.26637791352347057,0.12072612238571662
260000.0,15000.0,1311.4540484637405,-13584.878959770984,-84974.76184985686,0.38535778150793376,0.2645660779632319,0.12079170354470187
265000.0,15000.0,1328.0687193932827,-14889.453183098609,-86927.30823943662,0.3836653624507329,0.26281976758022674,0.12084559487050617
270000.0,15000.0,1344.6669936654675,-16195.732658791385,-88880.92041174462,0.3820243655240849,0.26113549121840246,0.12088887430568246
275000.0,15000.0,1361.2497311005359,-17423.377965544263,-90755.29247846515,0.38059666889657523,0.25951000138298264,0.1210866675135926
280000.0,15000.0,1377.817732434301,-18582.8058268327,-92560.87239177045,0.37934957893109106,0.2579402733492593,0.12140930558183177
285000.0,15000.0,1394.371744307576,-19743.688592012084,-94367.36162000755,0.37813618934099585,0.256423486384384,0.12171270295661185
290000.0,15000.0,1410.9124637583989,-20905.95376912653,-96174.71485570408,0.3769551890451416,0.2549570068369801,0.1219981822081615
295000.0,15000.0,1427.4405422739114,-22069.53360351319,-97982.88975219574,0.37580533150516177,0.2535383728813768,0.12226695862378495
300000.0,15000.0,1443.9565894514426,-23234.364697049983,-99791.84668565623,0.3746854310335622,0.252165280730629,0.12252015030293323
60000.0,20000.0,379.5442708961142,23971.00417319588,-14912.522391752576,0.41454110662881616,0.34167131927494526,0.0728697873538709
65000.0,20000.0,413.7165319605476,23757.419323896953,-16458.825422564405,0.41872920367765026,0.3427643181114728,0.07596488556617748
70000.0,20000.0,445.68600502331435,23664.744522424695,-17798.309673484568,0.42295231793434335,0.3420056705804313,0.08094664735391205
75000.0,20000.0,475.8999459990672,23539.494383902987,-19101.90351006063,0.42620963947386853,0.34009671254949553,0.086112926924373
80000.0,20000.0,505.9955068004459,23401.93270724638,-20413.192057971017,0.429019506825749,0.33835407584001836,0.09066543098573066
85000.0,20000.0,535.9902602900069,23253.887070160716,-21731.03308114955,0.43146396586679603,0.336758657569479,0.09470530829731705
90000.0,20000.0,565.8984651966018,23096.840380446592,-23054.499762220883,0.43360672202495093,0.3352937444763604,0.09831297754859053
95000.0,20000.0,595.7318122192481,22932.008470801804,-24382.832205748873,0.43549789808316736,0.3339447871523533,0.10155311093081404
100000.0,20000.0,625.4999772529138,22760.397634303037,-25715.401478560605,0.4371774034563376,0.3326991409634581,0.1044782624928795
105000.0,20000.0,655.2110375052744,22582.847900548535,-27051.682562157166,0.43867736119064304,0.33154581322519816,0.10713154796544488
110000.0,20000.0,683.4929346534652,22256.665203960394,-28480.859247524757,0.43913798235596707,0.3298098864368453,0.10932809591912179
115000.0,20000.0,707.5401934661638,21490.08012048104,-30185.287424699352,0.43694771604454163,0.32627514153666526,0.11067257450787638
120000.0,20000.0,731.4822045576674,20712.5492739974,-31896.556703751623,0.4348585187721356,0.3229940783006581,0.11186444047147748
125000.0,20000.0,755.3301606837606,19989.23671111111,-33549.93955555556,0.43317141563472844,0.31994044146130424,0.1132309741734242
130000.0,20000.0,779.0937218499291,19293.147072392625,-35172.80807975461,0.43171826319195566,0.31709146188438303,0.11462680130757263
135000.0,20000.0,802.7812689973232,18589.15197572161,-36800.617515173995,0.4303192605582068,0.3144272994777259,0.11589196108048089
140000.0,20000.0,826.4001089179661,17878.01132746847,-38432.892920332204,0.4289730640446238,0.3119305890053587,0.11704247503926513
145000.0,20000.0,849.9566409983837,17160.390663831917,-40069.218335105055,0.4276780381147915,0.3095860674393821,0.11809197067540939
150000.0,20000.0,873.4564938375559,16436.875359105812,-41709.227900558864,0.4264323654791797,0.30738026636767346,0.11905209911150622
155000.0,20000.0,896.9046379035304,15707.982341967167,-43352.598536270525,0.42523412675213085,0.3053012566506741,0.11993287010145676
160000.0,20000.0,920.3054789924427,14974.16981521403,-44999.04386549123,0.4240813578470395,0.3033384353059444,0.12074292254109509
165000.0,20000.0,943.6629362011944,14235.845364924215,-46648.30914692237,0.4229720910278727,0.3014823467257017,0.12148974430217102
170000.0,20000.0,963.4426406445978,13125.434627038165,-48530.128358101145,0.420360773223241,0.2986279375403489,0.12173283568289212
175000.0,20000.0,982.3310071437544,11922.32474295047,-50469.884535655954,0.41750583269492664,0.2956704659042117,0.12183536679071494
180000.0,20000.0,1001.1622888611266,10713.278041557161,-52413.351224026774,0.41477133609084565,0.29286266634852154,0.12190866974232412
185000.0,20000.0,1019.940744837972,9467.737463149097,-54391.25158553181,0.4120508468865166,0.29019346661035295,0.12185738027616366
190000.0,20000.0,1038.6702207127241,7938.102954123315,-56651.335653672926,0.40857882078387237,0.2876528593184085,0.12092596146546386
195000.0,20000.0,1057.3541976912288,6403.736559887795,-58914.377150070126,0.40526734660291297,0.28523177709501724,0.12003556950789573
200000.0,20000.0,1075.9958347170714,4864.9668105754245,-61180.17074339036,0.4021055675313712,0.2829219848166891,0.1191835827146821
205000.0,20000.0,1094.5980049186671,3367.09251154137,-63403.52968028665,0.39920953752657773,0.2807159863475306,0.11849355117904714
210000.0,20000.0,1113.1633272192698,1865.3860308040603,-65629.28373074747,0.3964365464167468,0.27860694352920634,0.11782960288754046
215000.0,20000.0,1131.694193842638,360.09615963436954,-67857.27740022852,0.39377894857165824,0.2765886055903122,0.11719034298134606
220000.0,20000.0,1150.1927943229277,-978.5493904155155,-69917.3683690097,0.39166524982346745,0.2746552474458232,0.11701000237764425
225000.0,20000.0,1168.6611365263986,-2090.34180125453,-71749.42612578408,0.39020530500850925,0.27280161560832417,0.11740368940018509
230000.0,20000.0,1187.101065109997,-3205.089228560304,-73583.33076785019,0.38879182340538543,0.2710228806383794,0.117768942767006
235000.0,20000.0,1205.5142777741553,-4322.615111487845,-75418.97194467991,0.38742273820725676,0.26931459523060297,0.11810814297665378
240000.0,20000.0,1223.9023396113228,-5442.756680422433,-77256.24792526402,0.38609609286621804,0.26767265717177025,0.1184234356944478
245000.0,20000.0,1241.9518259135366,-6598.1101049922,-79115.53131562012,0.3847124995755864,0.26602583145566844,0.11868666811991796
250000.0,20000.0,1258.7889991117854,-7879.544092374315,-81053.61505773396,0.3830091394706489,0.2641910364452174,0.1188181030254315
255000.0,20000.0,1275.6009617552836,-9163.599977450489,-82993.33748590655,0.3813576375662951,0.262423644234443,0.11893399333185212
260000.0,20000.0,1292.389083744633,-10450.135290558188,-84934.60955659887,0.37975573047359623,0.26072000882482005,0.11903572164877618
265000.0,20000.0,1309.154637495265,-11739.017700492434,-86877.34856280778,0.37820127916885204,0.2590767424371443,0.11912453673170775
270000.0,20000.0,1325.8988064574423,-13030.124128425989,-88821.47758026625,0.37669226111164716,0.25749069305727057,0.1192015680543766
275000.0,20000.0,1342.622692758054,-14243.089953162387,-90686.67497072648,0.3753886687900659,0.2559589242840654,0.11942974450600047
280000.0,20000.0,1359.3273240680307,-15388.308296924792,-92483.373935578,0.37425868159185033,0.2544786972089169,0.11977998438293341
285000.0,20000.0,1376.013659785406,-16535.429382317787,-94281.26211394861,0.3731577062692089,0.25304745409189683,0.12011025217731208
290000.0,20000.0,1392.682596612296,-17684.359952321203,-96080.28122020076,0.3720846933958072,0.25166280363019483,0.12042188976561236
295000.0,20000.0,1409.334973593984,-18835.012746225664,-97880.37671639104,0.37103863962669614,0.2503225076405814,0.12071613198611475
300000.0,20000.0,1425.9715766796865,-19987.306025312602,-99681.49751582037,0.3700185855675988,0.249024469000093,0.1209941165675058
60000.0,25000.0,241.08071050773333,14361.025087154892,-22715.096018409677,0.26331016480575786,0.2170243914272234,0.046285773378534456
65000.0,25000.0,274.2981901192894,14048.142966756728,-24323.45984365853,0.2776216415007163,0.22725616414191335,0.050365477358802924
70000.0,25000.0,306.2710139571351,13955.816645892686,-25662.726294198557,0.29064864906964183,0.23502291372662512,0.05562573534301671
75000.0,25000.0,337.94233221850607,13982.133745075262,-26871.590607209448,0.3026566419868644,0.2415068065988994,0.061149835387965035
80000.0,25000.0,369.3569016887633,13981.748969982014,-28097.14359164273,0.31316743661855034,0.2469852230828621,0.06618221353568823
85000.0,25000.0,468.4611576047556,21021.091585245216,-24922.866957103226,0.37710407052048905,0.29433062920408987,0.08277344131639919
90000.0,25000.0,501.27004433568334,21165.715805261687,-26057.789319592932,0.3840866765704786,0.297001530302351,0.08708514626812763
95000.0,25000.0,533.6766237432955,21268.500063653366,-27218.861658098132,0.3901336862144782,0.29915898877421593,0.09097469744026226
100000.0,25000.0,565.7426221261247,21335.8638954676,-28402.071763214237,0.3954115100881517,0.30091461428090593,0.09449689580724574
105000.0,25000.0,596.2703766000066,21243.25036075132,-29685.26772241191,0.3992153678591475,0.30172102665525224,0.09749434120389527
110000.0,25000.0,622.7127431966719,20725.756486804516,-31234.013893628664,0.40008726318931165,0.3004812613324203,0.09960600185689134
115000.0,25000.0,648.8157300284051,20172.967117304768,-32804.819749566006,0.4006819032864472,0.29919493775918793,0.10148696552725928
120000.0,25000.0,674.6225650466512,19589.377959202357,-34394.875473380016,0.4010560578761388,0.2978870739990648,0.10316898387707402
125000.0,25000.0,700.1694337553229,19042.7523049042,-35937.82900731636,0.40153750054069587,0.2965756292991169,0.10496187124157896
130000.0,25000.0,725.4868572295554,18508.2643462244,-37459.696481491235,0.4020131560398641,0.2952734461658752,0.1067397098739889
135000.0,25000.0,750.6007587506344,17952.610104416613,-38994.7928826211,0.40234865455123,0.2939896316398496,0.10835902291138039
140000.0,25000.0,775.5332981665412,17378.094203670917,-40541.67782058717,0.40256879396921563,0.2927305501049631,0.1098382438642525
145000.0,25000.0,800.3035309224691,16786.698410287412,-42099.11269145185,0.40269376988362493,0.2915005436102126,0.11119322627341233
150000.0,25000.0,824.9279332907151,16180.136256584992,-43666.02653751586,0.4027401163365022,0.29030245886086725,0.11243765747563494
155000.0,25000.0,849.420824455218,15559.896937693316,-45241.488611823166,0.40272143466286775,0.2891380356083327,0.11358339905453507
160000.0,25000.0,873.7947083335771,14927.280861042644,-46824.686159729834,0.40264896259810723,0.28800819472976097,0.11464076786834626
165000.0,25000.0,894.6983699135887,13933.761665363854,-48633.44815702908,0.4010250120503787,0.28583909977333205,0.11518591227704666
170000.0,25000.0,914.6755512083824,12843.888520022418,-50502.431372867475,0.3990831480087924,0.28351212812543747,0.11557101988335494
175000.0,25000.0,934.5249309631814,11740.72401452149,-52379.721688805555,0.39718751280224474,0.2812813804385487,0.11590613236369601
180000.0,25000.0,954.2572932686898,10625.389694294368,-54264.61813894751,0.3953390743010602,0.27914189177770454,0.11619718252335565
185000.0,25000.0,973.882242104572,9467.884373226116,-56187.496464615164,0.3934434472373955,0.27708890475934944,0.11635454247804605
190000.0,25000.0,993.4083584663563,8021.100474851701,-58395.79890109917,0.3907742877046306,0.27511788543198124,0.11565640227264934
195000.0,25000.0,1012.843333038566,6564.837830361503,-60610.02555390555,0.3882070275043797,0.27322453008863395,0.11498249741574573
200000.0,25000.0,1032.1940787418725,5099.815383505367,-62829.727083190635,0.3857366101646271,0.2714047657540168,0.11433184441061034
205000.0,25000.0,1051.4668266283045,3671.681163694302,-65009.49847057255,0.3834792167504574,0.26965474632909114,0.11382447042136623
210000.0,25000.0,1070.6672079297073,2236.02081904019,-67193.97368598137,0.38130218620623496,0.2679708458267302,0.11333134037950476
215000.0,25000.0,1089.8003245372627,793.3649462259491,-69382.82110649027,0.37920175634391134,0.2663496497336845,0.11285210661022682
220000.0,25000.0,1108.8708097714816,-485.80458941528923,-71405.73956626604,0.37759423018012955,0.2647879452440121,0.11280628493611744
225000.0,25000.0,1127.8828809681993,-1541.049184956646,-73202.4549384794,0.3765898170364382,0.2632827108973908,0.11330710613904738
230000.0,25000.0,1146.840385138193,-2601.968751277309,-75002.7171674298,0.3756059004559118,0.26183110600088705,0.11377479445502475
235000.0,25000.0,1165.746838741915,-3668.1975764902018,-76806.29768318786,0.37464245811815855,0.2604304600994122,0.11421199801874637
240000.0,25000.0,1184.3000350962104,-4771.165155643481,-78632.83992015866,0.3736030249580067,0.25901146441430556,0.11459156054370112
245000.0,25000.0,1201.6526516033932,-5998.993038896471,-80537.41984719178,0.3722292488115855,0.2573937564193062,0.1148354923922793
250000.0,25000.0,1218.9568845539116,-7231.852812042576,-82445.14470540809,0.3708895039075224,0.2558311861158336,0.11505831779168879
255000.0,25000.0,1236.2156052164196,-8469.445863141736,-84355.82786234508,0.3695828686732869,0.25432107211174776,0.11526179656153912
260000.0,25000.0,1253.4314620768193,-9711.496749660146,-86269.29716641907,0.3683084192419751,0.2528608961220132,0.11544752311996193
265000.0,25000.0,1270.6069020343496,-10957.75099407701,-88185.39356917962,0.3670652357689115,0.2514482916449216,0.11561694412398987
270000.0,25000.0,1287.7441892228862,-12207.97312646921,-90103.96990192475,0.36585240744563835,0.2500810334458332,0.11577137399980514
275000.0,25000.0,1304.845421762177,-13381.69494238295,-91944.63978687083,0.3648263868130404,0.24875702780291098,0.11606935901012944
280000.0,25000.0,1321.9125466998548,-14489.21394886446,-93717.77666592177,0.36395740609923377,0.2474743034676648,0.11648310263156897
285000.0,25000.0,1338.9473733681687,-15600.091975359828,-95493.01293248138,0.36310579267008747,0.24623100329301034,0.11687478937707713
290000.0,25000.0,1355.9515853482503,-16714.15392943134,-97270.23915377607,0.3622712247005384,0.24502537648249612,0.11724584821804229
295000.0,25000.0,1372.9267512083766,-17831.236679978203,-99049.35337286786,0.36145336887255264,0.243855771416006,0.11759759745654663
300000.0,25000.0,1389.874334160352,-18951.18805297278,-100830.26048098947,0.36065188370738693,0.24272062900934396,0.11793125469804297
60000.0,30000.0,204.82043173041166,14233.272285082043,-24161.185091243435,0.22370641566858657,0.18438235665780428,0.039324059010782286
65000.0,30000.0,237.41512053152013,13855.619920397323,-25810.030319171383,0.24029168931222902,0.1966985257096273,0.04359316360260174
70000.0,30000.0,269.6435585284281,13789.87747207575,-27132.68184937237,0.2558894980103707,0.20691613605274572,0.04897336195762497
75000.0,30000.0,301.5601135667436,13841.699196060566,-28325.605771881856,0.270073212580765,0.21550665034179906,0.05456656223896594
80000.0,30000.0,333.2089000510655,13865.672990430045,-29535.934650400934,0.2825185521385196,0.22281342012570604,0.05970513201281358
85000.0,30000.0,364.62608728034434,13865.56046227504,-30761.31748049781,0.29351842623287133,0.22909183387194804,0.0644265923609233
90000.0,30000.0,395.8416110468877,13844.47493399556,-31999.808435672487,0.3033045572008865,0.2345353877949747,0.0687691694059118
95000.0,30000.0,426.8804610402485,13805.01533330507,-33249.78318610405,0.3120624745944951,0.23929308755651893,0.07276938703797617
100000.0,30000.0,534.6602750989038,21746.615995405227,-29511.595272291444,0.3736872890476209,0.2843821274205535,0.08930516162706736
105000.0,30000.0,562.7183005961382,21397.150647117596,-30955.323614971214,0.3767515580004402,0.2847432138783931,0.09200834412204711
110000.0,30000.0,590.2712742317258,20995.15990521871,-32431.88032865802,0.37924391499412785,0.28482708752505237,0.09441682746907548
115000.0,30000.0,617.3863785987345,20547.63075938761,-33936.898544802454,0.3812724288130898,0.2847016041212993,0.09657082469179051
120000.0,30000.0,644.1193865906519,20060.363590547036,-35466.75302532782,0.3829222373695427,0.284418057324088,0.09850418004545469
125000.0,30000.0,670.5169849041188,19602.213815147574,-36954.409134952475,0.3845322306408617,0.2840155356213074,0.10051669501955435
130000.0,30000.0,696.6185519648005,19149.276789458483,-38425.307276008156,0.3860163969072114,0.283524034173708,0.10249236273350343
135000.0,30000.0,722.4575341044722,18669.030931984344,-39913.2734369295,0.38726288699889755,0.28296670613594466,0.10429618086295289
140000.0,30000.0,748.0625220566723,18164.449679013152,-41416.44922003649,0.3883090874755127,0.2823615106047077,0.10594757687080497
145000.0,30000.0,773.4581012407781,17638.089914160155,-42933.23657306962,0.38918578589384395,0.2817224318772272,0.10746335401661677
150000.0,30000.0,798.6655294159294,17092.1624443759,-44462.25374168478,0.38991848287621306,0.2810603904173434,0.10885809245886968
155000.0,30000.0,823.7032812563573,16528.588635780383,-46002.29987205697,0.3905284137304082,0.28038392962563546,0.11014448410477273
160000.0,30000.0,845.3674403871021,15614.161185377845,-47761.62952855856,0.38954953565150124,0.27863838962075826,0.11091114603074298
165000.0,30000.0,866.0866243565483,14601.45631820026,-49582.38257054455,0.38820054964758854,0.27669819165503745,0.1115023579925511
170000.0,30000.0,886.6299688610189,13570.464146665196,-51414.56517775396,0.3868465475266442,0.2748191410598995,0.1120274064667447
175000.0,30000.0,907.0127409235897,12522.772441172565,-53257.18499368685,0.38549440759818604,0.2730005239982095,0.11249388359997653
180000.0,30000.0,927.2484898941206,11459.790334107762,-55109.361310602355,0.384149602237916,0.27124120448737804,0.11290839775053796
185000.0,30000.0,947.3492824070722,10351.772755454745,-57001.309797260496,0.38272426715846125,0.26953974899415506,0.11318451816430619
190000.0,30000.0,967.3258997989292,8951.840964207862,-59180.3296667898,0.3805143033583297,0.26789452072572123,0.11261978263260847
195000.0,30000.0,987.1880048014071,7539.999884465578,-61366.792841628725,0.37837374096368875,0.2663037509580273,0.11206999000566148
200000.0,30000.0,1006.9442829479738,6117.152811708496,-63560.1347621019,0.37630062245894363,0.2647655928950397,0.11153502956390393
205000.0,30000.0,1026.6025630585311,4729.1139432064665,-65714.84655491568,0.37441100073323036,0.26327816219370115,0.11113283853952921
210000.0,30000.0,1046.1699203267613,3331.619099102405,-67875.46833248071,0.37257784193759136,0.26183956728303065,0.11073827465456071
215000.0,30000.0,1065.6527648720214,1925.3349318094552,-70041.58343703879,0.37079948591848555,0.2604479318556951,0.11035155406279046
220000.0,30000.0,1085.0569180919922,680.866866686425,-72042.8134777407,0.36948509066895163,0.2591014113479896,0.11038367932096205
225000.0,30000.0,1104.387678732788,-341.2340266708343,-73818.814036089,0.36874498309102677,0.2577982048001695,0.11094677829085725
230000.0,30000.0,1123.649880256622,-1370.4650681920757,-75599.27093703976,0.36801069315335416,0.2565365631677717,0.11147412998558248
235000.0,30000.0,1142.5504988479584,-2437.300734693097,-77403.23072860291,0.36718772308615544,0.25524834570678384,0.1119393773793716
240000.0,30000.0,1160.2643785369592,-3627.5572470370244,-79284.32854881785,0.3660206609191011,0.25375476390000956,0.11226589701909157
245000.0,30000.0,1177.9139969048765,-4824.496936773605,-81169.60335490321,0.364875857967371,0.25230894135478726,0.11256691661258372
250000.0,30000.0,1195.5032444273895,-6027.715194432254,-83058.80226593987,0.36375331306962033,0.2509088031765077,0.11284450989311262
255000.0,30000.0,1213.035703745543,-7236.839425344297,-84951.6924102599,0.36265293311429436,0.24955237531756197,0.11310055779673239
260000.0,30000.0,1230.5146795219957,-8451.525944593217,-86848.05898479048,0.36157454969086766,0.2482377808194464,0.11333676887142127
265000.0,30000.0,1247.9432248885514,-9671.457226471422,-88747.70353596436,0.36051793307317337,0.24696323580933718,0.11355469726383619
270000.0,30000.0,1265.3241649305419,-10896.339462104414,-90650.44243323497,0.35948280397082577,0.24572704536975912,0.11375575860106665
275000.0,30000.0,1282.6601175882672,-12045.650385700967,-92475.85551048281,0.35862351846777296,0.24452759937011445,0.11409591909765851
280000.0,30000.0,1299.9535123009796,-13129.637335578896,-94234.28485415652,0.3579115044847806,0.24336336832581232,0.11454813615896828
285000.0,30000.0,1317.2066066728112,-14217.815520908407,-95995.33371998747,0.35720996847177333,0.24223289933296382,0.1149770691388095
290000.0,30000.0,1334.4215014012552,-15309.966469150226,-97758.8655626386,0.3565190061378232,0.24113481211293028,0.11538419402489294
295000.0,30000.0,1351.6001536758931,-16405.88663258789,-99524.75316478714,0.35583866982329854,0.2400677951904826,0.11577087463281593
300000.0,30000.0,1368.7443892271938,-17505.386135252615,-101292.8778539526,0.35516897474541914,0.23903060222126943,0.11613837252414971
60000.0,35000.0,168.55922710590522,14105.423194901974,-25607.334344144205,0.18410165531415817,0.15173948842717042,0.03236216688698776
65000.0,35000.0,201.34478483835,13747.621199076239,-27243.773091535288,0.20378431826371854,0.16681423764569178,0.03697008061802676
70000.0,35000.0,233.76332544472388,13701.649422139119,-28554.06795212099,0.22183945475181388,0.17938275372064283,0.04245670103117105
75000.0,35000.0,265.8667618030732,13772.906803407444,-29734.844588828284,0.23810672316486212,0.1899987853026195,0.04810793786224263
80000.0,35000.0,297.697657162807,13815.819920819762,-30933.336390445584,0.25240955767921025,0.19906741130170724,0.05334214637750301
85000.0,35000.0,329.29123931741765,13834.052464899258,-32147.2535503959,0.2650744137854517,0.20689121410886036,0.05818319967659136
90000.0,35000.0,360.6769155935599,13830.66279761806,-33374.68459244665,0.2763604156909322,0.21370037385334664,0.06266004183758558
95000.0,35000.0,391.11837319116523,13729.074387769011,-34663.4898486023,0.28591931122820924,0.21924620980057558,0.06667310142763366
100000.0,35000.0,418.9468950613516,13355.740662268392,-36122.13592704019,0.2928123460106221,0.22283497548371878,0.06997737052690334
105000.0,35000.0,446.3922332570405,12942.555834620034,-37605.68894432041,0.29886884642052475,0.22588062093112476,0.07298822548939998
110000.0,35000.0,473.4951381264643,12493.757941040123,-39111.500127807856,0.30421631163991036,0.2284784082121687,0.07573790342774167
115000.0,35000.0,583.9514771162645,20713.71719597935,-35199.33809347084,0.36062440913328886,0.269283430971283,0.09134097816200587
120000.0,35000.0,611.6958093187678,20331.627745039696,-36663.45650030813,0.3636467598556754,0.2701010672580409,0.09354569259763451
125000.0,35000.0,639.0223523007246,19970.088215163203,-38090.73120648094,0.366470493800699,0.27067513537875665,0.09579535842194237
130000.0,35000.0,665.9801561725585,19606.199817833905,-39505.97395481174,0.3690387796482672,0.27105419461642594,0.09798458503184126
135000.0,35000.0,692.6108819768102,19208.295301476093,-40942.476777535376,0.37126402184132457,0.2712765950317415,0.09998742680958306
140000.0,35000.0,718.9501425805109,18780.078404260974,-42397.92483829483,0.3731972469871683,0.27137283625756053,0.10182441072960774
145000.0,35000.0,745.0285617964453,18324.734002718127,-43870.327589259105,0.3748807154142752,0.27136732799175667,0.10351338742251853
150000.0,35000.0,770.872618474782,17845.01589726517,-45357.963905167206,0.3763496367575994,0.27127971739184553,0.10506991936575388
155000.0,35000.0,793.4367134665237,17024.1817764063,-47058.797730704,0.3761786412128104,0.270081361448111,0.1060972797646994
160000.0,35000.0,815.0273276968715,16102.105656362459,-48822.907805731404,0.37556866030020836,0.2686380989340871,0.10693056136612128
165000.0,35000.0,836.3831612962987,15155.612350702897,-50602.27862176862,0.37488675358822493,0.26720850057388323,0.1076782530143417
170000.0,35000.0,857.5252063099629,14186.885032123973,-52395.54569588046,0.37414781490437293,0.2657978513156462,0.10834996358872673
175000.0,35000.0,878.4720246418857,13197.854138643946,-54201.50250430547,0.3733641628739057,0.264410092851393,0.10895407002251273
180000.0,35000.0,899.240089820038,12190.232917171787,-56019.07826772557,0.37254600744639704,0.26304811250107996,0.10949789494531709
185000.0,35000.0,919.8440726620122,11134.54713273712,-57878.31938299724,0.37161230303054155,0.2617139687160745,0.10989833431446705
190000.0,35000.0,940.2970812984547,9784.160030927102,-60026.3738216285,0.3698820520721348,0.26040906791248397,0.10947298415965084
195000.0,35000.0,960.6108638414768,8419.293415401422,-62183.47795633205,0.36818713800638164,0.2591343037068996,0.10905283429948204
200000.0,35000.0,980.7959803090863,7041.045528032817,-64348.945385937426,0.3665288577983894,0.257890166946828,0.10863869085156141
205000.0,35000.0,1000.8619491124961,5695.406283587421,-66477.1574137158,0.3650231720117534,0.25667683293804516,0.10834633907370822
210000.0,35000.0,1020.8173723914558,4338.270304599253,-68612.5549005834,0.3635489094345376,0.2554942307827906,0.108054678651747
215000.0,35000.0,1040.6700436771403,2970.4481183104217,-70754.63126701393,0.3621066166450508,0.2543420986220004,0.10776451802305037
220000.0,35000.0,1060.4270407229844,1762.6758110782248,-72732.92645903405,0.36109809057603903,0.25322002772540547,0.10787806285063356
225000.0,35000.0,1080.0948058338386,775.6233826070384,-74487.02172682853,0.3606338141791877,0.25212749772566306,0.10850631645352465
230000.0,35000.0,1099.390109627644,-250.16502283717273,-76265.32698023117,0.3600652867044409,0.25099790002211714,0.10906738668232374
235000.0,35000.0,1117.511079588041,-1398.0841469559236,-78119.96393280539,0.35914066752518087,0.24965448324731543,0.10948618427786544
240000.0,35000.0,1135.5493152486044,-2554.607638257323,-79979.97861486877,0.3582239690902372,0.2483494742388563,0.10987449485138087
245000.0,35000.0,1153.5099286296409,-3719.2038466295344,-81845.0387451014,0.357316345665778,0.24708159483589542,0.1102347508298826
250000.0,35000.0,1171.3976190990682,-4891.384037809097,-83714.83886458862,0.35641874403547963,0.24584958344695576,0.11056916058852387
255000.0,35000.0,1189.2167141864168,-6070.698148724827,-85589.09768391095,0.35553193378940734,0.24465220180758995,0.11087973198181739
260000.0,35000.0,1206.9712056466676,-7256.73103685875,-87467.55573899465,0.3546565331029328,0.2434882399932757,0.11116829310965712
265000.0,35000.0,1224.6647814066557,-8449.09915781999,-89349.97331459544,0.3537930307203414,0.24235652004515879,0.11143651067518262
270000.0,35000.0,1242.3008539322225,-9647.447615161014,-91236.12860043357,0.3529418047361968,0.2412558984944786,0.1116859062417182
275000.0,35000.0,1259.882585475412,-10771.197534669307,-93045.56605012625,0.3522550670001434,0.24018526801455262,0.1120697989855908
280000.0,35000.0,1277.412910594827,-11830.54372225015,-94788.59491736427,0.35170548204451557,0.23914355838384746,0.11256192366066811
285000.0,35000.0,1294.8945562866777,-12894.952570297697,-96534.787947394,0.35115921927677546,0.23812973690748201,0.11302948236929344
290000.0,35000.0,1312.3300600171294,-13964.1601823307,-98283.98020491462,0.35061680902982545,0.23714280841554444,0.113474000614281
295000.0,35000.0,1329.7217859068421,-15037.92068980058,-100036.0180220833,0.35007870504105804,0.2361818149333791,0.11389689010767895
300000.0,35000.0,1347.0719392849062,-16116.004738481919,-101790.75805250913,0.3495452937376236,0.23524583510033154,0.11429945863729207
60000.0,40000.0,133.04601114827204,13445.36492607672,-27157.36433369821,0.14531385380613623,0.11976997056488724,0.025543883241248996
65000.0,40000.0,165.9665373227042,13101.599648217663,-28785.03013236012,0.16797742087062661,0.1375033449235329,0.030474075947093726
70000.0,40000.0,198.524623555081,13070.140616384851,-30086.254527255627,0.1883982192693533,0.15234166260646084,0.03605655666289245
75000.0,40000.0,230.76922704526942,13156.079379364448,-31257.855300393378,0.20667383950663526,0.16491671439659733,0.04175712511003793
80000.0,40000.0,262.7408675879477,13213.629995802992,-32447.19866511929,0.22277066875221396,0.17569215979853506,0.047078508953678905
85000.0,40000.0,294.47337014687105,13246.310261931016,-33652.085998789276,0.23704656136285918,0.18501540824074833,0.052031153122110846
90000.0,40000.0,325.36208987052544,13191.23711319107,-34911.81921675174,0.2493012403045358,0.19277640801772167,0.056524832286814125
95000.0,40000.0,353.97374136076974,12899.34886817648,-36319.56186988586,0.2587654665695713,0.1984243300284596,0.06034113654111167
100000.0,40000.0,382.14464643248084,12561.622995634432,-37755.953040224646,0.26709034428076617,0.2032601122549098,0.06383023202585636
105000.0,40000.0,409.921677046112,12182.934179452073,-39217.94605033861,0.2744510536118431,0.20742601695533283,0.06702503665651025
110000.0,40000.0,437.34528645587534,11767.489558067457,-40702.911438704,0.28099036134806343,0.21103480657460302,0.06995555477346041
115000.0,40000.0,464.4505715717469,11318.9392101181,-42208.56790617235,0.2868255660073138,0.21417677380840375,0.07264879219891004
120000.0,40000.0,491.26813108392685,10840.465399384819,-43732.926537880645,0.2920537649064159,0.21692489059784142,0.07512887430857446
125000.0,40000.0,605.6855359451404,19536.375504951022,-39499.29522190177,0.3473522900202077,0.25655442857146477,0.09079786144874291
130000.0,40000.0,633.5716698528297,19269.033431350712,-40854.19651790196,0.35108030426303155,0.2578639274940292,0.09321637676900235
135000.0,40000.0,661.0608023676482,18960.403212891848,-42234.90290443876,0.35435205907851075,0.2589192983272401,0.09543276075127066
140000.0,40000.0,688.1961597380583,18614.980379414483,-43638.604675362105,0.35723327250418296,0.25976452706352193,0.09746874544066103
145000.0,40000.0,715.01491258947,18236.630675961293,-45062.88574002035,0.3597785584449185,0.2604352319538009,0.0993433264911176
150000.0,40000.0,738.6422753371801,17526.37640172316,-46694.60716141918,0.36061438083891206,0.2599374564679717,0.10067692437094039
155000.0,40000.0,761.2550939548786,16710.609537963785,-48392.27395126879,0.36092091782485797,0.25912692051565606,0.10179399730920191
160000.0,40000.0,783.5608978006096,15862.913137919822,-50109.89670129627,0.3610687723590708,0.2582665670598596,0.10280220529921119
165000.0,40000.0,805.58798073284,14986.229762871779,-51845.636310701295,0.361083623872288,0.2573700265298695,0.10371359734241847
170000.0,40000.0,827.3612635552138,14083.15117639865,-53597.872927247,0.3609869501419783,0.2564482588926773,0.10453869124930099
175000.0,40000.0,848.9027821180695,13155.969106935649,-55365.174220661385,0.36079677862940385,0.25551008699809924,0.10528669163130461
180000.0,40000.0,870.2320930464417,12206.717443486355,-57146.269010317184,0.36052828992650315,0.2545626158188102,0.10596567410769298
185000.0,40000.0,891.3666128693917,11206.207505073151,-58971.025221825446,0.36010755485363627,0.25361156392510764,0.10649599092852863
190000.0,40000.0,912.3219029649329,9908.057675009448,-61086.43136561525,0.358877533846046,0.2526615269922696,0.10621600685377636
195000.0,40000.0,933.1119101587752,8592.718423169063,-63212.5808980155,0.3576472186324584,0.25171618833525095,0.10593103029720746
200000.0,40000.0,953.7491708252104,7261.493532478315,-65348.65895469721,0.35642131618296435,0.25077848790938156,0.10564282827358279
205000.0,40000.0,974.2449847901993,5960.558184837137,-67448.93104697295,0.35531573058602645,0.24985075856212327,0.10546497202390318
210000.0,40000.0,994.6095641237913,4645.974435530734,-69557.73339028945,0.35421538869707386,0.24893483632601002,0.10528055237106385
215000.0,40000.0,1014.8521609526192,3318.7045057288196,-71674.46459641564,0.3531231485236071,0.24803215003260043,0.10509099849100667
220000.0,40000.0,1034.981177664458,2149.6222437600663,-73628.57851014612,0.35243322990139164,0.24714379437625972,0.10528943552513192
225000.0,40000.0,1054.7238664720026,1170.361879744698,-75377.80373765572,0.35216268869839784,0.2462051366313414,0.10595755206705645
230000.0,40000.0,1073.3028573705847,70.07693319724058,-77202.66932924787,0.3515213550454136,0.24504201095550834,0.10647934408990525
235000.0,40000.0,1091.7776592732419,-1041.0436689264316,-79034.30720557517,0.3508705770371564,0.24390557939461674,0.10696499764253967
240000.0,40000.0,1110.1548452311472,-2162.3163293042744,-80872.29011831133,0.3502129494714151,0.24279559543084595,0.10741735404056918
245000.0,40000.0,1128.4404467776872,-3293.1137684641,-82716.22601778622,0.349550711906807,0.2417117168626309,0.10783899504417607
250000.0,40000.0,1146.6400085689484,-4432.859342172946,-84565.75450135424,0.3488857968051007,0.24065352692717795,0.10823226987792273
255000.0,40000.0,1164.75863653904,-5581.0220332834,-86420.54368329828,0.34821987069862553,0.23962055158183157,0.10859931911679396
260000.0,40000.0,1182.801040450836,-6737.112026456656,-88280.28742903157,0.34755436947817087,0.2386122736435013,0.10894209583466957
265000.0,40000.0,1200.7715715886616,-7900.6767881227715,-90144.70290507289,0.3468905287104153,0.2376281443523862,0.10926238435802912
270000.0,40000.0,1218.6742562279298,-9071.297585638866,-92013.52840352045,0.346229409741752,0.23666759281999206,0.10956181692175992
275000.0,40000.0,1236.5128254236122,-10168.336389287913,-93806.2714058011,0.3457210324101521,0.23573003373622559,0.10999099867392653
280000.0,40000.0,1254.290741581398,-11201.933108878191,-95533.20685554502,0.3453393387784387,0.2348148736417703,0.11052446513666839
285000.0,40000.0,1272.0112222097687,-12241.503123527655,-97263.87561470094,0.344953545085094,0.23392151601656497,0.11103202906852905
290000.0,40000.0,1289.677261195873,-13286.73506897279,-98998.08308060415,0.34456463337654514,0.23304936539033858,0.11151526798620656
295000.0,40000.0,1307.2916479012238,-14337.338851616296,-100735.64794475635,0.3441734745258311,0.2321978306446955,0.11197564388113557
300000.0,40000.0,1324.8569843334885,-15393.043862660736,-102476.40107665912,0.34378084068400017,0.23136632764653015,0.11241451303747002
60000.0,45000.0,98.16974920068452,12148.549874296223,-28841.74231259925,0.1072217382574164,0.0883738480443805,0.0188478902130359
65000.0,45000.0,131.18248530708883,11814.374429362273,-30463.414465682967,0.13277191836832503,0.10868474341929481,0.02408717494903022
70000.0,45000.0,163.8407969277319,11793.338837909148,-31758.12421034117,0.1554835558033043,0.1257263656254362,0.029757190177868098
75000.0,45000.0,196.19049585847773,11890.207526706712,-32922.89377984269,0.17570558940177983,0.14020540081140181,0.03550018859037801
80000.0,45000.0,228.26982470018254,11958.957726244014,-34105.23740513188,0.1935436309214005,0.1526417221903386,0.04090190873106189
85000.0,45000.0,259.60580654988576,11950.399838613142,-35335.89858490117,0.2089787056866606,0.16310837973749528,0.04587032594916532
90000.0,45000.0,289.000587660188,11739.957074084581,-36692.737812731524,0.22144007306166325,0.1712322883907955,0.050207784670867756
95000.0,45000.0,317.8970596079213,11477.690156648838,-38081.967136128864,0.23239232558411282,0.17820110279431575,0.05419122278979707
100000.0,45000.0,346.34821596575955,11169.110417864023,-39500.14197286937,0.24207133373950934,0.18422023679697533,0.057851096942534014
105000.0,45000.0,374.39979329872574,10818.974460492514,-40944.28944622657,0.2506684166676375,0.18945145431798818,0.06121696234964932
110000.0,45000.0,402.0914722737142,10431.409073891315,-42411.83031285232,0.25834010697761334,0.1940235752035294,0.06431653177408395
115000.0,45000.0,429.457847857464,10010.012134601282,-43900.51589990858,0.26521549940427097,0.19804022638952262,0.06717527301474835
120000.0,45000.0,456.52921878618133,9557.934711187881,-45408.37678954196,0.2714018449397671,0.20158553867804618,0.06981630626172092
125000.0,45000.0,483.332234401174,9141.948335147143,-46869.68077456742,0.2771843613499098,0.2047283909685335,0.0724559703813763
130000.0,45000.0,509.8904280363946,8736.500473210064,-48310.89818827809,0.28254496710278576,0.20752561173642434,0.07501935536636142
135000.0,45000.0,536.2246595124407,8307.76054671887,-49766.673142335094,0.2874354545699286,0.2100244214896125,0.07741103308031608
140000.0,45000.0,655.8005735293133,17576.155604473635,-45161.738731238365,0.3404171640265562,0.24753658302259146,0.09288058100396474
145000.0,45000.0,680.6832401445741,16996.45293246073,-46711.86540124643,0.34250367451767993,0.24793035000082553,0.0945733245168544
150000.0,45000.0,704.4945241414064,16305.326468131301,-48331.631941452324,0.34394302236720276,0.2479204356633086,0.09602258670389416
155000.0,45000.0,727.9102926223052,15573.066390144784,-49977.1069901939,0.34511171484256137,0.24777653908224365,0.09733517576031772
160000.0,45000.0,750.9681506983165,14803.58363004995,-51645.84621525317,0.3460498718280884,0.24752379399807597,0.09852607783001241
165000.0,45000.0,773.7010826661725,14000.308554706979,-53335.70563734253,0.3467911604997778,0.2471827695229963,0.09960839097678151
170000.0,45000.0,796.1381405967722,13166.262579489354,-55044.79687185354,0.3473639532394607,0.24677036379099307,0.10059358944846761
175000.0,45000.0,818.3050133521407,12304.117346047686,-56771.450142754584,0.34779225486468013,0.2463005064383281,0.10149174842635203
180000.0,45000.0,840.2244995733323,11416.243913051585,-58514.18353837715,0.3480964496782345,0.24578471444056885,0.10231173523766565
185000.0,45000.0,861.9169030292112,10473.753872462985,-60302.67731374502,0.34821002262774575,0.24523253462125463,0.10297748800649112
190000.0,45000.0,883.400364798364,9230.533896454872,-62383.75229875009,0.3475007486800633,0.2446518979650781,0.1028488507149852
195000.0,45000.0,904.6911437533022,7967.274907768442,-64477.35166667911,0.3467539828419189,0.24404940484308124,0.10270457799883764
200000.0,45000.0,925.803854496346,6685.496825045004,-66582.52546838127,0.34597799761266856,0.24343055578270056,0.102547441829968
205000.0,45000.0,946.7516700916411,5431.56964695573,-68653.41745468706,0.3452886764560497,0.24279993906593547,0.10248873739011424
210000.0,45000.0,967.5464955237676,4161.731491896877,-70734.25380159884,0.3445772797252001,0.242161383912689,0.10241589581251109
215000.0,45000.0,988.1991166984582,2877.104094064678,-72824.33342524397,0.3438490815541544,0.24151808608749517,0.10233099546665922
220000.0,45000.0,1008.4480432875108,1720.4924593261385,-74770.65319695555,0.34339813008539594,0.24080793083774438,0.10259019924765156
225000.0,45000.0,1027.541743411102,673.7372721796564,-76562.0626889221,0.3430868254834342,0.23985998930427405,0.10322683617916018
230000.0,45000.0,1046.5063689676085,-386.44166994368425,-78361.86202774919,0.3427451388551863,0.23892419867193956,0.10382094018324675
235000.0,45000.0,1065.3502379035617,-1459.1793006045336,-80169.51054691222,0.3423774516220823,0.23800163414868797,0.1043758174733943
240000.0,45000.0,1084.0809684845865,-2543.683320177981,-81984.51305914563,0.3419876020626346,0.23709312747597827,0.10489447458665635
245000.0,45000.0,1102.7055513490152,-3639.226702277403,-83806.41517295776,0.3415789566904577,0.2361993074349936,0.10537964925546409
250000.0,45000.0,1121.2304128370297,-4745.141107523872,-85634.7991762368,0.34115447137848326,0.23532063361717417,0.10583383776130909
255000.0,45000.0,1139.661470803413,-5860.811079020001,-87469.28040842188,0.34071674384194905,0.23445742464028688,0.10625931920166218
260000.0,45000.0,1158.0041839344992,-6985.668913387053,-89309.50405490129,0.3402680588165814,0.2336098817701229,0.1066581770464585
265000.0,45000.0,1176.2635954345692,-8119.190117379767,-91155.14230739675,0.33981042704339515,0.23277810873101948,0.10703231831237567
270000.0,45000.0,1194.4443718176626,-9260.889373538055,-93005.89184249568,0.339345618987491,0.23196212834629917,0.10738349064119182
275000.0,45000.0,1212.5508374328665,-10330.066949556844,-94781.22157750741,0.3390214146977987,0.23116189653513317,0.10785951816266551
280000.0,45000.0,1230.5870052606915,-11336.80549546305,-96491.3706686988,0.33881307468655,0.2303773140995808,0.10843576058696919
285000.0,45000.0,1248.5566044420843,-12350.467180598207,-98205.84672190827,0.3385929458967291,0.2296082366602127,0.1089847092365164
290000.0,45000.0,1266.4631049374862,-13370.691129076411,-99924.42418970715,0.3383624791779824,0.2288544830373128,0.10950799614066961
295000.0,45000.0,1284.3097396590374,-14397.14111803507,-101646.89293280631,0.33812297827761767,0.2281158423244318,0.11000713595318587
300000.0,45000.0,1302.0995243729415,-15429.503507789064,-103373.05692640255,0.3378756155845489,0.22739207985986537,0.11048353572468356
60000.0,50000.0,63.84034705909653,10871.608242339673,-30499.824404110317,0.06972690710088258,0.057470016741794534,0.01225689035908805
65000.0,50000.0,96.91236681019433,10543.598296453842,-32117.64312028896,0.09808657630538864,0.08029193604821402,0.017794640257174615
70000.0,50000.0,129.6401241290077,10529.78505761044,-33407.838894566084,0.12302740130866685,0.09948182596523818,0.023545575343428674
75000.0,50000.0,162.06627925349386,10634.605190556991,-34567.63881147449,0.14514439648967373,0.11581890112118191,0.029325495368491813
80000.0,50000.0,193.84952322924602,10672.562564035223,-35769.2279530506,0.16435961532562846,0.12962521485418435,0.034734400471444105
85000.0,50000.0,224.02743395960613,10543.565279992676,-37075.16375557719,0.1803386596369754,0.1407547552788594,0.03958390435811601
90000.0,50000.0,253.6494727833616,10356.757317663243,-38417.23123203308,0.1943530919433405,0.15028682130184134,0.04406627064149915
95000.0,50000.0,282.7747548854072,10118.286656275988,-39791.587895400124,0.2067168629535188,0.15851286333104625,0.04820399962247254
100000.0,50000.0,311.45430014157625,9833.459362917565,-41194.917453749134,0.21768311300217696,0.1656604026774883,0.052022710324688665
105000.0,50000.0,339.73237297568164,9506.878937664515,-42624.34271953229,0.22745786068478377,0.17190926194713563,0.05554859873764814
110000.0,50000.0,367.64756463100105,9142.558869817745,-44077.35526193652,0.2362102101786873,0.17740315282294697,0.05880705735574032
115000.0,50000.0,395.2336738363716,8744.014227176274,-45551.75816358744,0.2440800574744375,0.18225808803777202,0.061821969436665486
120000.0,50000.0,422.5204283617712,8314.336697817831,-47045.619119436466,0.2511839747892089,0.18656858016721667,0.06461539462199223
125000.0,50000.0,449.53408002072285,7920.256470348817,-48493.231761604606,0.25780158658348457,0.1904122720103417,0.06738931457314287
130000.0,50000.0,476.29789827949025,7536.19356926062,-49921.08357478473,0.2639303791576549,0.19385343845319097,0.07007694070446391
135000.0,50000.0,502.8325820742821,7128.300683918977,-51363.82912812325,0.26953611557608526,0.19694566499851365,0.0725904505775716
140000.0,50000.0,527.2696192744304,6502.252552734397,-52942.92171011361,0.27369849267559476,0.19902166169877747,0.0746768309768173
145000.0,50000.0,550.9496299149952,5797.473659353142,-54571.2210184769,0.2772247964853111,0.20067650637121226,0.07654829011409886
150000.0,50000.0,669.1442316792057,14922.212242831025,-50056.071903803226,0.3266845682353813,0.23548022554423742,0.09120434269114386
155000.0,50000.0,693.4023094688035,14277.552332949199,-51646.79684747936,0.3287510322659207,0.23603021714787373,0.09272081511804695
160000.0,50000.0,717.2490863899925,13590.117132752857,-53264.25634760207,0.33051195870726136,0.23640977974873614,0.09410217895852521
165000.0,50000.0,740.722467096296,12863.848726208424,-54905.98660169235,0.3320093634706943,0.23664672955326357,0.09536263391743074
170000.0,50000.0,763.8558374346379,12102.219241395971,-56569.817529700136,0.3332788241968197,0.2367641660105933,0.0965146581862264
175000.0,50000.0,786.6787183440994,11308.29885597997,-58253.83027058513,0.3343505915797347,0.23678135117207966,0.09756924040765502
180000.0,50000.0,809.2173094007093,10484.812325867402,-59956.321851905486,0.3352504867015909,0.23671440836635585,0.09853607833523506
185000.0,50000.0,831.4949431414703,9603.186234906549,-61706.775658756014,0.3359197063528698,0.23657688080451544,0.09934282554835433
190000.0,50000.0,853.5324667987474,8417.58869526336,-63751.83662103301,0.3357516965741865,0.23638018083090934,0.09937151574327718
195000.0,50000.0,875.3485646250576,7208.962869199633,-65811.29026232284,0.3355074306347631,0.23613395323039052,0.0993734774043726
200000.0,50000.0,896.960031322493,5979.055405732914,-67884.04492698955,0.33519890208750197,0.23584637056678484,0.09935253152071713
205000.0,50000.0,918.3820050168215,4774.440669943069,-69924.11663685819,0.334942009621823,0.23552437444948174,0.09941763517234128
210000.0,50000.0,939.6281665913839,3551.5414736975654,-71975.61613451163,0.33463458251891604,0.23517387354282726,0.09946070897608877
215000.0,50000.0,960.4491636381515,2284.4251665613847,-74054.75132647174,0.3341933393947845,0.23473593516376773,0.09945740423101679
220000.0,50000.0,980.120771562157,1067.7723906579631,-76038.59681141138,0.3337520881245271,0.23404364413416434,0.09970844399036277
225000.0,50000.0,999.6344652015308,64.69652915283223,-77802.70672485209,0.33376883957171816,0.23334556836149287,0.10042327121022529
230000.0,50000.0,1019.0006444187169,-953.7208322598162,-79576.405075735,0.3337366381337596,0.2326444631714111,0.10109217496234849
235000.0,50000.0,1038.2288154789996,-1986.4910419904045,-81359.0739568166,0.3336612912799581,0.23194264750952887,0.10171864377042922
240000.0,50000.0,1057.3276850089228,-3032.7086108783988,-83150.1474373716,0.3335479268638957,0.2312420703742534,0.10230585648964233
245000.0,50000.0,1076.3052423436247,-4091.5426480694005,-84949.10621061598,0.33340108001673013,0.2305443665529835,0.10285671346374664
250000.0,50000.0,1095.1688319033126,-5162.229333861862,-86755.47288923628,0.3332247677556275,0.22985090351694457,0.10337386423868292
255000.0,50000.0,1113.925216979536,-6244.06528593463,-88568.80785928176,0.3330225532193778,0.22916282098295587,0.10385973223642192
260000.0,50000.0,1132.5806360976587,-7336.401697649853,-90388.70561660377,0.3327976011181647,0.22848106437314075,0.10431653674502395
265000.0,50000.0,1151.1408529443793,-8438.639145590918,-92214.79152156695,0.332552725719281,0.22780641318105876,0.10474631253822225
270000.0,50000.0,1169.6112007014215,-9550.22297885854,-94046.7189173592,0.332290432473414,0.22713950507340014,0.10515092740001386
275000.0,50000.0,1187.9966215031757,-10590.389215476098,-95803.91656524518,0.3321562138630832,0.22648085641127547,0.10567535745180773
280000.0,50000.0,1206.3017016327085,-11569.160882004682,-97496.58635682554,0.3321266897688494,0.22583087975727897,0.10629581001157043
285000.0,50000.0,1224.5307029836242,-12555.844741509442,-99194.20126901602,0.33207742171168053,0.2251898988384252,0.10688752287325534
290000.0,50000.0,1242.6875912419684,-13550.02836264165,-100896.50353222364,0.33201034643413707,0.22455816135646695,0.10745218507767013
295000.0,50000.0,1260.7760611802837,-14551.327489056857,-102603.25298623314,0.33192721629641786,0.223935849972588,0.10799136632382986
300000.0,50000.0,1278.7995594032652,-15559.383673866789,-104314.22560173935,0.33182961843927006,0.22332309174033727,0.10850652669893279
60000.0,55000.0,29.983936692656812,9643.857754998557,-32127.162030236745,0.03274868111779362,0.02699197957236608,0.005756701545427536
65000.0,55000.0,63.0897523995377,9319.36258851416,-33742.78400928949,0.0638541603771293,0.05226988599795999,0.011584274379169306
70000.0,55000.0,95.8627338068053,9310.25265486999,-35030.0402178171,0.0909729383694475,0.07356210020001587,0.017410838169431633
75000.0,55000.0,128.09323990860634,9394.725289457296,-36202.55732120003,0.11471859591384335,0.09154043861315388,0.023178157300689478
80000.0,55000.0,159.05428025902438,9347.173485900777,-37457.58969842285,0.1348576972683722,0.10635798793103836,0.028499709337333853
85000.0,55000.0,189.40188595880193,9235.824478677641,-38752.495327937315,0.15246562281601764,0.1189997833581956,0.03346583945782204
90000.0,55000.0,219.2012938050549,9067.462894687946,-40083.033817930875,0.167957964751534,0.1298763419837616,0.03808162276777238
95000.0,55000.0,248.50880698442666,8847.944265342609,-41445.54546127171,0.18166742295280197,0.13930466520622425,0.04236275774657772
100000.0,55000.0,277.3732736776491,8582.34880143775,-42836.85512621225,0.1938630407424429,0.1475329388244932,0.0463301019179497
105000.0,55000.0,305.8372814045383,8275.10560503423,-44254.194623964446,0.20476439479880248,0.15475787856677428,0.0500065162320282
110000.0,55000.0,333.93812888656214,7930.0937431647035,-45695.1395376329,0.2145522048817104,0.16113713950949513,0.05341506537221527
115000.0,55000.0,361.7086223223682,7550.7250604885485,-47157.5574643055,0.22337636484383658,0.1667983430949873,0.056578021748849266
120000.0,55000.0,389.1777320050511,7140.012467487555,-48639.56533493112,0.23136209059406262,0.17184574287781204,0.059516347716250584
125000.0,55000.0,416.37113704653984,6764.6265918023855,-50075.49400723435,0.23878309678594156,0.17636521395865296,0.06241788282728861
130000.0,55000.0,443.3116798401105,6398.943042333733,-51491.85872565226,0.2456517657706732,0.1804280341229591,0.06522373164771411
135000.0,55000.0,468.34364483607203,5834.767401913734,-53032.28100091475,0.25104882078864993,0.183437298751738,0.06761152203691193
140000.0,55000.0,492.635740211884,5193.64532099817,-54620.79480148699,0.2557205168006106,0.18594885812707215,0.06977165867353843
145000.0,55000.0,516.5951178549681,4517.92059587891,-56230.93525468652,0.2599384202050283,0.18816330537431242,0.07177511483071586
150000.0,55000.0,540.2466015188107,3810.1748969185574,-57861.088816536736,0.2637551358918624,0.19011953709278415,0.07363559879907824
155000.0,55000.0,563.6126054451839,3072.7393052613625,-59509.79856132249,0.26721604948234673,0.1918505373199809,0.07536551216236584
160000.0,55000.0,682.403704875637,12259.513646028485,-54955.877098343044,0.3144550329965894,0.22492452431183999,0.0895305086847494
165000.0,55000.0,706.6521340232106,11613.850277376128,-56547.22920375076,0.3167382327850375,0.22576190662067136,0.09097632616436613
170000.0,55000.0,730.5143540688109,10928.021162118588,-58163.68490078672,0.3187315630140557,0.2264296655514781,0.09230189746257761
175000.0,55000.0,754.0238970939458,10205.513636732605,-59803.06460415297,0.3204717887745676,0.22695262119935394,0.09351916757521367
180000.0,55000.0,777.2105225285729,9449.422681933836,-61463.433950902196,0.3219904009965725,0.2273516975961713,0.0946387034004012
185000.0,55000.0,800.1007332061693,8631.504592403842,-63174.07025685844,0.32323660602900844,0.22764460247489005,0.0955920035541184
190000.0,55000.0,822.7182089660835,7506.22207143491,-65181.43433246402,0.3236303775284158,0.22784637558976342,0.09578400193865236
195000.0,55000.0,845.0841727740417,6354.782307462578,-67205.14668494673,0.32390756201099113,0.22796983349717878,0.09593772851381235
200000.0,55000.0,867.2177013036518,5179.169274542015,-69243.96733052208,0.3240840296074647,0.22802593226163453,0.09605809734583015
205000.0,55000.0,889.13598956574,4026.1712537992134,-71251.77859348634,0.32427573008334637,0.22802406471276204,0.09625166537058433
210000.0,55000.0,910.6028274980636,2826.222398760845,-73288.93412788531,0.3242976401247795,0.22790929626835882,0.0963883438564207
215000.0,55000.0,930.922920765948,1507.0120986208203,-75400.62806547282,0.32391952785033434,0.22751965501602384,0.09639987283431051
220000.0,55000.0,951.0516946645131,337.90458407159895,-77354.75776206609,0.3238534456348084,0.2271022213155282,0.09675122431928018
225000.0,55000.0,971.0020318432893,-619.7603493356728,-79090.48584544563,0.32420873096324976,0.22666187380299796,0.0975468571602518
230000.0,55000.0,990.7856837239087,-1594.7605537512572,-80837.04847320537,0.32449585288113303,0.22620280445392274,0.09829304842721029
235000.0,55000.0,1010.413391999556,-2585.9788930839277,-82593.7474352883,0.32472209601078406,0.22572861947713954,0.09899347653364451
240000.0,55000.0,1029.894994804156,-3592.392201405528,-84359.9432529893,0.32489392387519866,0.22524242412567133,0.09965149974952733
245000.0,55000.0,1049.239519761516,-4613.0616058401065,-86135.0491307609,0.32501708188562445,0.2247468942166006,0.10027018766902385
250000.0,55000.0,1068.4552657677962,-5647.124021186959,-87918.52564035269,0.32509668593653324,0.22424433662648893,0.1008523493100443
255000.0,55000.0,1087.5498750674087,-6693.7846540272585,-89709.87603587788,0.32513729883091197,0.2237367406098386,0.10140055822107336
260000.0,55000.0,1106.530396940314,-7752.3103792451,-91508.64211413903,0.3251429963829207,0.22322582145255476,0.10191717493036595
265000.0,55000.0,1125.4033441180911,-8822.023872756283,-93314.40054758351,0.3251174247380728,0.22271305770250394,0.10240436703556888
270000.0,55000.0,1144.174742879206,-9902.298401600332,-95126.75962811105,0.3250638501995209,0.22219972300129484,0.10286412719822605
275000.0,55000.0,1162.85017763454,-10912.303187045618,-96865.10636901435,0.3251254299060059,0.22168691336465252,0.10343851654135339
280000.0,55000.0,1181.4348306974487,-11861.999268503103,-98539.60391992528,0.3252801840253371,0.22117557061486487,0.10410461341047222
285000.0,55000.0,1199.9335178343886,-12820.635806261344,-100219.68925602418,0.3254069725299484,0.22066650255120246,0.10474046997874592
290000.0,55000.0,1218.3507201093203,-13787.746769668462,-101905.07110815363,0.32550823514500926,0.22016040034780116,0.1053478347972081
295000.0,55000.0,1236.6906124649627,-14762.897964681615,-103595.47810503685,0.3255861885822317,0.21965785358916418,0.10592833499306753
300000.0,55000.0,1254.9570894244591,-15745.68436089401,-105290.6571026696,0.32564284924816334,0.21915936328794572,0.10648348596021762
60000.0,60000.0,3.460619329932456,-9178.748940043806,33277.848611121684,0.003779714454032508,0.003087506093550335,0.0006922083604821733
65000.0,60000.0,29.65918836011656,8135.900119182959,-35342.441624159714,0.03001854498031358,0.02457264984268149,0.005445895137632092
70000.0,60000.0,62.33695658796654,8116.888014879354,-36635.88668934947,0.05915725417600621,0.04783545455661207,0.01132179961939414
75000.0,60000.0,94.08112655844252,8150.78169180885,-37840.01564126853,0.08425780118043506,0.0672340522928785,0.01702374888755656
80000.0,60000.0,125.15429913424225,8114.891639692025,-39087.75942384155,0.10611484681201037,0.08368941354586437,0.022425433266146003
85000.0,60000.0,155.62783272470256,8016.639133099903,-40374.479740461626,0.12527802626548293,0.09777979920840624,0.02749822705707669
90000.0,60000.0,185.56331382727694,7862.429167767645,-41696.17346879429,0.14218363396475947,0.10994590400412928,0.03223772996063019
95000.0,60000.0,215.0141743796164,7657.818665210936,-43049.367532892225,0.1571818376654842,0.12052883734789416,0.03665300031759003
100000.0,60000.0,244.02699817807536,7407.652340250679,-44431.03398599239,0.1705565041029559,0.12979628396198928,0.04076022014096661
105000.0,60000.0,272.64258393675266,7116.173259153104,-45838.52091167837,0.18253985727249025,0.13796090425354343,0.04457895301894682
110000.0,60000.0,300.89681628296535,6787.113423159237,-47269.49580917454,0.1933234626146191,0.1451935196050091,0.048129943009610016
115000.0,60000.0,328.82138398937934,6423.768464626293,-48721.89890825763,0.20306655939488405,0.15163271937362746,0.05143384002125659
120000.0,60000.0,356.4443758135893,6029.059614344122,-50193.90443968398,0.2119024527530198,0.15739196649491055,0.05451048625810925
125000.0,60000.0,383.79077760593873,5669.5854007484595,-51619.88832318128,0.22009871059911454,0.16256492485996557,0.05753378573914897
130000.0,60000.0,409.41767039771366,5167.282251093056,-53121.6402917159,0.2268701192515117,0.16663315848502794,0.06023696076648377
135000.0,60000.0,434.32185050877274,4589.816982643199,-54670.36858449706,0.23281193118599072,0.1701118995093262,0.06270003167666452
140000.0,60000.0,458.862091720081,3974.5020686192584,-56242.75290576203,0.23818907492257838,0.17320075469240304,0.06498832023017534
145000.0,60000.0,483.06554716669257,3324.1614350668533,-57837.02830173228,0.2430671348722272,0.175950578946149,0.06711655592607821
150000.0,60000.0,506.9567343710801,2641.3449043231667,-59451.60113344709,0.24750260712317193,0.17840441641601582,0.06909819070715612
155000.0,60000.0,530.5578474484842,1928.360664373191,-61085.02878341582,0.25154435980908907,0.18059888499463994,0.07094547481444913
160000.0,60000.0,553.8890259600431,1187.303229575322,-62736.00218016449,0.25523482755190474,0.18256528327072236,0.07266954428118239
165000.0,60000.0,576.9685872779459,420.07760663720546,-64403.330694500815,0.25861099387961906,0.18433048179236924,0.07428051208724981
170000.0,60000.0,696.1136904992911,9643.668341657118,-59826.39898511336,0.3037221696911684,0.2157668624136474,0.08795530727752099
175000.0,60000.0,720.3405496016799,8995.761688305545,-61419.1531434581,0.3061558464491788,0.21681431652015093,0.08934152992902789
180000.0,60000.0,744.2041389569231,8310.074981250844,-63035.51983536729,0.3083161925631792,0.21769658213001508,0.09061961043316413
185000.0,60000.0,767.7342732233076,7558.708944954822,-64704.561108052294,0.31016072165616143,0.21843569963237833,0.0917250220237831
190000.0,60000.0,790.957591300372,6496.434024969523,-66672.54543304312,0.31113679154275103,0.21905048224164025,0.09208630930111078
195000.0,60000.0,813.8979682002546,5404.7332225573045,-68658.92093455076,0.3119543769706031,0.21955704564344608,0.092397331327157
200000.0,60000.0,836.5768644398219,4285.838431472308,-70662.29267897888,0.3126333801725566,0.21996924086724953,0.09266413930530706
205000.0,60000.0,858.7723644160775,3161.670429002901,-72652.08518052226,0.3132018484398952,0.22023713750782203,0.09296471093207315
210000.0,60000.0,879.8199051586637,1918.1146662318642,-74716.49503225414,0.3133347606241303,0.2202048240708232,0.09312993655330709
215000.0,60000.0,900.6374401395261,650.6383042415546,-76795.85525849808,0.3133815355349669,0.22011781545400236,0.09326372008096454
220000.0,60000.0,921.2408125945802,-469.11096043282305,-78719.13604891958,0.31370220261624004,0.2199836623818362,0.09371854023440385
225000.0,60000.0,941.6444433363768,-1379.6333632859896,-80425.40005070281,0.31440649965802886,0.21980890562878916,0.0945975940292397
230000.0,60000.0,961.8614868831839,-2309.5608344180364,-82143.79222016034,0.3150227830973066,0.2195992225194744,0.09542356057783219
235000.0,60000.0,981.9039674652306,-3257.642853885176,-83873.5309823273,0.31555986581456014,0.21935955005151994,0.0962003157630402
240000.0,60000.0,1001.7828978702865,-4222.734091759368,-85613.90050599867,0.31602559309654327,0.2190941887302321,0.09693140436631117
245000.0,60000.0,1021.5083836026886,-5203.78357558955,-87364.24393339253,0.3164269622971404,0.21880689042584486,0.09762007187129554
250000.0,60000.0,1041.0897144304813,-6199.825169499105,-89123.95742958601,0.31677022592120063,0.2185009329458074,0.09826929297539322
255000.0,60000.0,1060.535445067031,-7209.96918329793,-90892.48493821027,0.3170609806765513,0.218179183520935,0.09888179715561632
260000.0,60000.0,1079.853466462465,-8233.394958172823,-92669.31354750707,0.31730424461084933,0.2178441530083649,0.09946009160248442
265000.0,60000.0,1099.051068955705,-9269.344298875847,-94453.96938544647,0.3175045240997706,0.21749804229535502,0.10000648180441557
270000.0,60000.0,1118.1349983510163,-10317.115641763477,-96246.01397475123,0.31766587216581166,0.21714278212998328,0.10052309003582838
275000.0,60000.0,1137.1115058269586,-11295.808864265477,-97964.79098881499,0.31792906282656647,0.21678006739526423,0.10114899543130224
280000.0,60000.0,1155.9863924549118,-12215.320654958341,-99620.42335799802,0.3182735574560128,0.21641138667233842,0.1018621707836744
285000.0,60000.0,1174.7650489943771,-13144.840374853942,-101282.31068293277,0.3185815983515326,0.2160380477985444,0.1025435505529882
290000.0,60000.0,1193.4524915395414,-14083.846350156848,-102950.12691749708,0.31885614531059886,0.21566120001131533,0.10319494529928352
295000.0,60000.0,1212.0533935130736,-15031.852544909489,-104623.56828921748,0.31909989513505904,0.21528185317416018,0.10381804196089886
300000.0,60000.0,1230.5721144365234,-15988.40556887073,-106302.35142919327,0.3193153080112288,0.21490089450269076,0.10441441350853806
65000.0,65000.0,3.4193267326732553,-8297.609980198016,36325.36876237624,0.0034607559748724495,0.0028096357704792568,0.0006511202043931927
70000.0,65000.0,29.10797285786066,7551.729177217509,-38073.106764239055,0.027623224538895052,0.022336559066890298,0.005286665472004754
75000.0,65000.0,60.906712309682575,7591.298080206994,-39273.68869987063,0.054547238580899784,0.0435263185105752,0.011020920070324583
80000.0,65000.0,92.05437164435017,7563.154651012417,-40516.59084311724,0.07805033956475149,0.06155582693156484,0.016494512633186652
85000.0,65000.0,122.61782067012734,7474.253349693252,-41797.46665644172,0.09870547118459108,0.0770398563970642,0.021665614787526877
90000.0,65000.0,152.65507508158396,7330.627808484736,-43112.54511969704,0.11696845066296864,0.09044783629098908,0.026520614371979556
95000.0,65000.0,182.21671495161263,7137.538354967721,-44458.538528145174,0.13320590696916118,0.10214381848005538,0.0310620884891058
100000.0,65000.0,211.34703898694318,6899.592054642097,-45832.56746584869,0.1477156724102291,0.11241403816661598,0.035301634243613114
105000.0,65000.0,240.08501024356258,6620.841065330511,-47232.09933416844,0.1607418873102038,0.12148632334927847,0.03925556396092533
110000.0,65000.0,268.4650359737077,6304.86374126561,-48654.897661708994,0.17248633929242974,0.12954402092194797,0.042942318370481763
115000.0,65000.0,296.5176145806388,5954.831916386436,-50098.98005225848,0.18311708035026536,0.1367361565587707,0.046380923791494666
120000.0,65000.0,324.26987537176717,5573.567038663779,-51562.58310083514,0.19277504880909904,0.14318495906501047,0.04959008974408857
125000.0,65000.0,350.4916959593553,5097.136379772943,-53061.664762641914,0.20100214715309847,0.14846020160540938,0.052541945547689095
130000.0,65000.0,376.00796080566136,4583.327923788776,-54570.60754763201,0.20835683722354187,0.15303539308329725,0.05532144414024462
135000.0,65000.0,401.1290655851942,4028.4228208602,-56105.23573696238,0.21501942005525393,0.1571112004039506,0.05790821965130333
140000.0,65000.0,425.88449281457474,3435.4872527157713,-57663.63296705265,0.22107085156482476,0.16075312582647053,0.06031772573835423
145000.0,65000.0,450.30086329697644,2807.2897828855494,-59244.06888569653,0.22658072245901073,0.1640164529674342,0.06256426949157654
150000.0,65000.0,474.40227511058356,2146.3366115007084,-60844.97711781206,0.23160911366666678,0.1669480949740826,0.06466101869258417
155000.0,65000.0,498.2105955257807,1454.9019346811983,-62464.93629082425,0.23620810794586541,0.16958806372797647,0.06662004421788895
160000.0,65000.0,521.7457133041761,735.0541836343182,-64102.65363522855,0.24042302865690549,0.17197064661023526,0.06845238204667023
165000.0,65000.0,545.0257575137205,-11.321218573080841,-65756.95076160817,0.2442934605947882,0.17412535567271303,0.07016810492207518
170000.0,65000.0,568.0672879321779,-782.5020550534828,-67426.75128440843,0.24785409564002023,0.17607769826943356,0.07177639737058666
175000.0,65000.0,590.885461251688,-1576.9120298244525,-69111.07001864028,0.2511354367653692,0.17784980658637087,0.07328563017899833
180000.0,65000.0,710.1981586857596,7664.108503319003,-64523.24468542563,0.294227861401411,0.2077490619678872,0.0864787994335238
185000.0,65000.0,734.3955631928858,6982.138572060125,-66148.91339246242,0.2966920532343292,0.20895017227698048,0.0877418809573487
190000.0,65000.0,758.2506138016136,5985.563835367793,-68075.83510289513,0.29827093861719245,0.20999250078654005,0.0882784378306524
195000.0,65000.0,781.7899509036956,4956.154893984349,-70023.27819125979,0.29964787551359867,0.21089558966919225,0.08875228584440642
200000.0,65000.0,804.8072823707512,3872.457366558141,-72004.65164590116,0.30076091243993086,0.21161575758620912,0.08914515485372174
205000.0,65000.0,826.6707851644123,2713.7616570988903,-74016.0239643132,0.30149411962133016,0.2120045019261281,0.08948961769520206
210000.0,65000.0,848.2594734262099,1526.485236325825,-76045.25922729637,0.30209498272856283,0.212305753730978,0.08978922899758485
215000.0,65000.0,869.5927217588865,312.6430629242095,-78091.09808567236,0.3025793624486823,0.21253041647770343,0.09004894597097884
220000.0,65000.0,890.6881253523575,-755.9349633548409,-79982.39685209678,0.3032983590688219,0.21268796733308806,0.09061039173573385
225000.0,65000.0,911.5616996807938,-1617.5832331974525,-81658.11452074841,0.3043621456560557,0.21278666383886657,0.09157548181718911
230000.0,65000.0,932.2280538965433,-2500.7823947595025,-83347.30149672469,0.3053174287822806,0.2128337173680663,0.09248371141421427
235000.0,65000.0,952.7005418760239,-3404.143644893513,-85049.08977805845,0.3061746006912864,0.21283543923267018,0.0933391614586162
240000.0,65000.0,972.9913942073134,-4326.395002439385,-86762.68437652462,0.3069429345279294,0.21279736418793552,0.0941455703399939
245000.0,65000.0,993.1118338671429,-5266.369277817139,-88487.35579863572,0.3076307212512781,0.21272435518071636,0.09490636607056174
250000.0,65000.0,1013.0721778913683,-6222.993499297707,-90222.43343706106,0.3082453877096298,0.21262069247490012,0.09562469523472966
255000.0,65000.0,1032.8819269784037,-7195.279594246007,-91967.29974640376,0.3087935987562962,0.21249014971624516,0.09630344904005103
260000.0,65000.0,1052.549844664111,-8182.316154932429,-93721.38509683276,0.30928134580195055,0.21233605904057112,0.09694528676137942
265000.0,65000.0,1072.0840274572208,-9183.261144449032,-95484.16321528064,0.30971402380437435,0.212161366959612,0.09755265684476236
270000.0,65000.0,1091.4919671168525,-10197.335419847339,-97255.1471374046,0.3100964983722864,0.21196868245946554,0.09812781591282088
275000.0,65000.0,1110.7806060804323,-11143.566967635037,-98953.6356047719,0.31056711262476516,0.2117603185031107,0.09880679412165447
280000.0,65000.0,1129.956386905098,-12031.785761869804,-100589.70985116862,0.31110681006087676,0.21153832792969965,0.09956848213117711
285000.0,65000.0,1149.0252964635908,-12931.119167786557,-102232.7307298666,0.3116012991764334,0.2113045345804513,0.10029676459598214
290000.0,65000.0,1167.992905532632,-13840.987824606258,-103882.3361403789,0.312054076930906,0.21106056034700957,0.10099351658389641
295000.0,65000.0,1186.8644043246172,-14760.851950239798,-105538.18871889988,0.3124683359548999,0.21080784872757613,0.10166048722732379
300000.0,65000.0,1205.644634439458,-15690.208018296384,-107199.97376143525,0.3128469947284665,0.2105476853845724,0.10229930934389411
70000.0,70000.0,3.3408745148771004,-8639.450949547216,38806.09315653299,0.003170462173074354,0.0025441607810557263,0.0006263013920186277
75000.0,70000.0,28.48091056399784,7986.514698655781,-40439.49081334013,0.025507123346874275,0.020353572499146384,0.005153550847727891
80000.0,70000.0,59.67232751297786,7962.922061349702,-41679.54871165643,0.05059450563630929,0.03990228165571278,0.010692223980596507
85000.0,70000.0,90.29597578355128,7880.281481489335,-42956.51157406917,0.07268688015394817,0.056732283852214335,0.015954596301733834
90000.0,70000.0,120.40643172514967,7744.2688994155615,-44266.831937865274,0.09225866720264912,0.0713405775683399,0.020918089634309217
95000.0,70000.0,150.0514940371337,7559.855379861896,-45607.402887586315,0.10969216166915195,0.08411320867934707,0.02557895298980488
100000.0,70000.0,179.2732042041597,7331.413237232606,-46975.49172672962,0.12529847605667077,0.0953541857802085,0.029944290276462268
105000.0,70000.0,208.10868795803606,7062.803547635762,-48368.685282727645,0.13933307720498117,0.10530586366643839,0.03402721353854278
110000.0,70000.0,236.59085334768838,6757.448748159601,-49784.84453240025,0.1520074674007512,0.1141635831453899,0.037843884255361296
115000.0,70000.0,264.7489731375954,6418.393206309935,-51222.06674605629,0.16349807432267402,0.12208636269691533,0.041411711625758685
120000.0,70000.0,291.56572152099704,5939.8350381836935,-52746.47810113519,0.17333277145411966,0.12874407729944504,0.04458869415467462
125000.0,70000.0,317.6940711025502,5453.683394665219,-54251.635378334235,0.1821931622506312,0.13456788388560662,0.04762527836502459
130000.0,70000.0,343.3960394503073,4959.188102831948,-55748.50743573003,0.19028563262769982,0.13976232781860287,0.05052330480909695
135000.0,70000.0,368.7034384624567,4423.657600095496,-57271.026499940315,0.19763813274143757,0.14441097586731153,0.05322715687412605
140000.0,70000.0,393.6449922228726,3850.079191178753,-58817.325505513276,0.2043357650094771,0.14858409740998646,0.05575166759949063
145000.0,70000.0,418.2467027726832,3241.157088359061,-60385.71431977559,0.21045182855408928,0.15234112622355445,0.058110702330534836
150000.0,70000.0,442.5321650915182,2599.34516951791,-61974.659269051306,0.21604972805399394,0.15573260459082688,0.06031712346316706
155000.0,70000.0,466.52283933040644,1926.8752903622808,-63582.765443523575,0.22118453156435522,0.1588017310700239,0.062382800494331314
160000.0,70000.0,490.2382869152365,1225.7818391845794,-65208.76135050964,0.2259042493273337,0.1615856020359036,0.06431864729143008
165000.0,70000.0,513.6963759937994,497.9231033551332,-66851.48556040305,0.23025088935061494,0.16411621459092657,0.06613467475968837
170000.0,70000.0,536.9134607719942,-255.00007971259765,-68509.87504982037,0.23426133326741425,0.16642128203991144,0.0678400512275028
175000.0,70000.0,559.9045385304682,-1031.4279928313044,-70182.95499551957,0.23796806665863782,0.16852490104179313,0.06944316561684469
180000.0,70000.0,582.6833874966235,-1829.927700351167,-71869.82981271949,0.24139979086191737,0.1704481005705566,0.07095169029136078
185000.0,70000.0,605.2626882410474,-2680.1804229310656,-73600.67526433192,0.2445230318925565,0.17220929607873797,0.07231373581381853
190000.0,70000.0,724.5972764698074,6253.116752859962,-69321.42702946253,0.2850328187517398,0.20067243122446254,0.08436038752727726
195000.0,70000.0,748.5414752195989,5265.813422838284,-71242.55411072608,0.2869042541722284,0.20192648373876418,0.08497777043346424
200000.0,70000.0,771.3203678977118,4157.31826136203,-73239.42608664873,0.2882466681328452,0.20281071949738583,0.08543594863545939
205000.0,70000.0,793.7725237525094,3059.8424702609773,-75212.53595608688,0.2894958337989016,0.20356755259873788,0.08592828120016371
210000.0,70000.0,815.921532300702,1930.839359272999,-77205.35040045438,0.290578306438077,0.2042120852488232,0.08636622118925383
215000.0,70000.0,837.7887656240284,772.5316248989548,-79216.48023443815,0.29151300859148027,0.20475745808712695,0.08675555050435332
220000.0,70000.0,859.393632937845,-243.06217446411029,-81074.66385904007,0.292641914992554,0.20521513616928394,0.08742677882327005
225000.0,70000.0,880.75380087654,-1054.1047088398482,-82718.75294302491,0.2940756689573299,0.20559514843323015,0.08848052052409974
230000.0,70000.0,901.8853847639866,-1888.919984545384,-84377.69999034086,0.2953797899360549,0.2059062889996984,0.0894735009363565
235000.0,70000.0,922.8031152319352,-2745.976015878725,-86050.5475099242,0.29656630064096257,0.20615628702059008,0.09041001362037249
240000.0,70000.0,943.5204838152374,-3623.8696832153073,-87736.41855200956,0.2976459481693573,0.20635195049878177,0.09129399767057553
245000.0,70000.0,964.0498705548789,-4521.313462292601,-89434.50841393287,0.2986283587480376,0.2064992884812151,0.09212907026682252
250000.0,70000.0,984.4026561504559,-5437.12376035261,-91144.07735022038,0.29952217130182035,0.20660361521376674,0.0929185560880536
255000.0,70000.0,1004.589320801526,-6370.210636641306,-92864.44414790082,0.30033515307014624,0.20666963919576897,0.09366551387437727
260000.0,70000.0,1024.6195315452537,-7319.568719293631,-94594.98044955853,0.30107429995622453,0.20670153954917364,0.09437276040705089
265000.0,70000.0,1044.5022196226387,-8284.269159245596,-96335.10572452849,0.3017459238518841,0.2067030316952749,0.09504289215660919
270000.0,70000.0,1064.2456491767146,-9263.452485621674,-98084.28280351355,0.30235572881894507,0.20667742398974154,0.09567830482920353
275000.0,70000.0,1083.8574783949605,-10176.0722469241,-99761.76390432756,0.30303957930060177,0.2066276666881918,0.09641191261240997
280000.0,70000.0,1103.3448140480075,-11031.889339007204,-101377.5870868795,0.3037799418399289,0.2065563943869486,0.09722354745298031
285000.0,70000.0,1122.714260242028,-11899.966934829077,-103001.07308426817,0.3044660750046504,0.20646596289692276,0.09800011210772763
290000.0,70000.0,1141.971962088592,-12779.665942786436,-104631.82246424153,0.3051020300059306,0.20635848135488377,0.09874354865104684
295000.0,70000.0,1161.1236448995937,-13670.390930442256,-106269.46308152641,0.30569151104175457,0.20623584024941208,0.0994556707923425
300000.0,70000.0,1180.1746494332633,-14571.586458940626,-107913.6477868379,0.30623790939987644,0.20609973593359066,0.10013817346628578
75000.0,75000.0,3.2731656441717973,-9132.409226993863,41136.11923312883,0.0029314034617340533,0.0023225344344868382,0.0006088690272472151
80000.0,75000.0,27.93687648551861,8429.935154493935,-42800.478028441285,0.023686900004026866,0.01868110664635265,0.005005793357674215
85000.0,75000.0,58.59614849868677,8350.999443863431,-44075.12534758536,0.04716900378391907,0.036815520297855495,0.010353483486063575
90000.0,75000.0,88.75594908732421,8220.118705081724,-45382.23830932392,0.06800721067620803,0.05258772791282142,0.015419482763386609
95000.0,75000.0,118.46139816475682,8041.985409134708,-46718.88411929081,0.08659885009759749,0.06640499228760462,0.020193857809992874
100000.0,75000.0,147.75233994236442,7820.743354005914,-48082.472903746304,0.1032677644758461,0.07858845461522594,0.024679309860620155
105000.0,75000.0,176.66409211473785,7560.065579932736,-49470.709012542036,0.11828026896663814,0.08939446489010128,0.02888580407653686
110000.0,75000.0,205.22807090342383,7263.21937395609,-50881.550391277444,0.13185716546584345,0.09902991432183327,0.03282725114401018
115000.0,75000.0,232.63974708263868,6846.533696594415,-52367.29143962849,0.14366873725004853,0.10727951161981848,0.036389225630230046
120000.0,75000.0,259.3801813994388,6360.038865541632,-53896.66320903648,0.15419880453607887,0.11453219517654648,0.039666609359532395
125000.0,75000.0,285.66301331542036,5889.9533848037245,-55391.77913449767,0.16382379297591754,0.12100026630284007,0.04282352667307747
130000.0,75000.0,311.52238411033875,5411.82794747522,-56878.420032827984,0.17262352248737348,0.126789737122645,0.045833785364728485
135000.0,75000.0,336.9891211487691,4892.868599471985,-58390.58212533001,0.1806381327382239,0.13198935178012106,0.04864878095810285
140000.0,75000.0,362.0911304347827,4335.977565217414,-59926.451521739116,0.1879565842378284,0.1366738682283376,0.0512827160094908
145000.0,75000.0,386.8537346572556,3743.788404354593,-61484.38224727838,0.19465563099931094,0.14090663053835203,0.0537490004609589
150000.0,75000.0,411.2999653566367,3118.6963970902143,-63062.877251818616,0.2008017782064304,0.1447416028162821,0.05606017539014829
155000.0,75000.0,435.45081631675225,2462.8848969422397,-64660.5719394111,0.20645288227383776,0.14822499049822677,0.058227891775610996
160000.0,75000.0,459.3254640554211,1778.3482617638074,-66276.21983639762,0.21165946627157273,0.15139654249944154,0.06026292377213119
165000.0,75000.0,482.94146029230023,1066.911870399228,-67908.68008100048,0.21646580730000917,0.15429060440391987,0.0621752028960893
170000.0,75000.0,506.3149004628507,330.2496481364651,-69556.90646991471,0.2209108400170181,0.156936975895116,0.06397386412190212
175000.0,75000.0,529.4605716858248,-430.1005446742056,-71219.93784042138,0.22502891108319995,0.1593616131118919,0.06566729797130805
180000.0,75000.0,552.3920830487825,-1212.7233629266266,-72896.88960182914,0.228850412047362,0.16158720730033466,0.06726320474702735
185000.0,75000.0,575.121980628632,-2047.3140146222722,-74617.94625913892,0.23234634009912528,0.16363366413893798,0.06871267596018729
190000.0,75000.0,597.5133663835475,-3196.1098961110692,-76640.00618506942,0.23504217389815169,0.16547738145727864,0.06956479244087305
195000.0,75000.0,619.1448912862456,-4423.931306230457,-78711.45706639404,0.23730856490872873,0.16702047242682644,0.07028809248190229
200000.0,75000.0,737.0166290201374,4357.229418094299,-74527.29411369107,0.27542717204860434,0.1937909058728947,0.08163626617570965
205000.0,75000.0,760.077580180369,3323.0683387583704,-76460.83228827603,0.2772069909726096,0.1949262895256514,0.08228070144695818
210000.0,75000.0,782.8060817821404,2254.332505342609,-78415.97968416088,0.27878473175267304,0.19592381862435887,0.08286091312831417
215000.0,75000.0,805.2255717349523,1153.4594604350277,-80391.21283722811,0.2801824739633611,0.19679894028227293,0.08338353368108817
220000.0,75000.0,827.3573353510433,192.66287650848972,-82215.1482021822,0.2817328703874364,0.19756516889042383,0.08416770149701255
225000.0,75000.0,849.2207469236157,-566.0423199439538,-83826.52644996496,0.2835470695618518,0.1982343594118799,0.08531271014997188
230000.0,75000.0,870.8334794855132,-1350.8181335066329,-85454.19883344165,0.28520986655862923,0.1988169374143705,0.08639292914425872
235000.0,75000.0,892.2116875329649,-2159.9844965716475,-87097.11531035727,0.2867349656635889,0.19932209341527973,0.08741287224830918
240000.0,75000.0,913.3701666940585,-2992.002663817897,-88754.3141648862,0.2881346340208269,0.19975794766277083,0.08837668635805607
245000.0,75000.0,934.3224936658966,-3845.4606587467715,-90424.91291171673,0.28941987478741893,0.20013169032734102,0.08928818446007791
250000.0,75000.0,955.0811492077447,-4719.060482394532,-92108.10030149658,0.29060057669777256,0.20044970116240748,0.09015087553536508
255000.0,75000.0,975.6576265363982,-5611.606840214576,-93803.12927513411,0.2916856436181017,0.2007176519595065,0.09096799165859518
260000.0,75000.0,996.0625271058916,-6521.997180987266,-95509.31073811704,0.2926831070736712,0.2009405945341722,0.09174251253949897
265000.0,75000.0,1016.3056454519584,-7449.212872996344,-97226.00804562272,0.29360022424229976,0.2011230365023437,0.09247718773995606
270000.0,75000.0,1036.3960445306025,-8392.311368817347,-98952.63210551084,0.29444356350578765,0.20126900672081133,0.09317455678497633
275000.0,75000.0,1056.3421227705437,-9270.16923186346,-100608.38701991466,0.29534646285407645,0.20138211195050768,0.09396435090356878
280000.0,75000.0,1076.15167388364,-10092.475916101466,-102203.26619756343,0.29629295279316914,0.20146558604408518,0.09482736674908396
285000.0,75000.0,1095.8319403296905,-10928.228205712177,-103806.5488785701,0.297175925836184,0.2015223327479591,0.09565359308822491
290000.0,75000.0,1115.389661207421,-11776.725234428188,-105417.79702151762,0.2980000045356726,0.201554963034938,0.0964450415007346
295000.0,75000.0,1134.831115238002,-12637.3140152478,-107036.60250952988,0.2987694203956226,0.2015658277396678,0.0972035926559548
300000.0,75000.0,1154.1621594179387,-13509.385420534396,-108662.584637834,0.29948805202545853,0.20155704614974546,0.09793100587571307
80000.0,80000.0,3.214134727776127,-9626.27001168872,43465.58124269455,0.0027251753765589206,0.0021349829574927007,0.0005901924190662199
85000.0,80000.0,27.46040413751456,8880.382030301516,-45157.07373106155,0.02210520554434393,0.017253165810627292,0.0048520397337166385
90000.0,80000.0,57.649592125353934,8752.55758103681,-46462.276511852,0.044172677971242975,0.03415727166626868,0.010015406304974293
95000.0,80000.0,87.39599192669266,8578.683160376037,-47796.26052476498,0.06388910245229702,0.048990897117287074,0.014898205335009948
100000.0,80000.0,116.73733088178744,8362.6824117059,-49156.57349268381,0.08159060760555036,0.06209178435674632,0.01949882324880404
105000.0,80000.0,145.70716866925216,8108.045541602216,-50541.03403649862,0.09755396749993384,0.07372983506676571,0.023824132433168124
110000.0,80000.0,173.7137726442802,7753.232355005137,-51988.10477812179,0.11160951600052599,0.08382313367639073,0.02778638232413526
115000.0,80000.0,201.06629169632754,7330.394336418074,-53477.691039738704,0.12417027010135129,0.09271972587181221,0.03145054422953908
120000.0,80000.0,227.92998718053343,6856.718666775472,-54999.050833265326,0.13550199306491068,0.10064501319068424,0.03485697987422644
125000.0,80000.0,254.3413297582208,6399.998294854973,-56485.81356571564,0.14586124002522768,0.10773312328881009,0.0381281167364176
130000.0,80000.0,280.3332500746652,5935.658007765189,-57963.83874514676,0.1553407253107127,0.11409574687613562,0.04124497843457707
135000.0,80000.0,305.9355580968821,5430.798042075738,-59467.18872370267,0.16399232047746198,0.11982652692776559,0.044165793549696394
140000.0,80000.0,331.1753042229932,4888.2316391912755,-60994.10522550545,0.17190859906160802,0.12500447010536603,0.04690412895624199
145000.0,80000.0,356.077091382867,4310.517503818177,-62542.98906011364,0.17916955349788893,0.12969662346186073,0.049472930036028206
150000.0,80000.0,380.66334571826826,3699.9879546999,-64112.38252831256,0.1858445979978589,0.13396019312789278,0.05188440486996612
155000.0,80000.0,404.95455211704257,3058.7734201724234,-65700.95411239224,0.19199420770785716,0.13784423496429926,0.0541499727435579
160000.0,80000.0,428.9694598126067,2388.823820511112,-67307.48511218056,0.19767126801353657,0.14139101385775937,0.0562802541557772
165000.0,80000.0,452.725262395233,1691.9272891042347,-68930.85794430986,0.20292219133594036,0.14463710430163992,0.05828508703430044
170000.0,80000.0,476.2377558750262,969.7266110027267,-70570.0458681233,0.2077878462632581,0.14761428736499704,0.060173558898261065
175000.0,80000.0,499.52147785651766,223.7336970778415,-72224.10393932635,0.21230433432807855,0.15035028622015537,0.06195404810792318
180000.0,80000.0,522.5898304067987,-544.6576376929297,-73892.16102355809,0.21650364241334596,0.15286937277037832,0.06363426964296764
185000.0,80000.0,545.3196760984717,-1379.253685758944,-75613.22105359934,0.22030636142097845,0.1551543146195122,0.06515204680146625
190000.0,80000.0,567.3249305157194,-2568.2072263651644,-77660.37951647822,0.2231670327010516,0.15711689347701055,0.06605013922404104
195000.0,80000.0,589.1143040460615,-3779.612379209604,-79721.570237006,0.225798309939929,0.15891942380524995,0.06687888613467904
200000.0,80000.0,610.6995273062879,-5012.24916014605,-81796.03072509129,0.22822177567555874,0.1605771294063984,0.06764464626916034
205000.0,80000.0,632.0914961364388,-6219.984401810361,-83838.05275113147,0.23052933836277179,0.16210351837157885,0.06842581999119293
210000.0,80000.0,748.9131218705247,2496.964674534567,-79677.1470784159,0.26671425867235077,0.18744095385758497,0.0792733048147658
215000.0,80000.0,771.9031400916581,1455.4265695324284,-81615.29589404224,0.2685877585643247,0.18865486306314141,0.0799328955011833
220000.0,80000.0,794.5792325919522,551.2401895630173,-83403.84988152311,0.27057122525346916,0.18973806549650776,0.0808331597569614
225000.0,80000.0,816.9625378220205,-153.3960665098857,-84981.43504156868,0.27277634746962115,0.1907042967748158,0.08207205069480536
230000.0,80000.0,839.0723380611238,-886.4768416431325,-86576.79802602695,0.274807658650004,0.19156566261208285,0.08324199603792115
235000.0,80000.0,860.9262587791134,-1646.1690869721933,-88188.79317935763,0.27668059575916554,0.19233285841673925,0.08434773734242629
240000.0,80000.0,882.5404428437765,-2430.7939442472416,-89816.37121515453,0.27840899208233816,0.1930153556799027,0.08539363640243547
245000.0,80000.0,903.9297032001955,-3238.810867179651,-91458.56929198728,0.2800052693694219,0.19362156071909412,0.08638370865032777
250000.0,80000.0,925.107657063235,-4068.803665423562,-93114.50229088972,0.2814806038974864,0.1941589503208223,0.0873216535766641
255000.0,80000.0,946.0868441830203,-4919.468204965873,-94783.35512810366,0.28284507040016243,0.19463418800745774,0.08821088239270469
260000.0,80000.0,966.8788313460254,-5789.601540013362,-96464.37596250835,0.2841077671542905,0.19505322399556696,0.08905454315872352
265000.0,80000.0,987.4943049451801,-6678.092285701248,-98156.87017856329,0.2852769249756214,0.1954213813808184,0.089855543594803
270000.0,80000.0,1007.9431531785165,-7583.9120694343,-99860.19504339644,0.28636000243281423,0.19574343065267494,0.0906165717801393
275000.0,80000.0,1028.2345392071816,-8425.857922453099,-101493.50495153318,0.28748776328518916,0.19602365429005825,0.09146410899513091
280000.0,80000.0,1048.3769664119955,-9213.545493152458,-103066.74718322029,0.28864584292059753,0.19626590290110943,0.0923799400194881
285000.0,80000.0,1068.3783367265771,-10015.902980435989,-104649.1581127725,0.28973085167103396,0.1964736441335602,0.09325720753747377
290000.0,80000.0,1088.2460028891196,-10832.165699531557,-106240.25981220722,0.2907480005201321,0.1966500053871722,0.09409799513295991
295000.0,80000.0,1107.986815339843,-11661.62120465633,-107839.6070029102,0.2917020640165043,0.1967978111983435,0.09490425281816078
300000.0,80000.0,1127.6071643934845,-12503.604903077605,-109446.7843144235,0.2925974226052129,0.19691961603303687,0.095677806572176
85000.0,85000.0,3.162213914048891,-10120.87024706108,45794.58109558682,0.002545533860142302,0.001974390321436799,0.000571143538705503
90000.0,85000.0,27.039643911020903,9336.62296674616,-47510.04814578365,0.020718507085730302,0.016020936641140866,0.004697570444589436
95000.0,85000.0,56.810569648837145,9165.299243479065,-48842.43797282559,0.0415302375389524,0.031845862853472594,0.009684374685479807
100000.0,85000.0,86.1862664350806,8952.871709248371,-50200.517681719764,0.06023771309978752,0.04584188305126827,0.01439583004851925
105000.0,85000.0,114.78779820592206,8659.931013415888,-51608.91811661507,0.0768528085326288,0.05808420756984885,0.01876860096277995
110000.0,85000.0,142.75240199321638,8300.749807294516,-53058.71887044093,0.09171711748498489,0.06888316045847641,0.022833957026508478
115000.0,85000.0,170.19696104564662,7887.483948747249,-54542.322532032966,0.10510664142244737,0.07848464026084233,0.02662200116160504
120000.0,85000.0,197.16027540610276,7424.1686422346975,-56057.207098603314,0.11720972128864003,0.0870583057735585,0.030151415515081534
125000.0,85000.0,223.67737900056147,6978.447416058392,-57537.095364963505,0.12827588775142898,0.09474458072422857,0.033531307027200405
130000.0,85000.0,249.77998575898164,6525.61851893409,-59007.92592566619,0.13841028185406215,0.10166055586446139,0.03674972598960076
135000.0,85000.0,275.4968737887307,6032.674874027987,-60503.82820373251,0.1476761050527943,0.10790453313408752,0.03977157191870678
140000.0,85000.0,300.8542174090975,5502.3386105461395,-62023.10086840866,0.15616933502309005,0.11355956059110558,0.042609774431984465
145000.0,85000.0,325.87587511978404,4937.091012457531,-63564.19311721405,0.16397301723116373,0.11869620847152482,0.04527680875963891
150000.0,85000.0,350.58364017866427,4339.1985785810975,-65125.688388386814,0.17115931020542988,0.12337476847737298,0.04778454172805689
155000.0,85000.0,374.99745933291285,3710.7357706229377,-66706.29014336066,0.17779116130610345,0.12764701032515166,0.05014415098095179
160000.0,85000.0,399.1356243276156,3053.6049300720333,-68304.80941870497,0.18392368772518308,0.1315575953008038,0.052366092424379285
165000.0,85000.0,423.01494006422763,2369.553766679659,-69920.1538958252,0.1896053207888723,0.13514522181403651,0.05446009897483578
170000.0,85000.0,446.65087266425303,1660.1907570823096,-71551.31827682356,0.1948787590181418,0.13844355987304283,0.05643519914509898
175000.0,85000.0,470.0576801849654,926.9987392364128,-73197.37578797725,0.19978176577251214,0.14148201806868446,0.058299747703827676
180000.0,85000.0,493.1259858133958,158.60252459318144,-74865.43592212925,0.2042970717860399,0.14425053026651394,0.06004654151952596
185000.0,85000.0,515.5049697451933,-712.4831464999006,-76609.30196656243,0.2082613724696911,0.146671436534274,0.06158993593541709
190000.0,85000.0,537.6542844753014,-1886.4544145686668,-78647.09650910541,0.2114955730506814,0.14889980397049316,0.06259576908018824
195000.0,85000.0,559.5864098551423,-3083.013375065202,-80699.00835941575,0.21448072936413415,0.15095398161724907,0.06352674774688508
200000.0,85000.0,581.3129376421875,-4300.954485212511,-82764.28405325781,0.21723984532468363,0.15285022935111423,0.0643896159735694
205000.0,85000.0,602.8446491175232,-5494.156491777569,-84797.22280736099,0.21986275554417856,0.15460299537448072,0.06525976016969784
210000.0,85000.0,624.1915847029197,-6706.575190896343,-86842.17199431022,0.22229654004158442,0.1562251516362403,0.06607138840534413
215000.0,85000.0,645.3631065232667,-7937.2369215802755,-88898.52307598767,0.22455748815921536,0.15772819433367424,0.06682929382554112
220000.0,85000.0,761.0593246605711,832.6697646993853,-84640.76889706288,0.259156979590652,0.18173382598753557,0.07742315360311641
225000.0,85000.0,783.9791735717553,183.83405146253062,-86183.47871783591,0.2617635026806383,0.183004960522038,0.07875854215860031
230000.0,85000.0,806.6019604908184,-495.89610895488295,-87745.4975680968,0.2641731662101791,0.1841524645928354,0.0800207016173437
235000.0,85000.0,828.9468289703801,-1204.5297870804789,-89325.5811169253,0.26640319092769216,0.1851885820249685,0.08121460890272367
240000.0,85000.0,851.0313122643915,-1940.243524503283,-90922.58970281456,0.2684690223538912,0.18612417455017732,0.08234484780371387
245000.0,85000.0,872.8714991577765,-2701.364087591239,-92535.47755474452,0.27038454249404675,0.1869688996564745,0.08341564283757225
250000.0,85000.0,894.4821797169266,-3486.3533094396407,-94163.28331839977,0.27216225290096185,0.18773136268901125,0.0844308902119506
255000.0,85000.0,915.8769737413921,-4293.794730895199,-95805.1217068095,0.2738134334163285,0.18841924733962268,0.08539418607670585
260000.0,85000.0,937.068444265655,-5122.38179637189,-97460.17612273243,0.2753482801980825,0.18903942793335787,0.08630885226472462
265000.0,85000.0,958.0681981023042,-5970.907397360366,-99127.69212335022,0.27677602605184914,0.18959806633069912,0.08717795972115003
270000.0,85000.0,978.8869751204563,-6838.254587472533,-100806.97161717033,0.27810504560002475,0.19010069578533234,0.0880043498146924
275000.0,85000.0,999.534727704874,-7643.138318693091,-102417.11769918317,0.2794634805939398,0.19055229370684346,0.08891118688709632
280000.0,85000.0,1020.0206916330744,-8395.098070160253,-103968.03004385016,0.2808386122222142,0.19095734495802144,0.08988126726419274
285000.0,85000.0,1040.3534494326882,-9162.991259000439,-105528.90078687528,0.2821308525092004,0.19131989705372604,0.09081095545547435
290000.0,85000.0,1060.5409871336874,-9945.9873380965,-107099.2108363103,0.283346017959309,0.19164360841158637,0.09170240954772266
295000.0,85000.0,1080.5907452051167,-10743.31249866786,-108678.47656166741,0.2844894419043997,0.19193179062543916,0.09255765127896051
300000.0,85000.0,1100.509664359901,-11554.244906570297,-110266.24681660644,0.28556602113913954,0.19218744558346493,0.09337857555567461
90000.0,90000.0,3.1161915841133805,-10616.0839247478,48123.19754703263,0.002387710342207261,0.0018354623983269426,0.0005522479438803186
95000.0,90000.0,26.665364200908925,9797.697876894526,-49860.001326940925,0.019493184387548084,0.014947597542659482,0.0045455868448886026
100000.0,90000.0,55.86182376756369,9566.62967182661,-51229.73145510837,0.03904321016012516,0.02971252031333939,0.00933068984678577
105000.0,90000.0,84.43851229010511,9271.10527817093,-52639.74670114317,0.05653333297821438,0.04272705070925096,0.013806282268963424
110000.0,90000.0,112.4639349107598,8918.249230719026,-54085.594230800605,0.072257053380608,0.05426788737759836,0.017989166003009642
115000.0,90000.0,139.9792210539847,8512.338989614422,-55564.60063149099,0.08644540832881689,0.06455002921860882,0.02189537911020807
120000.0,90000.0,167.02150792645773,8057.236824351596,-57074.35198478025,0.0992925392954819,0.07375019880588127,0.025542340489600635
125000.0,90000.0,193.62441342108104,7620.438995792414,-58548.66312762974,0.11104092703928066,0.08201483739448222,0.029026089644798442
130000.0,90000.0,219.8184433544683,7177.118108864699,-60013.55118195956,0.12180772854543698,0.0894661959114645,0.03234153263397248
135000.0,90000.0,245.63134343532772,6694.159717274073,-61503.212676703704,0.1316671204960085,0.09620702794912056,0.03546009254688795
140000.0,90000.0,271.0884045212998,6174.1940702151915,-63016.0037061155,0.1407183061322831,0.10232424316300043,0.03839406296928266
145000.0,90000.0,296.21272824028586,5619.623736989743,-64550.42266438141,0.14904722472622722,0.10789177851905847,0.04115544620716875
150000.0,90000.0,321.025458853219,5032.647720734763,-66105.09517454077,0.15672863704563275,0.11297287472163306,0.04375576232399969
155000.0,90000.0,345.545986259998,4415.282571039803,-67678.76089310012,0.16382783577018192,0.11762189577073064,0.04620593999945129
160000.0,90000.0,369.79212425342894,3769.3809223566204,-69270.26192352711,0.1704020564413298,0.12188579435852478,0.04851626208280502
165000.0,90000.0,393.78026747198805,3096.6478170867485,-70878.53261432078,0.1765016477267161,0.1258053003645977,0.050696347362118394
170000.0,90000.0,417.5255299631318,2398.655116165697,-72502.59055239643,0.18217104704678477,0.12941589112135413,0.05275515592543065
175000.0,90000.0,440.9322955283201,1665.4587349452777,-74148.6507906592,0.1874030279690609,0.13271560838758448,0.05468741958147641
180000.0,90000.0,463.6850089746673,864.2409333653923,-75837.22441664663,0.19209997503651088,0.1356383770993154,0.05646159793719549
185000.0,90000.0,486.19426490454134,6.703550072299549,-77572.62278120482,0.19641999755300413,0.1383319569227865,0.058088040630217636
190000.0,90000.0,508.47329240399665,-1153.7775899843546,-79601.98599374022,0.200016727222584,0.1408183208975513,0.059198406325032704
195000.0,90000.0,530.5343791479364,-2336.9245686146023,-81645.51535538412,0.20334553982798415,0.14311690832153667,0.06022863150644747
200000.0,90000.0,552.3889536774893,-3541.548817541101,-83702.46801096319,0.20643079327063785,0.14524496668367065,0.061185826586967196
205000.0,90000.0,574.0476591965797,-4721.543443555711,-85727.15215222232,0.20936023957316546,0.14721784083082867,0.06214239874233679
210000.0,90000.0,595.5204198903298,-5920.876331405714,-87763.92270712857,0.21208573154464805,0.1490492185089676,0.06303651303568045
215000.0,90000.0,616.816500634706,-7138.583933990565,-89812.1774587441,0.21462454645707746,0.15075133966744708,0.06387320678963038
220000.0,90000.0,637.9445608531992,-8203.76567126729,-91701.35354454206,0.21723376901102343,0.15233517553115464,0.06489859347986879
225000.0,90000.0,658.9127031791284,-9055.578869370656,-93370.92429335666,0.22000494778341187,0.15381058234416095,0.06619436543925092
230000.0,90000.0,773.4223467745965,-179.07593544197152,-88960.29745965124,0.25330638923915433,0.176577343356628,0.07672904588252633
235000.0,90000.0,796.2733981067651,-835.0665968964458,-90507.47912306027,0.2559027511691689,0.17788926423996743,0.07801348692920146
240000.0,90000.0,818.8427749559031,-1520.3514045860793,-92072.9696278663,0.25831472483548573,0.17908440427359468,0.07923032056189105
245000.0,90000.0,841.147881538639,-2233.1203199815354,-93655.63769998847,0.2605576941612933,0.18017370713948208,0.08038398702181124
250000.0,90000.0,863.2047171688195,-2971.7094144427683,-95254.44338402673,0.2626455237081989,0.18116693826697428,0.0814785854412246
255000.0,90000.0,885.0280152115138,-3734.586418002553,-96868.4290112516,0.2645907326665999,0.1820728299560013,0.08251790271059858
260000.0,90000.0,906.6313658647803,-4520.337950062851,-98496.71121878928,0.2664046462050471,0.18289920634754495,0.08350543985750217
265000.0,90000.0,928.0273249233296,-5327.658207973713,-100138.47387998356,0.26809752747098264,0.1836530913519856,0.08444443611899705
270000.0,90000.0,949.2275103564216,-6155.338922932162,-101792.9618268326,0.26967869300741903,0.18434080211878343,0.08533789088863561
275000.0,90000.0,970.2426882636216,-6922.010420583363,-103379.22526286461,0.2712736147803286,0.1849680302008635,0.08630558457946508
280000.0,90000.0,991.0828495468759,-7637.133647124923,-104907.11477945308,0.2728712606980188,0.18553991221482102,0.08733134848319779
285000.0,90000.0,1011.7572784480233,-8369.49304140557,-106445.77690087848,0.27437592835068303,0.18606109150845657,0.08831483684222646
290000.0,90000.0,1032.2746139411247,-9118.190150123031,-107994.6500938269,0.27579405685320346,0.1865357721081806,0.08925828474502287
295000.0,90000.0,1052.6429048338223,-9882.38789728249,-109553.21118580156,0.2771315540593084,0.18696776602095463,0.09016378803835376
300000.0,90000.0,1072.8696593171878,-10661.305431012472,-111120.9721443828,0.2783938476272383,0.18736053480102954,0.09103331282620875
95000.0,95000.0,3.064150670794561,-10770.67166976264,50537.20520639835,0.0022399864320994927,0.00170807249776293,0.0005319139343365627
100000.0,95000.0,26.12462258699395,9901.460749047372,-52305.774531845396,0.01825914481886674,0.013895507288201029,0.004363637530665711
105000.0,95000.0,54.73090877587276,9609.014512690774,-53713.86592956827,0.03664347708301907,0.02769459398568938,0.00894888309732969
110000.0,95000.0,82.79816670186676,9260.509336994146,-55156.99416437866,0.053197067628307546,0.03995308886545666,0.013243978762850883
115000.0,95000.0,110.36563685235399,8860.0262326448,-56632.608604597,0.06815727699679233,0.05089401862582391,0.01726325837096842
120000.0,95000.0,137.46884108318056,8411.259472650767,-58138.40032959327,0.08172378799960431,0.06070089107303921,0.021022896926565095
125000.0,95000.0,164.14001292020578,7981.561343701411,-59608.274160186615,0.0941320305475216,0.06952592512341323,0.024606105424108377
130000.0,95000.0,190.40846946155784,7545.980824002007,-61068.324484998746,0.10551081523002746,0.07749632456717861,0.028014490662848848
135000.0,95000.0,216.3009339228156,7071.297127972823,-62552.814295016986,0.11594497970782366,0.0847191148503089,0.03122586485751476
140000.0,95000.0,241.84181630190722,6560.048895398359,-64060.15694037602,0.12553679970950304,0.09128491077276484,0.03425188893673821
145000.0,95000.0,267.05345837352513,6014.559670846618,-65588.90020572086,0.13437497119241468,0.09727087946137196,0.03710409173104272
150000.0,95000.0,291.95634819238035,5436.960212007572,-67137.71236749526,0.14253673429039046,0.10274309105061975,0.03979364323977071
155000.0,95000.0,316.56930844263036,4829.208078033553,-68705.36995122903,0.1500896168256931,0.10775839883098622,0.04233121799470689
160000.0,95000.0,340.9096622797234,4193.104877091246,-70290.74695181797,0.15709287381516066,0.11236595445441049,0.04472691936075017
165000.0,95000.0,364.99337974129844,3530.3114930950396,-71892.8053168156,0.16359868245115888,0.11660843765542454,0.04699024479573434
170000.0,95000.0,388.73860524324436,2832.314945297432,-73516.8656591891,0.1696109906163626,0.12049311814601886,0.04911787247034373
175000.0,95000.0,411.8650482041413,2069.965013230685,-75181.14686673082,0.17504899942880664,0.1239666973826454,0.05108230204616124
180000.0,95000.0,434.73424533378136,1280.861514713266,-76862.14905330421,0.18010596862038808,0.12716962240586752,0.05293634621452056
185000.0,95000.0,457.360174952851,435.4581950965221,-78589.96362806467,0.18477117261495987,0.13012808374487456,0.054643088870085316
190000.0,95000.0,479.7558206536851,-712.8946520167519,-80611.74665751046,0.1887202150961603,0.13286520671689794,0.055855008379262355
195000.0,95000.0,501.9332582374557,-1883.9411433046043,-82647.71321456537,0.19238317697306834,0.13540147241366488,0.05698170455940346
200000.0,95000.0,523.9037336902398,-3076.5116962150496,-84697.1323101344,0.19578570973066234,0.1377550724696733,0.05803063726098903
205000.0,95000.0,545.6777332573928,-4244.515741231153,-86714.32233826947,0.1990134775994054,0.13994220931419987,0.059071268285205536
210000.0,95000.0,567.265046534874,-5431.935160373105,-88743.64697523319,0.2020230009849427,0.14197735132079403,0.06004564966414866
215000.0,95000.0,588.674823376122,-6637.818368883309,-90784.51148055207,0.2048325018020626,0.14387345046886854,0.06095905133319407
220000.0,95000.0,609.9156253103652,-7691.274967722013,-92666.35935482626,0.20768931690190356,0.14564212870878102,0.06204718819312255
225000.0,95000.0,630.9954720801904,-8531.4709036602,-94328.66931478762,0.2106836386926239,0.14729383808950236,0.06338980060312155
230000.0,95000.0,651.921883830455,-9387.624081632675,-96000.95255102043,0.213513327029852,0.14883799880219728,0.06467532822765473
235000.0,95000.0,672.7019194153577,-10259.000380802783,-97682.75023800174,0.2161899070149384,0.15028311856472049,0.06590678845021791
240000.0,95000.0,785.9748309183119,-1511.1175844955724,-93352.51099030973,0.24794609952712207,0.17189604485015486,0.07605005467696721
245000.0,95000.0,808.7588503427828,-2174.079564350599,-94904.04972771913,0.2505247243711616,0.17323598316811678,0.0772887412030448
250000.0,95000.0,831.2752694189135,-2864.871980433003,-96472.98248777063,0.25293041631919755,0.17446567705471133,0.07846473926448622
255000.0,95000.0,853.5399685933854,-3581.843266287935,-98058.27704142996,0.2551769681509766,0.17559493585659366,0.07958203229438296
260000.0,95000.0,875.5675961434013,-4323.470001086258,-99658.9812506789,0.25727686517518444,0.17663255923812815,0.0806443059370563
265000.0,95000.0,897.3716854082575,-5088.344717541244,-101274.21544846328,0.25924142923302224,0.17758645644467808,0.08165497278834416
270000.0,95000.0,918.9647588864132,-5875.165075813013,-102903.16567238313,0.2610809446549974,0.17846374965302836,0.08261719500196907
275000.0,95000.0,940.3584208834234,-6602.47422812396,-104464.82764257747,0.2629181658443552,0.1792708637721181,0.08364730207223708
280000.0,95000.0,961.5634401534008,-7279.652224046295,-105969.00139002893,0.2647437883480117,0.18001360467150834,0.08473018367650337
285000.0,95000.0,982.5898237725833,-7975.4083276513265,-107484.78645478208,0.26646607919548226,0.18069722749775194,0.08576885169773033
290000.0,95000.0,1003.4468833114313,-8688.774135611136,-109011.57758475696,0.26809211720181536,0.1813264964769548,0.08676562072486055
295000.0,95000.0,1024.1432942259612,-9418.847400500032,-110548.81087531251,0.26962840048123105,0.18190573738489016,0.08772266309634089
300000.0,95000.0,1044.687149265345,-10164.786476404115,-112095.96029775258,0.2710809020695093,0.18243888368573077,0.08864201838377853
100000.0,100000.0,3.0021173590141643,-10764.220205337479,52991.86237166407,0.0020982540681281792,0.0015883572368720906,0.0005098968312560886
105000.0,100000.0,25.617112349748822,9848.67968437387,-54789.38769726633,0.01715118733301495,0.012962611830864298,0.004188575502150653
110000.0,100000.0,53.70976577825013,9502.815640938003,-56230.86522441375,0.0345080350956818,0.02591689080276351,0.008591144292918292
115000.0,100000.0,81.31326874527997,9106.07994950912,-57704.1375315568,0.050215729636941396,0.03749680726787413,0.012718922369067263
120000.0,100000.0,108.46158248594315,8662.004578538093,-59206.99713841369,0.06447927620062929,0.04789241439887439,0.0165868618017549
125000.0,100000.0,135.1855954877882,8237.80193072997,-60673.436293293766,0.07752707202617067,0.05726150146105524,0.020265570565115423
130000.0,100000.0,161.51346332433127,7808.400185730454,-62129.62488391847,0.08949926037515826,0.06573604530904814,0.02376321506611012
135000.0,100000.0,187.4709043635288,7340.474053807004,-63609.891216370626,0.10049106033907852,0.07342718678936683,0.027063873549711695
140000.0,100000.0,213.08145789383127,6836.471620958444,-65112.705236900976,0.11060768857290394,0.0804291092773092,0.03017857929559474
145000.0,100000.0,238.3667101247629,6298.637852975342,-66636.6638418904,0.11994047933820387,0.08682209048841213,0.033118388849791736
150000.0,100000.0,263.34649263183167,5729.035233710485,-68180.47797893095,0.1285690456089535,0.09267492499428309,0.0358941206146704
155000.0,100000.0,288.0390570874588,5129.561937095714,-69742.96128931518,0.13656305445960565,0.09804686292940651,0.03851619153019914
160000.0,100000.0,312.4612295194652,4501.967870024382,-71323.02008123476,0.14398369401673244,0.10298917329056177,0.04099452072617067
165000.0,100000.0,336.54491495816853,3839.1711556495284,-72925.08052771905,0.15084740636068014,0.10751969463655824,0.043327711724121906
170000.0,100000.0,360.0450874336152,3115.689093095978,-74565.06931681502,0.15709168866302506,0.1115992975045182,0.045492391158506854
175000.0,100000.0,383.27422576302115,2364.019479354203,-76222.67532540363,0.1628974588137746,0.11536118485145691,0.04753627396231769
180000.0,100000.0,406.2470575017054,1585.6939801773697,-77896.94126238914,0.16830401693878613,0.11883647414599514,0.04946754279279099
185000.0,100000.0,428.97726215943396,751.1352645811276,-79617.9779596368,0.17330462094240018,0.12205257945925109,0.05125204148314909
190000.0,100000.0,451.4775627974218,-386.33346906813676,-81632.95841816759,0.17759647531973138,0.1250337299240852,0.05256274539564618
195000.0,100000.0,473.75980818389985,-1546.4799488744175,-83662.11246804651,0.18158473367678654,0.12780140495923922,0.05378332871754732
200000.0,100000.0,495.835046624456,-2728.1551510565914,-85704.72196941037,0.18529628683673893,0.13037470128269915,0.05492158555403978
205000.0,100000.0,517.7135924350422,-3885.2863867556152,-87715.11649172226,0.18881470903336167,0.1327706437366702,0.05604406529669148
210000.0,100000.0,539.4050858990446,-5061.871066499356,-89737.6694165621,0.19210109077849985,0.13500444960026914,0.05709664117823071
215000.0,100000.0,560.918547441602,-6256.971066073398,-91771.79441629587,0.19517455956534566,0.13708975422046635,0.05808480534487931
220000.0,100000.0,582.262426661578,-7299.707627195865,-93646.94226699742,0.19827281124245819,0.1390388043313039,0.0592340069111543
225000.0,100000.0,603.4446467817897,-8129.2567346938595,-95302.59795918367,0.20148466916005936,0.14086262426897103,0.06062204489108833
230000.0,100000.0,624.4726450093235,-8974.84491903035,-96968.27807439397,0.2045233261562796,0.1425711593600605,0.061952166796219094
235000.0,100000.0,645.3534092383534,-9835.745439211256,-98643.52839950703,0.20740076623576212,0.14417340001200518,0.06322736622375694
240000.0,100000.0,666.0935114763824,-10711.274806456233,-100327.92175403514,0.21012796032912442,0.14567748942973657,0.06445047089938785
245000.0,100000.0,686.6991383301786,-11600.789613661414,-102021.05600853838,0.21271496724044145,0.14709081739124946,0.06562414984919199
250000.0,100000.0,798.6938364672089,-2985.8410074102576,-97773.90062963142,0.24301693073395786,0.16762757905222253,0.07538935168173533
255000.0,100000.0,821.4128338870071,-3655.5652757512726,-99329.66579734455,0.24557213986945875,0.16898556504139975,0.076586574828059
260000.0,100000.0,843.877135101518,-4351.777949442141,-100901.98621840135,0.24796493710849446,0.17023948660510752,0.07772545050338694
265000.0,100000.0,866.1012795570871,-5072.966926062945,-102489.91682878934,0.25020773133796775,0.17139816160877644,0.07880956972919131
270000.0,100000.0,888.0987207104304,-5817.73304611526,-104092.58315382204,0.2523118005427596,0.17246953838806703,0.07984226215469256
275000.0,100000.0,909.8819255642801,-6504.52974131488,-105628.92483832181,0.25439713378601986,0.17346079442060744,0.08093633936541242
280000.0,100000.0,931.4624634526489,-7142.653800924541,-107108.68987557784,0.2564561951721928,0.17437842232808334,0.08207777284410947
285000.0,100000.0,952.8510854063677,-7800.7371177377645,-108600.9294485861,0.25840130504359793,0.1752283050216121,0.08317300002198583
290000.0,100000.0,974.0577952446075,-8477.7392945608,-110104.99330910051,0.2602401990051448,0.1760157815179091,0.08422441748723569
295000.0,100000.0,995.0919133815316,-9172.691008320719,-111620.27563020046,0.26197998117016696,0.17674570471724546,0.0852342764529215
300000.0,100000.0,1015.9621342043723,-9884.688042745285,-113146.2112767158,0.26362718446595246,0.17742249223756854,0.08620469222838392
105000.0,105000.0,2.9461052958533855,-10758.394950768765,55446.12815576952,0.001972478519128027,0.001483264352507417,0.0004892141666206103
110000.0,105000.0,25.157696407379376,9800.900426367443,-57269.87473352035,0.016163590698507785,0.012139491974905605,0.00402409872360218
115000.0,105000.0,52.78315205168076,9406.447813374805,-58741.72011664075,0.03259670326519283,0.024340426968601676,0.008256276296591154
120000.0,105000.0,79.96272151401843,8965.623037457932,-60242.54810158879,0.04753700147169268,0.035308426333420725,0.012228575138271955
125000.0,105000.0,106.72599272584716,8545.503243488114,-61706.435472819925,0.06120588288468023,0.04520666988485267,0.01599921299982756
130000.0,105000.0,133.0999924251504,8120.899212215649,-63159.625492365216,0.07375453806020632,0.054171751088787294,0.019582786971419026
135000.0,105000.0,159.1094574141374,7658.383571070299,-64636.51026808107,0.08528831788487758,0.062318789623204675,0.0229695282616729
140000.0,105000.0,184.77707205714535,7160.3154939431115,-66135.61531628555,0.09591526660049869,0.06974541786658023,0.026169848733918463
145000.0,105000.0,210.1236768210331,6628.8623893874465,-67655.58600663285,0.10572925432846497,0.07653491913012889,0.029194335198336085
150000.0,105000.0,235.1684518951937,6066.018997100153,-69195.1756268124,0.11481217431579906,0.08275871997611103,0.03205345433968802
155000.0,105000.0,259.9290792976317,5473.624246953696,-70753.23484565393,0.12323574924417136,0.08847838576809226,0.03475736347607909
160000.0,105000.0,284.35122467309293,4846.027366001654,-72333.29539624897,0.1310304634900735,0.09372394008139266,0.03730652340868083
165000.0,105000.0,308.225126663089,4161.413172961271,-73948.99176689921,0.13815380612153438,0.09847206130643525,0.03968174481509913
170000.0,105000.0,331.81420619226094,3447.1774439951405,-75583.20159750304,0.14477424020605273,0.10284887533676813,0.041925364869284595
175000.0,105000.0,355.1339400505598,2704.9297652582172,-77234.91889671361,0.15093740325896196,0.10689127875384402,0.04404612450511794
180000.0,105000.0,378.19870366518285,1936.165181179007,-78903.20926176311,0.1566838697105509,0.11063169477841131,0.04605217493213959
185000.0,105000.0,401.02186735738815,1111.27420516836,-80618.20362176978,0.16201078435284436,0.11409871256146825,0.047912071791376104
190000.0,105000.0,423.61588267755985,-16.448201533785323,-82627.09262595861,0.1666366035708145,0.11731762158471865,0.049318981986095856
195000.0,105000.0,445.99235999151915,-1166.794560882001,-84650.12160055125,0.1709419045515683,0.12031086053183683,0.050631044019731467
200000.0,105000.0,468.16213833521056,-2338.6376131380966,-86686.5860082113,0.17495476865064247,0.12309839603482407,0.051856372615818394
205000.0,105000.0,490.1353484219669,-3485.9237641154323,-88690.82735257215,0.1787566804340195,0.12569804362678916,0.05305863680723033
210000.0,105000.0,511.92146957283865,-4652.667164424784,-90707.22947776549,0.18231320999498404,0.12812574082992054,0.054187469165063507
215000.0,105000.0,533.5293812429661,-5837.94435073153,-92735.21521920721,0.1856443550925878,0.13039578041696076,0.05524857467562705
220000.0,105000.0,554.967409733124,-6870.889387755102,-94604.24336734693,0.18897827412052132,0.13252101038795416,0.05645726373256715
225000.0,105000.0,576.2433706032903,-7690.689457257802,-96253.80591078612,0.1924024108936467,0.1345130060125114,0.05788940488113531
230000.0,105000.0,597.36460724264,-8526.580846765428,-97913.42552922839,0.19564507329136926,0.13638221833396533,0.05926285495740394
235000.0,105000.0,618.3380259962864,-9377.845296386222,-99582.65331024138,0.19871868428756242,0.13813810276420277,0.060580581523359656
240000.0,105000.0,639.1701282021206,-10243.80666697945,-101261.06666686216,0.20163462491133832,0.1397892307772004,0.06184539413413792
245000.0,105000.0,659.8670394502853,-11123.827897170326,-102948.26743573145,0.2044033374223122,0.1413433872049185,0.06305995021739369
250000.0,105000.0,680.4345363421701,-12017.308220414328,-104643.88013775896,0.2070344167405463,0.14280765522752636,0.06422676151301993
255000.0,105000.0,788.646611092378,-3795.752446392682,-100642.59527899542,0.23577624782204595,0.1622447175104194,0.07353153031162654
260000.0,105000.0,811.5599827391306,-4445.261795130427,-102185.72612195653,0.23846886200497716,0.1637199884484831,0.07474887355649407
265000.0,105000.0,834.2161073698188,-5121.524833538861,-103745.57802096178,0.24099643378581928,0.16508820684428074,0.07590822694153854
270000.0,105000.0,856.6293958284734,-5823.042833838728,-105321.2142711492,0.24337126067070577,0.16635816832389946,0.07701309234680631
275000.0,105000.0,878.8132023061918,-6468.176960156066,-106831.51685009754,0.24571051860532261,0.16753782214633153,0.07817269645899108
280000.0,105000.0,900.7799194446197,-7066.138377759547,-108286.18023609972,0.24800848117056193,0.16863436518454597,0.07937411598601596
285000.0,105000.0,922.5410633493764,-7685.4794116648845,-109754.20588229055,0.25018160589502997,0.16965432408003697,0.080527281814993
290000.0,105000.0,944.1073497406527,-8325.08562697214,-111234.89726685759,0.25223830226319155,0.17060362723104328,0.08163467503214827
295000.0,105000.0,965.4887623005347,-8983.918720744376,-112727.60545046523,0.2541862961261165,0.17148766801802068,0.0826986281080958
300000.0,105000.0,986.6946141342704,-9661.010130035866,-114231.72508127242,0.25603269481656793,0.17231136045654297,0.08372133436002496
110000.0,110000.0,2.895278382581637,-10753.108951788483,57900.056905132195,0.0018601899783066056,0.0013903667752783895,0.00046982320302821606
115000.0,110000.0,24.73984754024889,9757.444144185894,-59747.65990988382,0.015278312070222882,0.011408535278040352,0.0038697767921825298
120000.0,110000.0,51.93852212736306,9318.606301245745,-61247.24606172141,0.030876908089892293,0.022934030354122475,0.007942877735769818
125000.0,110000.0,78.72908048677198,8901.324370624294,-62709.35976835982,0.045150040368047366,0.03334782334651969,0.01180221702152768
130000.0,110000.0,105.13745693444366,8480.295521182154,-64160.31529926116,0.058259692038565986,0.04279098776330633,0.015468704275259655
135000.0,110000.0,131.1874339895278,8021.993134910881,-65634.56679068069,0.0703211220403928,0.05138250254176919,0.01893861949862361
140000.0,110000.0,156.9008610102345,7528.689545064379,-67130.69403433477,0.08144510434168059,0.05922334407052782,0.022221760271152774
145000.0,110000.0,182.29784670292895,7002.476057104621,-68647.38996430961,0.09172795607418274,0.06639970881001027,0.025328247264172474
150000.0,110000.0,207.3969290757982,6445.280623883009,-70183.44961007312,0.10125377014525735,0.0729855736982046,0.02826819644705275
155000.0,110000.0,232.1575343880171,5852.883576353779,-71741.51026477889,0.11006889944863295,0.07902510924155487,0.03104379020707808
160000.0,110000.0,256.4051658925631,5207.137252826564,-73332.9142169834,0.11815278012878863,0.08451274451974645,0.033640035609042176
165000.0,110000.0,280.35418662150096,4530.335408636107,-74943.72786960243,0.12566139030645615,0.08956782645006298,0.036093563856393174
170000.0,110000.0,304.02082259941415,3824.165550339065,-76572.89653103809,0.13264767685427656,0.09423405960259375,0.03841361725168281
175000.0,110000.0,327.4201451709316,3090.1950977768865,-78219.44056388945,0.13915861288768103,0.09854974154851963,0.0406088713391614
180000.0,110000.0,350.5661719173544,2329.8818794048566,-79882.44882537196,0.14523599333712378,0.10254855279866806,0.04268744053845572
185000.0,110000.0,373.47195717121997,1513.583545806876,-81592.07278387071,0.15088076147522958,0.1062602141171316,0.04462054735809798
190000.0,110000.0,396.14967335858216,394.5660292925313,-83595.52123169217,0.15583229707279014,0.10971103627237529,0.04612126080041486
195000.0,110000.0,418.6106842353788,-746.9888395206071,-85613.05552470038,0.1604469359748484,0.11292438204353353,0.04752255393131488
200000.0,110000.0,440.86561094488957,-1909.9764617314795,-87643.98528858217,0.16475390607870996,0.11592105625459768,0.048832849824112276
205000.0,110000.0,462.92439170407556,-3048.36326277614,-89642.66453923509,0.1688326047476105,0.11871963646708454,0.05011296828052596
210000.0,110000.0,484.79633582435383,-4206.181074267195,-91653.488171417,0.17265299744450044,0.12133675450446853,0.05131624294003191
215000.0,110000.0,506.49017268445846,-5382.522040816315,-93675.88877551019,0.1762359202218338,0.12378733704758248,0.052448583174251315
220000.0,110000.0,528.0140961972563,-6406.533995485341,-95539.33374717835,0.17980009431301336,0.12608481200867605,0.05371528230433731
225000.0,110000.0,549.375805246927,-7217.4162543196,-97183.32265894975,0.18343157563007592,0.12824128617209335,0.05519028945798257
230000.0,110000.0,570.5825405161902,-8044.415786316211,-98837.38486644762,0.1868735803973112,0.13026769861278292,0.05660588178452827
235000.0,110000.0,591.6411180740631,-8886.823720297427,-100501.07732518589,0.19013895250040191,0.1321739536176182,0.057964998882783725
240000.0,110000.0,612.5579600517847,-9743.9721546144,-102173.982596634,0.1932394663982771,0.1339690361984691,0.059270430199808016
245000.0,110000.0,633.3391226972249,-10615.231239488596,-103855.70702468036,0.19618593240735033,0.13566111276900897,0.06052481963834136
250000.0,110000.0,653.9903220654776,-11500.006505190337,-105545.87906574397,0.1989882900574881,0.13725761913516424,0.06173067092232387
255000.0,110000.0,674.5169575747866,-12397.736412222206,-107244.14775763889,0.20165569104397865,0.13876533760301665,0.062890353440962
260000.0,110000.0,694.9241336319071,-13307.890102281643,-108950.18131392603,0.20419657308345154,0.14019046472299923,0.06400610836045231
265000.0,110000.0,801.7161688464521,-5234.01843996899,-105041.19902498063,0.23160753657657662,0.15865659215119085,0.07295094442538577
270000.0,110000.0,824.5567842405427,-5891.094438983593,-106589.05902436475,0.23425932503883592,0.16012963946052575,0.07412968557831018
275000.0,110000.0,847.1522511091583,-6493.415884647518,-108072.6036779047,0.23685832030226342,0.16150194694929035,0.07535637335297307
280000.0,110000.0,869.5158081293141,-7050.105954551313,-109501.47247159458,0.23940064634311936,0.16278143324089633,0.07661921310222303
285000.0,110000.0,891.6597576016096,-7629.63520943257,-110944.61575589536,0.2418069817497784,0.16397528467302663,0.07783169707675178
290000.0,110000.0,913.5955467995676,-8230.813132844982,-112401.28945802811,0.24408642697595595,0.16509003361635755,0.0789963933595984
295000.0,110000.0,935.3338409829709,-8852.530537771061,-113870.80033610691,0.2462473453490798,0.16613162728721595,0.08011571806186385
300000.0,110000.0,956.8845890550388,-9493.752738275973,-115352.50171142249,0.24829743312135558,0.16710548834265396,0.08119194477870162
115000.0,115000.0,2.848948471121048,-10748.290640996594,60353.69334937713,0.0017593933730981205,0.0013077338414806548,0.00045165953161746563
120000.0,115000.0,24.35816854839345,9717.74952903291,-62223.09404435443,0.014480676397810215,0.010755619412693688,0.0037250569851165274
125000.0,115000.0,51.1654564547498,9302.20747129398,-63684.12033044126,0.029342682654215285,0.021672507702966585,0.0076701749512487
130000.0,115000.0,77.59779592191023,8883.67077587865,-65133.51826507584,0.04299917294081832,0.031582334522551984,0.011416838418266337
135000.0,115000.0,103.67804519943593,8428.51670074134,-66605.80206203666,0.05557511300938236,0.040607833075010306,0.014967279934372052
140000.0,115000.0,129.4272415106642,7938.933117109089,-68099.60430180682,0.06718392188303125,0.04885323131264001,0.018330690570391245
145000.0,115000.0,154.86477885396494,7416.9370008123515,-69613.66437449228,0.0779242864854217,0.0564075572301573,0.021516729255264398
150000.0,115000.0,179.96384410294138,6859.739786705904,-71149.7251333088,0.08786059555682467,0.06333152793206025,0.024529067624764422
155000.0,115000.0,204.585205122037,6252.861332691857,-72716.83666706759,0.09699650037469444,0.06963964459130373,0.027356855783390713
160000.0,115000.0,228.89416705074098,5613.493373277073,-74304.25414170182,0.10547557455858897,0.07544494743185093,0.03003062712673804
165000.0,115000.0,252.90770514826852,4943.401335419912,-75910.87416536256,0.11335922688057824,0.08079919802726625,0.032560028853311995
170000.0,115000.0,276.6415866766804,4244.225014374766,-77535.67186601576,0.12070181075160788,0.08574761276070779,0.03495419799090009
175000.0,115000.0,300.1104764773205,3517.489553641324,-79177.69402897418,0.1275515823800101,0.09032984173103578,0.03722174064897432
180000.0,115000.0,323.3280316648801,2764.615293147537,-80836.0529417828,0.13395150934202624,0.09458077927237103,0.039370730069655205
185000.0,115000.0,346.3069867256453,1955.9266194670927,-82540.92086283307,0.1399062522849683,0.0985312386998181,0.04137501358515021
190000.0,115000.0,369.05923013554707,844.6599340969115,-84539.52504118942,0.1451758046405868,0.10220851689913107,0.04296728774145572
195000.0,115000.0,391.5958734678119,-289.02915934755583,-86552.14322459222,0.1500925810172973,0.10563686902287885,0.04445571199441846
200000.0,115000.0,413.92731383531213,-1444.0593611275544,-88578.09960070472,0.15468691613499558,0.1088379094245476,0.045849006710447976
205000.0,115000.0,436.06329040574167,-2574.41779780286,-90571.76112362678,0.15903612441549148,0.11183095175227638,0.0472051726632151
210000.0,115000.0,458.0129356357928,-3724.1546938775573,-92577.53418367347,0.16311448821371685,0.11463329861314388,0.048481189600572974
215000.0,115000.0,479.78482179122284,-4892.378533712821,-94594.86158357051,0.16694365288213076,0.11726048924227589,0.049683163639854866
220000.0,115000.0,501.3870032512134,-5908.251661873801,-96453.21978867112,0.1707329995944069,0.11972651204543955,0.05100648754896736
225000.0,115000.0,522.827055036094,-6710.986276246229,-98092.1164226539,0.1745671898386529,0.12204398763658798,0.052523202202064925
230000.0,115000.0,544.1121079460054,-7529.840773615433,-99741.08798350964,0.17820415194865769,0.12422432699281837,0.05397982495583932
235000.0,115000.0,565.2488806532845,-8364.116412058414,-101399.69775753652,0.18165713434404354,0.1262778685448385,0.055379265799205046
240000.0,115000.0,586.2437090522794,-9213.15425856295,-103067.53391160184,0.18493828976939966,0.1282139973701592,0.056724292399240456
245000.0,115000.0,607.1025731362065,-10076.332393834542,-104744.2077461466,0.18805878258458347,0.13004124912706472,0.058017533457518755
250000.0,115000.0,627.8311216407619,-10953.063349360775,-106429.35209335049,0.19102888395290646,0.1317674009352433,0.05926148301766315
255000.0,115000.0,648.4346946680387,-11842.79175452399,-108122.6198465775,0.1938580564680268,0.13339955105449355,0.06045850541353326
260000.0,115000.0,668.9183444812447,-12744.992173950537,-109823.68260871909,0.19655502954237075,0.1349441889209693,0.06161084062140146
265000.0,115000.0,689.2868546404875,-13659.167117389283,-111532.22944836829,0.19912786669577054,0.13640725685902694,0.0627206098367436
270000.0,115000.0,709.5447576319882,-14584.845206273254,-113247.96575392078,0.20158402572699521,0.1377942045863648,0.06378982114063042
275000.0,115000.0,814.8990719731794,-6580.246514789353,-109352.18532174334,0.22784053887684216,0.15535316882948386,0.07248737004735831
280000.0,115000.0,837.670129506731,-7094.556531299953,-110754.56658206247,0.23063269068986472,0.1568196264971343,0.07381306419273043
285000.0,115000.0,860.2071681630671,-7633.2045110410545,-112172.15906940066,0.23327743260784325,0.15819118680058103,0.07508624580726223
290000.0,115000.0,882.5223864213517,-8194.92181217944,-113604.16988261216,0.23578457314343773,0.15947500067385179,0.07630957246958595
295000.0,115000.0,904.627149428839,-8778.526459400775,-115049.86028712548,0.23816312883905655,0.16067758252483103,0.07748554631422552
300000.0,115000.0,926.5320589666778,-9382.91586746549,-116508.54116716594,0.24042139938031554,0.1618048758959016,0.07861652348441395
120000.0,120000.0,2.80654402494406,-10743.880578594195,62807.07463837863,0.0016684610643316693,0.0012338125976217504,0.0004346484667099189
125000.0,120000.0,24.008157854292676,9745.34841684645,-64632.469739470966,0.01376834696381213,0.010169302144140132,0.003599044819671998
130000.0,120000.0,50.455229388637235,9328.343856418272,-66080.91008973858,0.027958695327299755,0.020535298896474253,0.0074233964308255025
135000.0,120000.0,76.55663631839946,8875.390177113557,-67551.81863930402,0.04103707498370526,0.029985124646415985,0.011051950337289278
140000.0,120000.0,102.33262863213156,8388.593377741694,-69043.87913891143,0.05311947660987504,0.03862617729501786,0.014493299314857176
145000.0,120000.0,127.77015381786555,7866.59599705803,-70557.94000183872,0.06429091329913356,0.04653867920854703,0.017752234090586523
150000.0,120000.0,152.765244351511,7298.5854125571495,-72100.75911715179,0.07458189958106273,0.053760000448543434,0.0208218991325193
155000.0,120000.0,177.43414747998088,6696.6513379180105,-73664.78041380124,0.08412383164393208,0.06039757841480326,0.023726253229128823
160000.0,120000.0,201.794587697123,6062.637120500789,-75248.851799687,0.09298795314189601,0.06651275677753096,0.026475196364365045
165000.0,120000.0,225.8630281824294,5398.2549309726455,-76851.9031681421,0.10123716175691905,0.07215893849675806,0.02907822326016099
170000.0,120000.0,249.65478103728697,4705.09722787785,-78472.93923257635,0.10892716635989731,0.07738280330666247,0.03154436305323484
175000.0,120000.0,273.18410615854,3984.6470404881693,-80111.03309969489,0.11610745959487921,0.08222531036699822,0.03388214922788099
180000.0,120000.0,296.4643000927085,3238.287209641683,-81765.32049397395,0.12282213904857424,0.08672252877309716,0.036099610275477076
185000.0,120000.0,319.5077760357151,2436.308707714372,-83465.99455767852,0.12907950816619096,0.09090632922160374,0.038173178944587216
190000.0,120000.0,342.3261359907343,1331.9181430363678,-85460.30116060228,0.13465988162307993,0.09480496299353541,0.03985491862954452
195000.0,120000.0,364.9302359665488,205.24454052106012,-87468.53466217434,0.13987205871813885,0.09844354895240054,0.04142850976573831
200000.0,120000.0,387.3302449871295,-942.6545213385252,-89490.03407583658,0.14474744507126086,0.1018444850393941,0.04290296003186676
205000.0,120000.0,409.5356985871272,-2065.7873469387705,-91479.17959183673,0.14936127792937004,0.10502779747159562,0.044333480457774424
210000.0,120000.0,431.55554738518924,-3208.2230719403015,-93480.38941996268,0.15369208328103062,0.10801143828589091,0.04568064499513971
215000.0,120000.0,453.3982012555,-4369.087069428002,-95493.11691839251,0.1577622894471593,0.11081153985301084,0.046950749594148466
220000.0,120000.0,475.07156955599726,-5377.556766176276,-97346.84797886017,0.1617720315172969,0.11344263338711567,0.048329398130181236
225000.0,120000.0,496.58309781794765,-6172.857826933439,-98981.0986418334,0.16580457165030885,0.11591783720230053,0.04988673444800831
230000.0,120000.0,517.9398012547838,-6984.260669502488,-100625.41291843905,0.1696323637999695,0.11824901944665864,0.05138334435331085
235000.0,120000.0,539.1482954073342,-7811.077277637247,-102279.36079852328,0.17326904604742996,0.12044693922248019,0.05282210682494977
240000.0,120000.0,560.214824206935,-8652.658282478747,-103942.53642654922,0.1767271356477042,0.12252136933581459,0.054205766311889614
245000.0,120000.0,581.1452857067377,-9508.390286499285,-105614.55642906205,0.18001813823684684,0.12448120337756158,0.055536934859285264
250000.0,120000.0,601.94525570417,-10377.693406766339,-107295.05837922895,0.18315264477078583,0.12633454939626756,0.05681809537451826
255000.0,120000.0,622.6200094534734,-11260.019016838763,-108983.69938552422,0.1861404177525483,0.12808881206018505,0.058051605692363256
260000.0,120000.0,643.1745416460747,-12154.847668808245,-110680.15479300515,0.18899046808498696,0.12975076490741874,0.059239703177568215
265000.0,120000.0,663.6135848179028,-13061.687178938068,-112384.11698683629,0.19171112370051557,0.13132661403590656,0.06038450966460901
270000.0,120000.0,683.9416263262601,-13980.070862068911,-114095.29428879307,0.1943100909620478,0.13282205437984765,0.061488036582200145
275000.0,120000.0,704.1629240242787,-14829.305901475018,-115733.15993842189,0.196879424194589,0.13424231954826332,0.06263710464632569
280000.0,120000.0,724.2815207480678,-15619.471842200961,-117307.9511513756,0.19941381465450922,0.13559222605845078,0.06382158859605844
285000.0,120000.0,828.1832950337491,-7696.187316490104,-113436.83582280632,0.22459295846922456,0.1523020304627002,0.07229092800652437
290000.0,120000.0,850.8878686060051,-8217.411664975458,-114843.53854060966,0.22733274076563698,0.15375852840352602,0.07357421236211095
295000.0,120000.0,873.3686876381394,-8761.906485633517,-116264.78530352094,0.22993364659604687,0.155125533730866,0.07480811286518088
300000.0,120000.0,895.6370238691871,-9328.499517604534,-117699.84344850283,0.23240459359344767,0.1564095231162858,0.07599507047716186
