higher_gross,lower_gross,order_wk,gap_household,gap_per_person,order_pct_payor_net,line_7e,lag
60000.0,0.0,340.5887692307692,-12188.768000000004,-23995.845333333335,0.3719936147868095,0.30660300533204066,0.06539060945476882
65000.0,0.0,368.858,-13016.267999999996,-25803.34533333333,0.3733271568293514,0.3055990057995029,0.06772815102984853
70000.0,0.0,397.1272307692308,-13493.767999999996,-27260.84533333333,0.37687044438361167,0.30474316746354996,0.07212727692006171
75000.0,0.0,425.3964615384615,-13821.268000000007,-28568.34533333334,0.38097939289558663,0.3040049475015117,0.07697444539407494
80000.0,0.0,453.6656923076923,-14148.767999999996,-29875.84533333333,0.3846505136148704,0.3033616583509079,0.08128885526396251
85000.0,0.0,481.934923076923,-14476.268000000011,-31183.34533333334,0.3879502457525445,0.3027960949204968,0.08515415083204769
90000.0,0.0,506.5178461538461,-15187.144000000004,-32746.429333333333,0.3881076843733883,0.30011084271455263,0.08799684165883565
95000.0,0.0,530.7486153846154,-15934.644,-34333.92933333333,0.38799322391311986,0.29751765771204347,0.09047556620107639
100000.0,0.0,554.9793846153846,-16682.144000000004,-35921.42933333333,0.387888817204301,0.2951897221881265,0.09269909501617452
105000.0,0.0,579.2101538461537,-17429.644000000015,-37508.92933333334,0.3877931953519811,0.2930883188665291,0.094704876485452
110000.0,0.0,603.4409230769229,-18177.144000000015,-39096.42933333334,0.38770529437202683,0.29118191603875127,0.09652337833327557
115000.0,0.0,627.6716923076923,-18924.644,-40683.92933333333,0.38762421543303344,0.28944457450959526,0.09817964092343817
120000.0,0.0,651.9024615384615,-19672.144,-42271.42933333333,0.38754919400937465,0.287854760368194,0.09969443364118064
125000.0,0.0,676.1332307692307,-20355.644,-43794.92933333333,0.3877530700811152,0.2863944478837444,0.1013586221973708
130000.0,0.0,697.172,-21335.111999999994,-45503.74133333333,0.38632307839856783,0.28374928774928776,0.10257379064928007
135000.0,0.0,716.0181538461538,-22542.611999999994,-47364.57466666666,0.38381115056928006,0.2804445783495526,0.10336657221972745
140000.0,0.0,734.8643076923076,-23750.11200000001,-49225.408,0.3814580737901293,0.2773797508783136,0.10407832291181568
145000.0,0.0,753.7104615384615,-24957.61200000001,-51086.24133333334,0.3792492416068741,0.2745296013000476,0.10471964030682651
150000.0,0.0,772.5566153846153,-26165.112000000016,-52947.07466666668,0.3771717850738421,0.27187233696976254,0.10529944810407954
155000.0,0.0,791.4027692307693,-27372.611999999994,-54807.907999999996,0.3752143218588876,0.26938901835510987,0.10582530350377772
160000.0,0.0,810.2489230769231,-28580.111999999994,-56668.74133333333,0.37336674760292793,0.26706310691919577,0.10630364068373216
165000.0,0.0,829.0950769230768,-29787.612000000016,-58529.57466666668,0.37162006145836474,0.26488009633579906,0.10673996512256567
170000.0,0.0,847.9412307692306,-30995.112000000016,-60390.40800000001,0.3699662194477307,0.26282720965165346,0.10713900979607727
175000.0,0.0,866.7873846153847,-32202.611999999994,-62251.24133333333,0.3683980106008656,0.26089314903567873,0.10750486156518685
180000.0,0.0,885.6335384615384,-33410.112000000016,-64112.07466666668,0.36690895184677647,0.25906788776130146,0.107841064085475
185000.0,0.0,903.8626153846152,-34712.78800000001,-66046.69200000001,0.3651558759891076,0.25716692565275434,0.10798895033635325
190000.0,0.0,918.6703076923076,-36650.28800000001,-68497.52533333334,0.3613747881868796,0.2544196757631921,0.10695511242368755
195000.0,0.0,933.478,-38587.788,-70948.35866666667,0.3577875351497573,0.25181494469921767,0.10597259045053964
200000.0,0.0,948.2856923076922,-40525.28800000001,-73399.19200000001,0.35437958418075843,0.24934192269573832,0.10503766148502011
205000.0,0.0,963.0933846153846,-42417.788,-75805.02533333334,0.35124864373910697,0.2469908662287191,0.10425777751038787
210000.0,0.0,977.9010769230769,-44310.288,-78210.85866666667,0.34826490973344654,0.24475296971563887,0.10351194001780767
215000.0,0.0,992.7087692307692,-46202.788,-80616.692,0.3454182388779781,0.24262025530634881,0.10279798357162931
220000.0,0.0,1007.5164615384614,-47925.28800000001,-82852.52533333334,0.3430809065727176,0.24058547785676235,0.10249542871595527
225000.0,0.0,1022.3241538461539,-49417.788,-84858.35866666667,0.3413447198687552,0.23864204269989764,0.10270267716885756
230000.0,0.0,1037.131846153846,-50910.28800000001,-86864.19200000001,0.33967485450835155,0.2367839342477301,0.10289092026062147
235000.0,0.0,1051.9395384615384,-52402.788,-88870.02533333334,0.3380675815567552,0.23500565379526042,0.10306192776149478
240000.0,0.0,1066.7472307692308,-53895.288,-90875.85866666667,0.3365194464834958,0.23330216517218755,0.10321728131130825
245000.0,0.0,1081.5549230769232,-55387.78799999999,-92881.692,0.33502724437732884,0.23166884711077426,0.10335839726655457
250000.0,0.0,1096.3626153846153,-56880.288,-94887.52533333334,0.3335879977999087,0.230101451381153,0.10348654641875571
255000.0,0.0,1111.1703076923077,-58372.788,-96893.35866666667,0.33219893695615305,0.22859606589545978,0.10360287106069327
260000.0,0.0,1125.9779999999998,-59865.28800000001,-98899.19200000001,0.3308574819034057,0.22714908210611254,0.10370839979729315
265000.0,0.0,1140.0415384615383,-61435.18000000002,-100956.62000000001,0.3293462481840227,0.2256099008996666,0.1037363472843561
270000.0,0.0,1153.5030769230768,-63067.68,-103055.78666666667,0.3277140609292364,0.2240112935271358,0.10370276740210058
275000.0,0.0,1166.9646153846154,-64619.92999999999,-105074.70333333332,0.3262758002357727,0.22247129386575942,0.10380450637001326
280000.0,0.0,1180.4261538461537,-66102.43,-107023.87,0.32500246867169574,0.22098673694215232,0.10401573172954343
285000.0,0.0,1193.887692307692,-67584.93000000002,-108973.03666666668,0.32376742021155225,0.21955468164264189,0.10421273856891036
290000.0,0.0,1207.3492307692306,-69067.43,-110922.20333333334,0.3225689539348025,0.2181723912650644,0.1043965626697381
295000.0,0.0,1220.8107692307692,-70549.93,-112871.37,0.32140546821305294,0.21683731606345044,0.1045681521496025
300000.0,0.0,1234.2723076923075,-72032.43000000004,-114820.5366666667,0.32027545356898246,0.21554707755134936,0.1047283760176331
60000.0,5000.0,339.83565692569783,-7679.591679727426,-22518.894453151617,0.3711710598642362,0.30592504258943787,0.06524601727479834
65000.0,5000.0,368.16190019379843,-8501.162379844965,-24322.44158656331,0.37262262293956533,0.3050222868217054,0.06760033611785993
70000.0,5000.0,396.48011895749784,-8973.567628420224,-25776.54508561348,0.37625634064768476,0.30424659385204367,0.0720097467956411
75000.0,5000.0,424.7918960009063,-9296.64281590574,-27081.095210603824,0.380437952069703,0.30357290132547865,0.07686505074422434
80000.0,5000.0,453.09842352869714,-9620.2639530155,-28386.00930201033,0.38416954220597177,0.3029823314579015,0.08118721074807028
85000.0,5000.0,479.18809960808994,-10174.437640758642,-29844.625093839095,0.38573909485074,0.30107028635180366,0.08466880849893632
90000.0,5000.0,503.5890525504721,-10904.238534750908,-31420.32568983394,0.3858635634365954,0.29837553817766455,0.08748802525893085
95000.0,5000.0,527.9722868821998,-11635.88216425122,-32997.25477616748,0.385963644155265,0.29596135265700474,0.09000229149826028
100000.0,5000.0,552.3404328300944,-12369.094985670177,-34575.22999044679,0.3860443885371628,0.2937860818620853,0.09225830667507745
105000.0,5000.0,576.6956245763892,-13103.65504405553,-36154.10336270369,0.386109665921682,0.29181593240796616,0.09429373351371584
110000.0,5000.0,601.0396119321928,-13839.380359051953,-37733.7535727013,0.38616247384288654,0.29002319717599595,0.0961392766668906
115000.0,5000.0,625.3738431418298,-14576.120313249703,-39314.08020883313,0.3862051583192322,0.28838494416103677,0.09782021415819542
120000.0,5000.0,649.6995271653202,-15313.749174806697,-40894.99944987113,0.3862395725688425,0.2868820302689842,0.09935754229985833
125000.0,5000.0,672.7086971312515,-16124.29549834985,-42503.1969988999,0.3857891473343929,0.2849438943894389,0.100845252944954
130000.0,5000.0,691.7691674500945,-17309.506585190175,-44349.17105679345,0.3833292133225873,0.28155033270252117,0.10177888062006613
135000.0,5000.0,710.8138847646532,-18496.355984476075,-46196.23732298405,0.38102147757940763,0.2784062095730918,0.10261526800631582
140000.0,5000.0,729.8445243561384,-19684.669466961597,-48044.279644641065,0.3788523724896103,0.2754849980148602,0.10336737447475008
145000.0,5000.0,748.8625320906087,-20874.296662576686,-49893.19777505112,0.37680987840272157,0.2727638036809816,0.10404607472173999
150000.0,5000.0,767.8691623895409,-22065.107111487763,-51742.90474099184,0.37488331199834873,0.27022276362480796,0.10466054837354077
155000.0,5000.0,786.8655089006145,-23256.987074336095,-53593.324716224066,0.3730631478624521,0.26784456064800577,0.10521858721444632
160000.0,5000.0,805.8525294551457,-24449.836936664833,-55444.39129110989,0.3713408674801728,0.2656140281158412,0.10572683936433158
165000.0,5000.0,824.8310665164474,-25643.56908228947,-57296.046054859646,0.3697088309451509,0.2635178261707458,0.10619100477440507
170000.0,5000.0,843.8018640417623,-26838.10613965673,-59148.23742643782,0.3681601675617056,0.2615441747345774,0.10661599282712819
175000.0,5000.0,862.7655814707878,-28033.37952703808,-61000.91968469205,0.3666886822190788,0.259682632009452,0.10700605020962678
180000.0,5000.0,881.722805396274,-29229.328238787508,-62854.05215919168,0.3652887749817254,0.25792390968141043,0.10736486530031497
185000.0,5000.0,897.4622326876769,-30790.927800481608,-64961.28520032107,0.36257015409887156,0.2553458892328861,0.10722426486598546
190000.0,5000.0,912.4374321845819,-32711.007052803478,-67400.50470186898,0.35892297925440464,0.25269352204681544,0.1062294572075892
195000.0,5000.0,927.4040874887781,-34631.97490116709,-69840.31660077805,0.35545949936733356,0.2501764465845099,0.10528305278282368
200000.0,5000.0,942.362836074355,-36553.76504826709,-72280.67669884472,0.35216618019696044,0.2477845688591779,0.10438161133778254
205000.0,5000.0,957.3142535391305,-38431.31763193043,-74676.54508795362,0.34914094371234844,0.24550877465444942,0.10363216905789902
210000.0,5000.0,972.2588609342971,-40309.5784628331,-77072.88564188873,0.34625551850932423,0.2433408134642356,0.10291470504508862
215000.0,5000.0,987.1971310762849,-42188.49836806638,-79469.66557871092,0.3435004353854897,0.24127319854847068,0.10222723683701901
220000.0,5000.0,1002.1294940019988,-43898.032623792125,-81696.85508252808,0.3412465288958852,0.23929912055300204,0.10194740834288316
225000.0,5000.0,1017.056341700061,-45378.14046319365,-83694.42697546244,0.3395858453918445,0.23741237259343148,0.10217347279841302
230000.0,5000.0,1031.9780322277354,-46858.784648315515,-85692.35643221035,0.3379869100083279,0.23560728506630654,0.10237962494202138
235000.0,5000.0,1046.894893304621,-48339.93109631941,-87690.6207308796,0.3364463562622813,0.23387866874533988,0.10256768751694142
240000.0,5000.0,1061.8072254590847,-49821.5485522552,-89689.1990348368,0.33496105682505994,0.23222176495967603,0.10273929186538391
245000.0,5000.0,1076.71530479106,-51303.60830172977,-91688.07220115318,0.3335281027770686,0.23063220184679406,0.10289590093027456
250000.0,5000.0,1091.619385404691,-52786.08391791215,-93687.22261194143,0.3321447849705909,0.2291059558331474,0.1030388291374435
255000.0,5000.0,1106.5197015559581,-54268.951038180356,-95686.63402545358,0.3308085772570124,0.2276393176279447,0.1031692596290677
260000.0,5000.0,1121.1378652201893,-55781.162017100316,-97705.60801140021,0.3294352562424059,0.226172657901995,0.10326259834041088
265000.0,5000.0,1134.7016809922095,-57403.02517681022,-99797.68345120682,0.32780361840780053,0.22455316333894634,0.10325045506885419
270000.0,5000.0,1148.261723362084,-59025.28077034326,-101890.02051356218,0.3262249749487979,0.22299341813996043,0.10323155680883744
275000.0,5000.0,1161.8181973703568,-60567.65747348289,-103902.35498232192,0.3248368948621109,0.22149017562163098,0.10334671924047995
280000.0,5000.0,1175.371293466432,-62040.63547949109,-105845.17365299405,0.32361073222393283,0.2200404201417551,0.10357031208217773
285000.0,5000.0,1188.921188783808,-63513.946366483986,-107788.21424432266,0.322420566530289,0.21864134690681283,0.10377921962347617
290000.0,5000.0,1202.4680482838673,-64987.57297847781,-109731.46531898521,0.3212648425077671,0.21729034386080642,0.10397449864696068
295000.0,5000.0,1216.0120257837607,-66461.49931848887,-111674.91621232592,0.3201420927389065,0.2159849754093931,0.10415711732951338
300000.0,5000.0,1229.5532648818587,-67935.7104522867,-113618.55696819113,0.31905093158375397,0.2147229677659376,0.10432796381781637
60000.0,10000.0,338.83283415324985,-3416.385248062019,-21132.590165374677,0.3700757692915142,0.30502228682170546,0.06505348246980874
65000.0,10000.0,367.2256387794167,-4231.033566940663,-22931.522377960442,0.37167501759582827,0.30424659385204367,0.0674284237437846
70000.0,10000.0,395.60219395037956,-4697.371829160522,-24381.581219440348,0.3754231971059355,0.30357290132547865,0.07185029578045687
75000.0,10000.0,423.9655070423605,-5015.087267594503,-25682.558178396335,0.37969784914880944,0.3029823314579015,0.07671551769090795
80000.0,10000.0,450.23903361272426,-5550.140504276675,-27128.427002851116,0.3817451450817163,0.30107028635180366,0.08067485872991265
85000.0,10000.0,474.8990969564659,-6252.993916527543,-28686.162611018364,0.3822865132820345,0.29837553817766455,0.08391097510436996
90000.0,10000.0,499.514464511334,-6960.4956908212625,-30246.997127214177,0.3827415037882468,0.2959613526570048,0.08678015113124199
95000.0,10000.0,524.0917711125862,-7671.955804291036,-31810.47053619402,0.38312687024713715,0.2937860818620853,0.08934078838505183
100000.0,10000.0,548.6364003063924,-8386.814368135194,-33376.209578756796,0.383455548601242,0.29181593240796616,0.09163961619327582
105000.0,10000.0,573.1527660498854,-9104.612330811913,-34943.90822054128,0.3837376487539066,0.29002319717599584,0.09371445157791075
110000.0,10000.0,597.6445215878839,-9824.969754860067,-36513.31316990671,0.38398115923358206,0.28838494416103677,0.09559621507254529
115000.0,10000.0,622.1147165625333,-10547.569477496538,-38084.21298499769,0.38419245582080974,0.2868820302689842,0.09731042555182556
120000.0,10000.0,645.3102457476516,-11402.734442244226,-39743.48962816282,0.38363019068112364,0.2849438943894389,0.09868629629168474
125000.0,10000.0,664.6970200748522,-12590.009912215377,-41602.839941476916,0.3811945611881345,0.2815503327025212,0.09964422848561327
130000.0,10000.0,684.0440569210866,-13745.41808020699,-43428.94538680466,0.37904850715461796,0.2784062095730918,0.10064229758152615
135000.0,10000.0,703.3555822393249,-14904.519447110215,-45257.51296474014,0.37702356264084996,0.27548499801486015,0.10153856462598981
140000.0,10000.0,722.6352432751297,-16066.934699386504,-47088.289799591,0.37511013266956905,0.2727638036809816,0.10234632898858748
145000.0,10000.0,741.8862043486939,-17232.334747735833,-48921.05649849056,0.3732995556191931,0.27022276362480796,0.10307679199438513
150000.0,10000.0,761.1112242229216,-18400.432680816157,-50755.62178721077,0.37158400221190224,0.2678445606480057,0.10373944156389653
155000.0,10000.0,780.3127190593918,-19570.97721782326,-52591.81814521551,0.3699563851720107,0.2656140281158412,0.10434235705616945
160000.0,10000.0,799.4928140000296,-20743.747343996918,-54429.49822933128,0.3684102788579262,0.26351782617074576,0.10489245268718045
165000.0,10000.0,818.6533857018991,-21918.547887002496,-56268.531924668336,0.3669398480047473,0.2615441747345774,0.10539567327016991
170000.0,10000.0,837.796097623725,-23095.2058471326,-58108.8038980884,0.3655397846673018,0.25968263200945196,0.10585715265784984
175000.0,10000.0,856.9224294653692,-24273.567335601605,-59950.21155706774,0.36420525247305197,0.2579239096814105,0.10628134279164148
180000.0,10000.0,872.9097433383608,-25778.38669281046,-62009.25779520697,0.3616376131616269,0.2553458892328861,0.10629172392874081
185000.0,10000.0,888.1399781416188,-27392.94227327165,-64151.79484884777,0.3588040109184604,0.25269352204681544,0.10611048887164498
190000.0,10000.0,903.3486599325753,-29288.739367012167,-66574.82624467478,0.3553477541492217,0.2501764465845099,0.10517130756471182
195000.0,10000.0,918.5373967609725,-31186.610736858864,-68999.24049123924,0.3520610353216498,0.2477845688591779,0.10427646646247188
200000.0,10000.0,933.7076405915873,-33086.40537847492,-71424.93691898328,0.3489316859922423,0.24550877465444942,0.10342291133779286
205000.0,10000.0,948.8607057935052,-34942.98659747547,-73806.82439831698,0.3460578603604464,0.2433408134642356,0.10271704689621078
210000.0,10000.0,963.9977850620089,-36801.23035355107,-76189.82023570071,0.34331345932679824,0.24127319854847068,0.10204026077832756
215000.0,10000.0,979.1199631795947,-38661.02382932214,-78573.8492195481,0.34068994232199196,0.23929912055300204,0.10139082176898992
220000.0,10000.0,994.2282289506926,-40352.264189127956,-80788.84279275197,0.3385559791328231,0.2374123725934315,0.10114360653939158
225000.0,10000.0,1009.3234855867446,-41814.857498978556,-82774.73833265237,0.33700391519499373,0.23560728506630657,0.10139663012868716
230000.0,10000.0,1024.4065597714155,-43278.717783772794,-84761.4785225152,0.3355071492965611,0.23387866874533994,0.10162848055122117
235000.0,10000.0,1039.4782095975777,-44743.76620185192,-86749.01080123462,0.33406281592337694,0.23222176495967606,0.10184105096370089
240000.0,10000.0,1054.5391315365605,-46209.930320197716,-88737.28688013181,0.3326682409889839,0.2306322018467941,0.10203603914218981
245000.0,10000.0,1069.589966574581,-47677.14347624357,-90726.26231749571,0.3313209264451149,0.22910595583314747,0.10221497061196744
250000.0,10000.0,1084.6313056301942,-49145.344214459794,-92715.8961429732,0.33001853631186356,0.22763931762794473,0.10237921868391883
255000.0,10000.0,1099.3904942680745,-50642.88859612026,-94725.09239741351,0.32867720723571153,0.226172657901995,0.10250454933371653
260000.0,10000.0,1113.1100306711571,-52248.55681019966,-96806.37120679977,0.3270763565800413,0.22455316333894637,0.10252319324109493
265000.0,10000.0,1126.8200485409338,-53855.21495174288,-98888.30996782858,0.32552669604153656,0.22299341813996043,0.10253327790157613
270000.0,10000.0,1140.5210650990462,-55462.809229699196,-100970.87281979946,0.32402582818933523,0.22149017562163098,0.10253565256770425
275000.0,10000.0,1154.2135607604941,-56991.03968090861,-102973.77645393908,0.322710687381032,0.22004042014175515,0.10267026723927683
280000.0,10000.0,1167.8979823504608,-58450.35983555208,-104907.48989036806,0.3215531324715651,0.21864134690681283,0.10291178556475225
285000.0,10000.0,1181.574745989559,-59910.476417085854,-106841.73427805724,0.32042830306484676,0.21729034386080645,0.10313795920404031
290000.0,10000.0,1195.2442396867036,-61371.3490725828,-108776.4827150552,0.31933484882969293,0.21598497540939307,0.10334987342029986
295000.0,10000.0,1208.9068256735954,-62832.94012994609,-110711.71008663073,0.31827149147480227,0.21472296776593763,0.10354852370886464
300000.0,10000.0,1222.5628425103755,-64295.214378920966,-112647.39291928064,0.31723702011404636,0.2135021957340025,0.10373482438004386
60000.0,15000.0,337.97115860133556,861.500494538901,-19736.4996703074,0.3691346407744056,0.30424659385204367,0.06488804692236194
65000.0,15000.0,366.41249189985274,51.89915758468851,-21532.067228276872,0.3708520184670789,0.30357290132547865,0.06727911714160023
70000.0,15000.0,394.83259055602383,-409.9105821735284,-22979.107054782355,0.3746928498752302,0.30298233145790154,0.07171051841732867
75000.0,15000.0,421.2899676173585,-925.8433677947178,-24412.228911863145,0.3773016717520369,0.30107028635180366,0.07623138540023322
80000.0,15000.0,446.2091413624597,-1601.7492983041884,-25951.99953220279,0.37832831160684666,0.29837553817766455,0.07995277342918211
85000.0,15000.0,471.05664214046817,-2285.1092173913203,-27496.739478260883,0.3791933958946452,0.2959613526570048,0.08323204323764039
90000.0,15000.0,495.843109395078,-2974.8166229118942,-29045.711081941263,0.3799284121202985,0.2937860818620853,0.08614233025821316
95000.0,15000.0,520.5771760363956,-3669.9736922148586,-30598.315794809903,0.38055759538737666,0.29181593240796616,0.0887416629794105
100000.0,15000.0,545.2659201675781,-4369.844302571873,-32154.062868381247,0.38109983667626424,0.2900231971759959,0.09107663950026834
105000.0,15000.0,569.9152000339382,-5073.819196470431,-33712.546130980285,0.38157003124556327,0.28838494416103677,0.0931850870845265
110000.0,15000.0,594.5299059597464,-5781.389780186379,-35273.42652012425,0.38198004707366173,0.28688203026898423,0.0950980168046775
115000.0,15000.0,617.9117943640517,-6617.1733861386165,-36919.782257425744,0.3815969039747121,0.28494389438943896,0.09665300958527312
120000.0,15000.0,637.6248726996097,-7834.513239240594,-38820.508826160396,0.37906131679867044,0.28155033270252117,0.09751098409614928
125000.0,15000.0,657.2742290775202,-8994.480175937904,-40661.65345062527,0.37693769306391667,0.27840620957309187,0.0985314834908248
130000.0,15000.0,676.8666401225114,-10124.369427258818,-42470.74628483921,0.3750712938520539,0.27548499801486015,0.09958629583719375
135000.0,15000.0,696.4079544596507,-11259.572736196336,-44283.38182413089,0.37329938749596,0.2727638036809816,0.1005355838149784
140000.0,15000.0,715.903246307847,-12399.56238398391,-46099.20825598927,0.3716156445456801,0.27022276362480796,0.10139288092087212
145000.0,15000.0,735.3569395452288,-13543.878287296204,-47917.918858197474,0.3700141843110781,0.26784456064800577,0.1021696236630723
150000.0,15000.0,754.7729086636378,-14692.117498981657,-49739.244999321105,0.3684895574213853,0.2656140281158412,0.10287552930554406
155000.0,15000.0,774.1545614836118,-15843.925605704368,-51562.95040380291,0.36703672275922644,0.2635178261707458,0.10351889658848062
160000.0,15000.0,793.504907362036,-16998.989634348254,-53388.82642289884,0.3656510215942601,0.2615441747345774,0.10410684685968269
165000.0,15000.0,812.8266137766624,-18157.032167227117,-55216.68811148475,0.3643281507444086,0.259682632009452,0.10464551873495659
170000.0,15000.0,832.1220535344643,-19317.806432415724,-57046.37095494382,0.36306413592596254,0.25792390968141043,0.1051402262445521
175000.0,15000.0,848.3572539890449,-20796.845585139323,-59088.23039009288,0.36056492075857355,0.25534588923288615,0.1052190315256874
180000.0,15000.0,863.8425240986558,-22353.877493739798,-61182.08499582653,0.3578811566105525,0.25269352204681544,0.10518763456373703
185000.0,15000.0,879.2932323763724,-23945.50383285727,-63309.33588857151,0.355229970854654,0.2501764465845099,0.10505352427014414
190000.0,15000.0,894.71195744759,-25819.456425450633,-65717.80428363376,0.35195035847308975,0.2477845688591779,0.10416578961391185
195000.0,15000.0,910.101027644044,-27696.49312501942,-68128.32875001295,0.34882750682718144,0.24550877465444942,0.10331873217273202
200000.0,15000.0,925.4625506527134,-29576.39473211782,-70540.76315474522,0.3458504504871905,0.24334081346423564,0.10250963702295485
205000.0,15000.0,940.7984390477328,-31413.96233903579,-72909.97489269053,0.3431174806369927,0.24127319854847065,0.10184428208852206
210000.0,15000.0,956.1104323571907,-33254.01503485217,-75280.84335656812,0.34050449608644434,0.23929912055300204,0.1012053755334423
215000.0,15000.0,971.4001162013242,-35096.38791506228,-77653.25861004152,0.3380037809519177,0.23741237259343148,0.1005914083584862
220000.0,15000.0,986.6689389457533,-36770.930349641654,-79857.12023309444,0.335981879188113,0.23560728506630654,0.10037459412180647
225000.0,15000.0,1001.9182262382096,-38217.504471226195,-81832.3363141508,0.33453136657294325,0.2338786687453399,0.10065269782760333
230000.0,15000.0,1017.1491937360702,-39665.98385144869,-83808.82256763247,0.33313026273068075,0.23222176495967603,0.10090849777100472
235000.0,15000.0,1032.362958282061,-41116.252338665654,-85786.50155911043,0.33177614856612253,0.23063220184679406,0.10114394671932847
240000.0,15000.0,1047.5605477444706,-42568.20303457507,-87765.30202305004,0.3304667549319174,0.22910595583314747,0.10136079909876994
245000.0,15000.0,1062.7429097044303,-44021.73739073926,-89745.15826049284,0.3291999517758162,0.22763931762794473,0.10156063414787145
250000.0,15000.0,1077.6431233159594,-45504.61517514021,-91744.5767834268,0.32789225645358094,0.226172657901995,0.10171959855158594
255000.0,15000.0,1091.5183803501045,-47094.088443589135,-93815.05896239275,0.3263237355338098,0.22455316333894632,0.10177057219486346
260000.0,15000.0,1105.378373719784,-48685.14913314249,-95886.599422095,0.32480448577095594,0.22299341813996043,0.10181106763099551
265000.0,15000.0,1119.2239328277353,-50277.71098591553,-97959.14065727702,0.3233322565176138,0.22149017562163098,0.10184208089598284
270000.0,15000.0,1133.055828054556,-51871.69388232619,-100032.62925488413,0.32190492951416644,0.2200404201417551,0.10186450937241134
275000.0,15000.0,1146.874775917113,-53386.773304620234,-102026.76553641348,0.32065881034383226,0.21864134690681278,0.10201746343701948
280000.0,15000.0,1160.6814436952507,-54833.37985569393,-103952.00323712929,0.3195662289532331,0.21729034386080642,0.10227588509242669
285000.0,15000.0,1174.4764535896466,-56281.19882667676,-105878.0492177845,0.3185033348848124,0.21598497540939307,0.10251835947541935
290000.0,15000.0,1188.2603864653322,-57730.169807605445,-107804.8632050703,0.3174689643195279,0.2147229677659376,0.10274599655359032
295000.0,15000.0,1202.0337852282596,-59180.23633626102,-109732.40755750735,0.316462011383328,0.21350219573400248,0.10295981564932555
300000.0,15000.0,1215.7971578762022,-60631.34558087496,-111660.64705391663,0.31548142477142227,0.2123206707646408,0.10316075400678146
60000.0,20000.0,337.222789849326,4761.170144329899,-18462.5532371134,0.36831726679615523,0.3035729013254787,0.06474436547067652
65000.0,20000.0,365.69967406968715,3955.266103247468,-20255.655931168356,0.3701305639944282,0.30298233145790154,0.06714823253652663
70000.0,20000.0,392.34090162199277,3308.45376868725,-21826.030820875167,0.37232825776701567,0.30107028635180366,0.07125797141521201
75000.0,20000.0,417.5191857684535,2659.495319919166,-23347.836453387223,0.3739246098593685,0.2983755381776645,0.075549071681704
80000.0,20000.0,442.5988197696024,2000.277256038651,-24876.481829307566,0.37526722041446803,0.29596135265700485,0.07930586775746318
85000.0,20000.0,467.5944476775698,1332.3225584672618,-26410.95162768849,0.37640638227847256,0.2937860818620853,0.08262030041638724
90000.0,20000.0,492.5179517663989,656.8669837054913,-27950.422010863003,0.37738058633835914,0.29181593240796616,0.08556465393039298
95000.0,20000.0,517.3790742852708,-25.0762743318337,-29494.217516221222,0.3782196866809698,0.2900231971759959,0.08819648950497389
100000.0,20000.0,542.1858784799923,-712.6686380807951,-31041.77909205386,0.37894711936773656,0.28838494416103677,0.09056217520669979
105000.0,20000.0,566.9450953569594,-1405.2100828762195,-32592.640055250813,0.3795814846436655,0.2868820302689842,0.0926994543746813
110000.0,20000.0,590.5133429804519,-2221.6123300330073,-34226.07488668867,0.3793994419593933,0.28494389438943896,0.09445554756995433
115000.0,20000.0,610.5527253243673,-3405.0165662657964,-36104.17771084386,0.3770522456799632,0.2815503327025212,0.09550191297744198
120000.0,20000.0,630.5044012339536,-4597.542271668834,-37988.36151444589,0.374828270997663,0.2784062095730918,0.09642206142457121
125000.0,20000.0,650.377698005698,-5734.219407407407,-39813.97960493827,0.372982627739045,0.2754849980148602,0.0974976297241848
130000.0,20000.0,670.1806656441717,-6842.210773006154,-41608.473848670765,0.37136640288889633,0.2727638036809815,0.09860259920791481
135000.0,20000.0,689.9202882670002,-7956.790020231987,-43407.360013487996,0.369821768091291,0.270222763624808,0.09959900446648301
140000.0,20000.0,709.6026548675359,-9077.323893776265,-45210.21592918418,0.3683450931671445,0.26784456064800577,0.10050053251913871
145000.0,20000.0,729.2330982678839,-10203.257780140077,-47016.67185342671,0.3669328125129298,0.2656140281158412,0.10131878439708858
150000.0,20000.0,748.8163089671939,-11334.103867411839,-48826.40257827456,0.3655814710808657,0.26351782617074576,0.10206364491011993
155000.0,20000.0,768.3564290221727,-12469.431381694041,-50639.12092112936,0.3642877529247116,0.26154417473457736,0.10274357819013424
160000.0,20000.0,787.8571299295996,-13608.858487321639,-52454.5723248811,0.3630484975660563,0.25968263200945196,0.10336586555660432
165000.0,20000.0,807.3216776035595,-14752.045529229807,-54272.53035281987,0.36186070789507335,0.2579239096814105,0.10393679821366286
170000.0,20000.0,823.8047646397289,-16205.304477468191,-56297.202984978794,0.359435209985366,0.2553458892328861,0.1040893207524799
175000.0,20000.0,839.5450700556928,-17735.812714207947,-58373.37514280529,0.3568196066391989,0.25269352204681544,0.10412608459238348
180000.0,20000.0,855.2378048201696,-19271.268298702365,-60452.84553246824,0.35431630908130296,0.2501764465845099,0.10413986249679308
185000.0,20000.0,870.8865181342076,-20842.302114042403,-62566.368076028266,0.35183370127669217,0.24778456885917793,0.10404913241751423
190000.0,20000.0,886.4944146965008,-22696.58087156392,-64961.72058104262,0.34871784649765525,0.24550877465444942,0.10320907184320582
195000.0,20000.0,902.0643955119215,-24554.80286676017,-67359.70191117344,0.3457471912745305,0.24334081346423564,0.10240637781029488
200000.0,20000.0,917.5990930334568,-26416.694324520482,-69760.12954968032,0.34291183308112827,0.24127319854847068,0.10163863453265759
205000.0,20000.0,933.1009015347867,-28237.00624038221,-72117.83749358814,0.34031012087858986,0.23929912055300204,0.10101100032558782
210000.0,20000.0,948.5720034519558,-30060.511640996614,-74477.67442733108,0.3378197968625983,0.23741237259343148,0.1004074242691668
215000.0,20000.0,964.0143923047626,-31887.003200304694,-76839.50213353646,0.3354338794659399,0.2356072850663066,0.09982659439963329
220000.0,20000.0,979.4298927050038,-33546.29115867961,-79033.1941057864,0.3335168290953276,0.2338786687453399,0.09963816034998768
225000.0,20000.0,994.8201778745631,-34978.201501045434,-80998.63433403028,0.332161392899536,0.23222176495967606,0.09993962793985994
230000.0,20000.0,1010.1867850275617,-36412.57435713359,-82965.71623808907,0.3308499787206384,0.2306322018467941,0.10021777687384434
235000.0,20000.0,1025.5311289143604,-37849.26259290654,-84934.34172860436,0.329580566075398,0.22910595583314747,0.10047461024225052
240000.0,20000.0,1040.8545137786664,-39288.1305670187,-86904.42037801247,0.32835124830281215,0.22763931762794473,0.10071193067486742
245000.0,20000.0,1055.8957523638446,-40756.34175416015,-88894.0611694401,0.3270789459843505,0.226172657901995,0.1009062880823555
250000.0,20000.0,1069.9267300290521,-42329.62007697858,-90953.74671798572,0.3255444053405502,0.22455316333894637,0.10099124200160381
255000.0,20000.0,1083.9366988986337,-43905.08331454208,-93014.88887636138,0.32405709242691333,0.2229934181399604,0.10106367428695293
260000.0,20000.0,1097.9268005564247,-45482.61274213181,-95077.40849475453,0.3226149148086032,0.22149017562163098,0.10112473918697223
265000.0,20000.0,1111.8980953486182,-47062.09808374371,-97141.23205582914,0.32121589758931635,0.22004042014175515,0.1011754774475612
270000.0,20000.0,1125.851569483766,-48643.43677368833,-99206.29118245888,0.31985817569144104,0.21864134690681283,0.1012168287846282
275000.0,20000.0,1139.7881414009425,-50146.283294301975,-101192.27219620132,0.3186774329162228,0.21729034386080648,0.10138708905541632
280000.0,20000.0,1153.7086674925895,-51581.0485807707,-103109.6157205138,0.3176464396703742,0.21598497540939304,0.10166146426098116
285000.0,20000.0,1167.613947257069,-53017.39948526485,-105028.0163235099,0.3166423089392401,0.21472296776593763,0.10191934117330248
290000.0,20000.0,1181.5047279461442,-54455.258293601,-106947.42219573399,0.31566404686388266,0.2135021957340025,0.10216185112988016
295000.0,20000.0,1195.3817087642176,-55894.55228852137,-108867.78485901425,0.31471070495287967,0.21232067076464087,0.1023900341882388
300000.0,20000.0,1209.2455446689694,-57335.21335442719,-110789.05890295147,0.31378137780570997,0.21117653014731938,0.10260484765839059
60000.0,25000.0,336.56675758335035,8560.442788668439,-17218.871474221043,0.3676007434222688,0.30298233145790143,0.06461841196436735
65000.0,25000.0,363.39183562662697,7582.750905169203,-19126.499396553867,0.3677947633221664,0.3010702863518036,0.06672447697036277
70000.0,25000.0,388.8292301744473,6810.73993814252,-20780.34004123832,0.3689957107230817,0.2983755381776645,0.07062017254541719
75000.0,25000.0,414.14099739873643,6175.663729468593,-22292.890847020935,0.37089914944644636,0.29596135265700474,0.07493779678944162
80000.0,25000.0,439.34578596006156,5529.461739846403,-23812.858840102395,0.3725090635891603,0.29378608186208527,0.07872298172707504
85000.0,25000.0,464.45872749640216,4873.707659625827,-25339.194893582782,0.3738821754682908,0.2918159324079662,0.08206624306032456
90000.0,25000.0,489.4922284029635,4209.691753908206,-26871.038830727863,0.3750621951956694,0.2900231971759959,0.08503899801967352
95000.0,25000.0,514.4565569260465,3538.481920308841,-28407.67871979411,0.37608323846560177,0.28838494416103677,0.087698294304565
100000.0,25000.0,539.3602847541725,2860.9696144339396,-29948.52025704404,0.3769722420324862,0.2868820302689842,0.09009021176350201
105000.0,25000.0,563.114891596852,2063.948726072602,-31569.034182618267,0.3770170838901252,0.2849438943894389,0.09207318950068633
110000.0,25000.0,583.4805779491248,914.4801067089866,-33424.513262194014,0.3748809545110829,0.28155033270252117,0.09333062180856172
115000.0,25000.0,603.7345733903871,-246.60436739973375,-35287.736244933156,0.3728416355369512,0.27840620957309187,0.09443542596385934
120000.0,25000.0,623.8887558888845,-1418.0693875560246,-37157.87959170401,0.3708953390444952,0.27548499801486015,0.09541034102963503
125000.0,25000.0,643.9533768286927,-2534.848809815958,-38970.23253987731,0.36929836826737716,0.2727638036809816,0.09653456458639559
130000.0,25000.0,663.9373302261532,-3624.017656480064,-40752.178437653376,0.3679067909736679,0.27022276362480796,0.09768402734885995
135000.0,25000.0,683.8483701898431,-4720.769500256312,-42539.17966683755,0.36656700443643436,0.26784456064800577,0.0987224437884286
140000.0,25000.0,703.6932878721299,-5824.398061298489,-44330.76537419899,0.36527762108040607,0.2656140281158412,0.09966359296456484
145000.0,25000.0,723.4780564507761,-6934.282129119274,-46126.52141941285,0.3640370118627718,0.2635178261707458,0.100519185692026
150000.0,25000.0,743.2079506823096,-8049.873129039799,-47926.08208602654,0.36284340054529673,0.2615441747345774,0.10129922581071932
155000.0,25000.0,762.887646082537,-9170.68480741616,-49729.12320494411,0.3616949319720084,0.25968263200945196,0.10201229996255645
160000.0,25000.0,782.5213016726547,-10296.284626043918,-51535.356417362615,0.3605897212748174,0.25792390968141043,0.10266581159340699
165000.0,25000.0,799.252275290413,-11723.763369797038,-53542.842246531356,0.35824381054878507,0.25534588923288615,0.10289792131589892
170000.0,25000.0,815.2476160127297,-13227.747934676117,-55601.33195645075,0.35570163056747256,0.25269352204681544,0.10300810852065712
175000.0,25000.0,831.1823772639667,-14738.032764547454,-57664.02184303163,0.3532653331894242,0.25017644658450994,0.10308888660491428
180000.0,25000.0,847.0610788208251,-16254.147802634194,-59730.59853508946,0.3509287748070597,0.24778456885917793,0.10314420594788176
185000.0,25000.0,862.8878017489576,-17806.668618108408,-61831.77907873894,0.3486022607472025,0.24550877465444942,0.1030934860927531
190000.0,25000.0,878.6662403711296,-19643.211001402524,-64215.30733426835,0.34563849929873774,0.2433408134642356,0.10229768583450213
195000.0,25000.0,894.3997470191807,-21484.42631000519,-66601.9508733368,0.34280945123994266,0.24127319854847065,0.10153625269147201
200000.0,25000.0,910.0913707123826,-23329.997445912217,-68991.49829727481,0.34010615591456445,0.23929912055300204,0.10080703536156241
205000.0,25000.0,925.7438907025874,-25134.635366930917,-71338.75691128727,0.3376269542012319,0.23741237259343148,0.10021458160780042
210000.0,25000.0,941.3598456637716,-26943.076050967735,-73688.55070064515,0.335251294239625,0.23560728506630657,0.09964400917331845
215000.0,25000.0,956.9415591717981,-28755.077846133005,-76040.71856408867,0.3329728499672688,0.2338786687453399,0.09909418122192887
220000.0,25000.0,972.4911620130556,-30400.419150642236,-78225.11276709482,0.33115404287085,0.23222176495967606,0.09893227791117393
225000.0,25000.0,988.0106117730622,-31818.89637560153,-80181.59758373436,0.3298877408248982,0.23063220184679406,0.09925553897810413
230000.0,25000.0,1003.5017100842498,-33240.32215123804,-82140.04810082536,0.32866052530912876,0.22910595583314744,0.09955456947598132
235000.0,25000.0,1018.9661178529026,-34664.52374329814,-84100.34916219876,0.3274707324478054,0.22763931762794476,0.09983141481986063
240000.0,25000.0,1034.1483814117296,-36118.06833318013,-86080.21222212008,0.32623571063177526,0.226172657901995,0.10006305272978025
245000.0,25000.0,1048.3350797079995,-37675.15171036805,-88129.10114024537,0.3247369185278801,0.22455316333894634,0.10018375518893377
250000.0,25000.0,1062.4950240774838,-39235.01749594169,-90179.84499729447,0.3232831754574502,0.22299341813996043,0.10028975731748979
255000.0,25000.0,1076.6296682851141,-40797.514498348115,-92232.34299889875,0.32187255979018503,0.22149017562163095,0.10038238416855408
260000.0,25000.0,1090.74036264268,-42362.50228516129,-94286.50152344086,0.3205032512130474,0.22004042014175512,0.10046283107129228
265000.0,25000.0,1104.8283630504184,-43929.85024275648,-96342.23349517099,0.3191735248076898,0.2186413469068128,0.10053217790087698
270000.0,25000.0,1118.8948391066342,-45499.43673291005,-98399.45782194003,0.31788174545186076,0.21729034386080645,0.10059140159105431
275000.0,25000.0,1132.9408813955324,-46990.89833486464,-100377.84888990976,0.3167629830621017,0.21598497540939307,0.10077800765270864
280000.0,25000.0,1146.9675080488057,-48414.62916292419,-102287.83610861613,0.31579042059302603,0.2147229677659376,0.10106745282708843
285000.0,25000.0,1160.9756706640283,-49840.280250941054,-104199.10350062737,0.31484209129646906,0.21350219573400248,0.10133989556246659
290000.0,25000.0,1174.9662596522328,-51267.7589961678,-106111.58933077853,0.31391715638335527,0.21232067076464084,0.10159648561871443
295000.0,25000.0,1188.940109077881,-52696.978655900355,-108025.23577060024,0.31301481119488755,0.2111765301473194,0.10183828104756815
300000.0,25000.0,1202.8980010465723,-54127.85789115647,-109939.9885941043,0.31213428388644904,0.2100680272108843,0.10206625667556474
60000.0,30000.0,334.4427696312613,12177.048041651171,-16086.967972232553,0.36528090780982114,0.30107028635180366,0.06421062145801748
65000.0,30000.0,360.1392745804411,11081.984556365875,-18072.843629089417,0.36450279359997934,0.29837553817766455,0.06612725542231479
70000.0,30000.0,385.6831750278707,10321.05020289855,-19719.299864734297,0.3660101305128073,0.2959613526570048,0.07004877785580249
75000.0,30000.0,411.0971242425534,9696.60092122556,-21224.766052516294,0.368173097276431,0.2937860818620853,0.07438701541434567
80000.0,30000.0,436.3995032264054,9060.548335546162,-22737.96777630256,0.37001099246328195,0.29181593240796616,0.07819506005531579
85000.0,30000.0,461.60538252065624,8414.459782148246,-24257.860145234503,0.3715852763818123,0.2900231971759959,0.08156207920581643
90000.0,30000.0,486.7272353721006,7759.632478698462,-25783.57834753436,0.37294358269136124,0.28838494416103677,0.08455863853032447
95000.0,30000.0,511.77547415138554,7097.149311744099,-27314.400458837266,0.3741232862035223,0.2868820302689842,0.08724125593453813
100000.0,30000.0,535.7164402132521,6319.509782178211,-28921.993478547858,0.37442546896625145,0.28494389438943896,0.0894815745768125
105000.0,30000.0,556.4084305738825,5203.976779683784,-30754.848813544144,0.3725269693223277,0.28155033270252117,0.09097663661980654
110000.0,30000.0,576.9647455468206,4074.3335368693515,-32597.110975420434,0.3706945915664999,0.27840620957309187,0.09228838199340805
115000.0,30000.0,597.399813772071,2932.080632295372,-34447.77957846975,0.36892954860185495,0.27548499801486015,0.0934445505869948
120000.0,30000.0,617.7260880132137,1778.5131533742242,-36305.991231083855,0.3672316974584099,0.2727638036809816,0.09446789377742831
125000.0,30000.0,637.9543721853063,678.7547072718589,-38106.996861818756,0.3658580219538887,0.27022276362480796,0.09563525832908076
130000.0,30000.0,658.0940855121502,-394.2151067363884,-39878.143404490926,0.3646688808370734,0.26784456064800577,0.09682432018906761
135000.0,30000.0,678.1534774763759,-1475.5383424569154,-41654.85889497127,0.3635143397616863,0.2656140281158412,0.09790031164584506
140000.0,30000.0,698.1398039343583,-2564.4603908267454,-43436.64026055117,0.3623948830516953,0.2635178261707458,0.0988770568809495
145000.0,30000.0,718.0594723424463,-3660.314876385586,-45223.04325092373,0.3613105087577565,0.26154417473457736,0.09976633402317914
150000.0,30000.0,737.9181622354743,-4762.511127510683,-47013.67408500712,0.36026085978203815,0.25968263200945196,0.10057822777258618
155000.0,30000.0,757.7209257417497,-5870.523722858023,-48808.18248190534,0.3592453228168783,0.25792390968141043,0.10132141313546789
160000.0,30000.0,774.6997859410972,-7272.222262125899,-50798.48150808393,0.35698552778952775,0.25534588923288615,0.1016396385566416
165000.0,30000.0,790.9501619697667,-8749.683155144274,-52839.28877009619,0.3545226066141256,0.25269352204681544,0.10182908456731016
170000.0,30000.0,807.1269497077637,-10234.797230392578,-54885.19815359505,0.35215849325650656,0.2501764465845099,0.10198204667199667
175000.0,30000.0,823.2356395074426,-11726.993491225992,-56935.82899415067,0.3498878470466496,0.24778456885917793,0.10210327818747167
180000.0,30000.0,839.2811888014144,-13225.756364652887,-58990.83757643525,0.34770564563620215,0.24550877465444942,0.10219687098175273
185000.0,30000.0,855.2680852303376,-14761.619136044872,-61080.91275736324,0.34552393422635025,0.2433408134642356,0.10218312076211464
190000.0,30000.0,871.2004010049047,-16582.158295489906,-63453.772196993275,0.3427016827966522,0.24127319854847068,0.10142848424818152
195000.0,30000.0,887.0818398899786,-18407.988651442225,-65830.15910096148,0.3400046117534073,0.23929912055300204,0.10070549120040526
200000.0,30000.0,902.9157779532189,-20238.75909286522,-68209.83939524349,0.33742459739388836,0.23741237259343148,0.10001222480045688
205000.0,30000.0,918.7052990227805,-22029.148901630833,-70547.59926775389,0.3350599177945258,0.23560728506630657,0.09945263272821925
210000.0,30000.0,934.4532256385924,-23823.8645335864,-72888.24302239093,0.33279160434215543,0.2338786687453399,0.09891293559681552
215000.0,30000.0,950.1621461515485,-25622.63680023895,-75231.5912001593,0.33061391754049513,0.23222176495967609,0.09839215258081904
220000.0,30000.0,965.8344385185628,-27255.218394069467,-77407.47892937965,0.32888728612941953,0.2306322018467941,0.09825508428262544
225000.0,30000.0,981.4722912541397,-28661.381709569483,-79355.75447304633,0.3277046551787778,0.22910595583314747,0.09859869934563031
230000.0,30000.0,997.0777219271387,-30070.916919577576,-81306.27794638505,0.32655658138847665,0.22763931762794476,0.09891726376053189
235000.0,30000.0,1012.4010104596148,-31509.794912200072,-83276.36327480005,0.3253608678615241,0.226172657901995,0.09918820995952907
240000.0,30000.0,1026.743429386947,-33050.683343757526,-85314.45556250501,0.3238997211070405,0.22455316333894634,0.09934655776809417
245000.0,30000.0,1041.0533492563338,-34594.951677341276,-87354.80111822752,0.3224812974443205,0.22299341813996043,0.0994878793043601
250000.0,30000.0,1055.3325360138035,-36142.41625456442,-89397.27750304295,0.32110385994732527,0.221490175621631,0.09961368432569426
255000.0,30000.0,1069.5826299367425,-37692.90648657878,-91441.77099105252,0.3197657552510319,0.22004042014175518,0.09972533510927672
260000.0,30000.0,1083.8051566170711,-39246.263711824606,-93488.17580788308,0.318465409619238,0.2186413469068128,0.09982406271242522
265000.0,30000.0,1098.0015368123259,-40802.340171518095,-95536.39344767873,0.31720132508279714,0.21729034386080645,0.09991098122199069
270000.0,30000.0,1112.1730952984756,-42360.99808895856,-97586.3320593057,0.3159720756781368,0.21598497540939307,0.09998710026874372
275000.0,30000.0,1126.3210688405425,-43841.85884058359,-99557.65589372239,0.3149121260521157,0.21472296776593763,0.10018915828617808
280000.0,30000.0,1140.4466133819128,-45255.302208281064,-101460.78480552071,0.3139950462209969,0.21350219573400248,0.10049285048699441
285000.0,30000.0,1154.5508105402482,-46670.965703814174,-103365.39380254278,0.31309974953275127,0.21232067076464087,0.1007790787681104
290000.0,30000.0,1168.6346734867925,-48088.74395737356,-105271.41263824904,0.31222553885125737,0.21117653014731935,0.10104900870393801
295000.0,30000.0,1182.699152276295,-49508.53816326533,-107178.77544217689,0.31137174111927285,0.21006802721088436,0.10130371390838849
300000.0,30000.0,1196.745138686517,-50930.25557660224,-109087.4203844015,0.31053770688246635,0.20899352242614583,0.10154418445632052
60000.0,35000.0,331.44931898643483,15633.229174589218,-15038.680550273853,0.3620114385065031,0.2983755381776645,0.06363590032883859
65000.0,35000.0,357.22535265700475,14546.436676328492,-17019.042215781003,0.3615535660194491,0.29596135265700474,0.06559221336244436
70000.0,35000.0,382.8484625250452,13793.740102604701,-18660.006598263535,0.3633200118861639,0.2937860818620853,0.0695339300240786
75000.0,35000.0,408.3402789564086,13177.389011466497,-20160.07399235567,0.3657041034356641,0.2918159324079661,0.07388817102769801
80000.0,35000.0,433.7185366383491,12549.227810388315,-21668.014793074457,0.36773787551270426,0.290023197175996,0.07771467833670825
85000.0,35000.0,458.99791381815476,11910.783037088098,-23182.811308607936,0.3694863039365927,0.28838494416103677,0.08110135977555594
90000.0,35000.0,484.1906635485986,11263.329009054258,-24703.613993963827,0.37099999269913986,0.2868820302689842,0.08411796243015568
95000.0,35000.0,508.31798882965217,10505.070838283835,-26298.286107810778,0.3715957602944071,0.28494389438943896,0.08665186590496815
100000.0,35000.0,529.33628319864,9423.473452658567,-28108.51769822762,0.36996621943990965,0.28155033270252117,0.08841588673738848
105000.0,35000.0,550.1949177032541,8325.271441138422,-29929.81903924105,0.36836689375310405,0.27840620957309187,0.08996068418001218
110000.0,35000.0,570.9108716552576,7212.2306521467835,-31761.01289856881,0.36680503275558646,0.2754849980148602,0.09132003474072625
115000.0,35000.0,591.4987991977347,6085.875116564406,-33601.08325562373,0.36528532476211756,0.2727638036809816,0.09252152108113598
120000.0,35000.0,611.9714141444593,4947.527071023767,-35449.14861931749,0.36381060404152155,0.27022276362480796,0.09358784041671359
125000.0,35000.0,632.3398008344573,3862.33928678355,-37240.44047547763,0.36263814282443907,0.26784456064800577,0.0947935821764333
130000.0,35000.0,652.6136670806218,2803.3213763846725,-39002.28574907688,0.3616320231902083,0.26561402811584117,0.09601799507436715
135000.0,35000.0,672.8015514179403,1735.3613474657905,-40770.0924350228,0.36064551739005235,0.2635178261707458,0.09712769121930653
140000.0,35000.0,692.910994002583,659.2433762686414,-42543.337749154234,0.35968067888650296,0.26154417473457736,0.0981365041519256
145000.0,35000.0,712.9486783884116,-424.3374476052122,-44321.55829840347,0.35873887836387774,0.25968263200945196,0.09905624635442578
150000.0,35000.0,732.9205498108449,-1514.7628196721198,-46104.34187978141,0.357820963000666,0.25792390968141043,0.09989705331925558
155000.0,35000.0,750.1472965917811,-2890.6811544547672,-48077.454102969845,0.35565456696410525,0.25534588923288615,0.1003086777312191
160000.0,35000.0,766.6527079268037,-4341.618375612423,-50100.57891707495,0.35327739407860087,0.25269352204681544,0.10058387203178543
165000.0,35000.0,783.0715221515609,-5801.561696237652,-52129.70779749176,0.35099121353877927,0.2501764465845099,0.10081476695426939
170000.0,35000.0,799.41020019406,-7269.839179817762,-54164.39278654517,0.3487915893480598,0.24778456885917793,0.10100702048888188
175000.0,35000.0,815.6745758538711,-8745.844111197395,-56204.229407464925,0.34667427834751796,0.24550877465444942,0.10116550369306854
180000.0,35000.0,831.8699300895457,-10229.02727068725,-58248.851513791495,0.3446352366603172,0.2433408134642356,0.10129442319608159
185000.0,35000.0,848.0010549906287,-11749.890280974621,-60328.92685398308,0.34258809115921435,0.24127319854847068,0.10131489261074367
190000.0,35000.0,864.0723090675746,-13555.979856972233,-62692.15323798149,0.33989772506289245,0.23929912055300206,0.10059860450989039
195000.0,35000.0,880.0876652038505,-15367.882818799553,-65059.25521253304,0.33732385385514224,0.23741237259343148,0.09991148126171076
200000.0,35000.0,896.0507523817895,-17185.221752293874,-67429.98116819591,0.3348590995411547,0.23560728506630657,0.09925181447484815
205000.0,35000.0,911.9648921053865,-18962.65122103982,-69759.10081402655,0.33260163199814907,0.23387866874533988,0.09872296325280919
210000.0,35000.0,927.8331302900411,-20744.854449835722,-72091.40296655714,0.33043395594253994,0.23222176495967606,0.09821219098286388
215000.0,35000.0,943.6582652640634,-22531.540412537404,-74426.69360835827,0.32835085796888674,0.2306322018467941,0.09771865612209266
220000.0,35000.0,959.4428724240291,-24152.441267900984,-76594.79417860066,0.3267108211545608,0.22910595583314744,0.09760486532141335
225000.0,35000.0,975.1893260013746,-25547.310095857043,-78535.5400639047,0.32560683032930937,0.22763931762794473,0.09796751270136464
230000.0,35000.0,990.6536395074999,-26971.521491220017,-80495.84766081335,0.32445260659555836,0.22617265790199503,0.09827994869356332
235000.0,35000.0,1005.1517790658944,-28496.214977147,-82523.143318098,0.3230311425913773,0.22455316333894634,0.09847797925243093
240000.0,35000.0,1019.6116744351837,-30024.88585874089,-84553.09057249392,0.3216499151927634,0.22299341813996043,0.098656497052803
245000.0,35000.0,1034.0354037424927,-31557.318010780757,-86585.5453405205,0.32030738755169713,0.22149017562163095,0.09881721193006618
250000.0,35000.0,1048.4248972308042,-33093.31068799636,-88620.37379199757,0.3190020869036162,0.22004042014175512,0.09896166676186108
255000.0,35000.0,1062.781950183724,-34632.67718089273,-90657.45145392849,0.31773260284505744,0.21864134690681283,0.09909125593824461
260000.0,35000.0,1077.1082345180175,-36175.24361012617,-92696.66240675078,0.31649758539692097,0.21729034386080645,0.09920724153611452
265000.0,35000.0,1091.4053092014185,-37720.84784305247,-94737.89856203498,0.31529574292414014,0.2159849754093931,0.09931076751474704
270000.0,35000.0,1105.6746296322792,-39269.33851824296,-96781.05901216198,0.3141258399672108,0.2147229677659376,0.09940287220127317
275000.0,35000.0,1119.9175560997971,-40740.3241656211,-98745.7994437474,0.31312174507889484,0.2135021957340025,0.09961954934489234
280000.0,35000.0,1134.1353614282634,-42144.172411460604,-100642.5316076404,0.31225739201987485,0.21232067076464084,0.099936721255234
285000.0,35000.0,1148.3292378957042,-43550.50925884675,-102540.92283923116,0.3114125367925904,0.21117653014731938,0.10023600664527102
290000.0,35000.0,1162.5003035060176,-44959.21843537415,-104440.89562358276,0.3105866118056942,0.21006802721088433,0.10051858459480986
295000.0,35000.0,1176.649607684003,-46370.19080086367,-106342.37720057578,0.30977906454632087,0.20899352242614586,0.10078554212017501
300000.0,35000.0,1190.7781364543,-47783.323808752815,-108245.29920583521,0.3089893578395039,0.207951475314758,0.10103788252474588
60000.0,40000.0,328.76753028613894,19121.82314975845,-13968.7845668277,0.359082368722521,0.2959613526570048,0.06312101606551618
65000.0,40000.0,354.599800807537,18040.879283983842,-15945.247144010773,0.3588962024620101,0.2937860818620853,0.06511012059992477
70000.0,40000.0,380.2810546864119,17294.229687386833,-17582.18020840878,0.3608835631662272,0.29181593240796616,0.06906763075826106
75000.0,40000.0,405.8316907560418,16683.995838628354,-19078.16944091443,0.36345744532726243,0.290023197175996,0.07343424815126642
80000.0,40000.0,431.2685922642089,16061.93359547772,-20582.04426968152,0.3656606358672569,0.28838494416103677,0.07727569170622012
85000.0,40000.0,456.60585294581165,15429.508706364402,-22092.8275290904,0.36756073150171764,0.2868820302689842,0.08067870123273346
90000.0,40000.0,480.91953744605223,14690.63189438943,-23674.578737073713,0.36849356733507277,0.2849438943894389,0.08354967294563387
95000.0,40000.0,502.2641358233976,13642.97012563335,-25462.1865829111,0.3671702114057101,0.2815503327025212,0.08561987870318888
100000.0,40000.0,523.4250898596875,12576.209345407507,-27262.52710306166,0.36583474022451284,0.27840620957309187,0.08742853065142098
105000.0,40000.0,544.421929538444,11492.38067199818,-29074.24621866788,0.36450175859914496,0.27548499801486015,0.08901676058428482
110000.0,40000.0,565.2715103822558,10393.237079754603,-30896.1752801636,0.36318179452495586,0.27276380368098163,0.09041799084397423
115000.0,40000.0,585.9884561036124,9280.29943477569,-32727.300376816205,0.3618823635567572,0.27022276362480796,0.09165959993194922
120000.0,40000.0,606.5855161567645,8154.893680303503,-34566.73754646433,0.36060874402825827,0.26784456064800577,0.0927641833802525
125000.0,40000.0,627.0738566848679,7082.18109522626,-36349.71260318249,0.35961819658018196,0.2656140281158412,0.09400416846434073
130000.0,40000.0,647.4632989015224,6035.183085758326,-38103.54460949445,0.3587780558911261,0.2635178261707458,0.09526022972038029
135000.0,40000.0,667.7625156627198,4978.801628922862,-39863.63224738476,0.3579444153291869,0.26154417473457736,0.09640024059460955
140000.0,40000.0,687.9791945413489,3913.836232300273,-41629.44251179982,0.35712064881957895,0.25968263200945196,0.09743801681012698
145000.0,40000.0,708.12017387994,2840.998083513754,-43400.5012776575,0.3563092893288584,0.25792390968141043,0.09838537964744798
150000.0,40000.0,725.5948072424651,1490.8599532163644,-45356.42669785576,0.3542444440161878,0.2553458892328861,0.09889855478330173
155000.0,40000.0,742.3552538838406,66.44640391942812,-47361.86906405371,0.3519602584094395,0.25269352204681544,0.09926673636262406
160000.0,40000.0,759.016094595358,-1368.3261620827834,-49374.21744138852,0.3497584045421071,0.2501764465845099,0.09958195795759722
165000.0,40000.0,775.5847608806775,-2812.684868409531,-51392.95657893969,0.3476354697151214,0.24778456885917793,0.09985090085594345
170000.0,40000.0,792.0679629063278,-4265.9318577419035,-53417.6212384946,0.3455880893022298,0.2455087746544494,0.10007931464778039
175000.0,40000.0,808.4717749487539,-5727.435405329597,-55447.79027021973,0.34361297684348563,0.24334081346423564,0.10027216337924999
180000.0,40000.0,824.8017089763526,-7196.622266459337,-57483.08151097289,0.3417069446665791,0.24127319854847065,0.10043374611810843
185000.0,40000.0,841.0627782451704,-8703.97106250227,-59554.147375001514,0.33978506282313853,0.23929912055300204,0.10048594227013649
190000.0,40000.0,857.2595524544821,-10497.006544733857,-61908.671029822566,0.3372178099100783,0.23741237259343148,0.09980543731664684
195000.0,40000.0,873.3962057407985,-12296.294602956972,-64267.36306863798,0.33475912197304125,0.23560728506630657,0.09915183690673468
200000.0,40000.0,889.4765585721808,-14101.437908493215,-66629.95860566215,0.33240228711904246,0.2338786687453399,0.09852361837370255
205000.0,40000.0,905.5041144285339,-15867.072099432466,-68951.21473295498,0.330245329449772,0.23222176495967609,0.09802356449009589
210000.0,40000.0,921.482092009564,-17637.862431005342,-71275.90828733689,0.32817212821204644,0.2306322018467941,0.09753992636525236
215000.0,40000.0,937.413453593919,-19413.500826232426,-73603.83388415496,0.3261779428944109,0.22910595583314747,0.09707198706126341
220000.0,40000.0,953.3009300756107,-21023.70327213648,-75764.80218142433,0.3246193584048653,0.22763931762794476,0.09698004077692052
225000.0,40000.0,968.9062685553849,-22433.248070239963,-77715.33204682665,0.32350897469736334,0.226172657901995,0.09733631679536833
230000.0,40000.0,983.5601287448419,-23941.746610536444,-79731.83107369096,0.3221293848709582,0.22455316333894637,0.09757622153201184
235000.0,40000.0,998.1699996140337,-25454.820040140476,-81751.38002676032,0.3207873698193175,0.22299341813996043,0.09779395167935706
240000.0,40000.0,1012.7382714711821,-26972.219766997063,-83773.81317799805,0.3194816098115197,0.22149017562163098,0.0979914341898887
245000.0,40000.0,1027.2671645248663,-28493.71488941391,-85798.9765929426,0.31821082778761506,0.22004042014175512,0.09817040764585994
250000.0,40000.0,1041.7587437503764,-30019.090649960854,-87826.7270999739,0.316973790096193,0.21864134690681283,0.09833244318938014
255000.0,40000.0,1056.2149322237094,-31548.147048734216,-89856.9313658228,0.3157693066966754,0.21729034386080645,0.09847896283586896
260000.0,40000.0,1070.6375231043614,-33080.69759714641,-91889.46506476427,0.31459623094377365,0.21598497540939307,0.09861125553438058
265000.0,40000.0,1085.028190424016,-34616.568195902335,-93924.21213060156,0.31345345904876865,0.21472296776593763,0.09873049128283101
270000.0,40000.0,1099.3884988176817,-36155.596122961084,-95961.06408197405,0.312339929293891,0.2135021957340025,0.09883773355988848
275000.0,40000.0,1113.7199123162786,-37617.379119107034,-97919.66941273802,0.3113889237419109,0.21232067076464084,0.09906825297727007
280000.0,40000.0,1128.0238023046159,-39012.27456031996,-99810.4330402133,0.31057471852425067,0.21117653014731938,0.09939818837693129
285000.0,40000.0,1142.3014547357402,-40409.89870748302,-101703.01580498868,0.30977787733854756,0.21006802721088433,0.09970985012766323
290000.0,40000.0,1156.554076681489,-41810.12602512515,-103597.3340167501,0.3089979511946917,0.20899352242614583,0.10000442876854587
295000.0,40000.0,1170.7828022894194,-43212.83856190037,-105493.30904126691,0.3082344981136794,0.207951475314758,0.10028302279892143
300000.0,40000.0,1184.9886982079483,-44617.92538637336,-107390.86692424891,0.30748708403111985,0.20694043708041707,0.10054664695070278
60000.0,45000.0,326.35113909002877,22638.018465362988,-12880.487689758007,0.35644316808824816,0.2937860818620853,0.06265708622616284
65000.0,45000.0,352.2218304164152,21561.070363307168,-14854.286424461887,0.356489420109067,0.29181593240796616,0.06467348770110082
70000.0,45000.0,377.9448448737343,20818.763866868365,-16488.324088754423,0.35866651945312866,0.2900231971759959,0.06864332227713277
75000.0,45000.0,403.53927071026305,20213.084153867356,-17981.277230755095,0.3614043845327652,0.28838494416103677,0.07301944037172842
80000.0,45000.0,429.02104234302476,19595.688403674576,-19482.041064216948,0.3637550008452191,0.2868820302689842,0.07687297057623493
85000.0,45000.0,453.52108606245235,18876.192950495053,-21050.871366336632,0.3650775413173501,0.28494389438943896,0.08013364692791114
90000.0,45000.0,475.1919884481552,17862.466798608133,-22815.855467594578,0.36410496425704075,0.2815503327025212,0.08255463155451953
95000.0,45000.0,496.655262016121,16827.14724967658,-24595.23516688228,0.36306995571417133,0.27840620957309187,0.08466374614107947
100000.0,45000.0,517.9329874216306,15772.530691849592,-26387.47953876694,0.3619961740043655,0.2754849980148602,0.0865111759895053
105000.0,45000.0,539.0442215667767,14700.599042944785,-28191.267304703477,0.36090127172205094,0.2727638036809816,0.08813746804106937
110000.0,45000.0,560.0054980627655,13613.071798527613,-30005.452134314924,0.35979842959490704,0.27022276362480796,0.08957566597009908
115000.0,45000.0,580.8312314790714,12511.44807382342,-31829.034617451052,0.35869747379129735,0.2678445606480057,0.09085291314329164
120000.0,45000.0,601.5340462891139,11397.040814067848,-33661.139457288096,0.3576056980339994,0.2656140281158412,0.09199166991815816
125000.0,45000.0,622.1250463851045,10335.004824050877,-35436.99678396608,0.35678012221901034,0.26351782617074576,0.09326229604826458
130000.0,45000.0,642.6140373228566,9298.359881577082,-37183.926745615274,0.35609094042890144,0.26154417473457736,0.09454676569432408
135000.0,45000.0,663.0097106942862,8252.009912205773,-38937.32672519615,0.3553967431318172,0.25968263200945196,0.09571411112236522
140000.0,45000.0,683.3197979490352,7196.758986699657,-40696.66067553357,0.35470201937939055,0.25792390968141043,0.09677810969798012
145000.0,45000.0,701.0423178931491,5872.401060887496,-42635.39929274167,0.35274787993868745,0.2553458892328861,0.09740199070580136
150000.0,45000.0,718.0577998408777,4474.511183451279,-44623.159211032485,0.35056478290247617,0.25269352204681544,0.09787126085566072
155000.0,45000.0,734.9606670391552,3064.909372072143,-46618.72708528524,0.3484543888367918,0.2501764465845099,0.09827794225228192
160000.0,45000.0,751.759321567295,1644.4694429986994,-48621.520371334205,0.34641444731314663,0.24778456885917788,0.09862987845396876
165000.0,45000.0,768.4613499587847,213.98039571358822,-50631.01306952427,0.3444425881285954,0.24550877465444942,0.09893381347414598
170000.0,45000.0,785.0736198079619,-1225.8435399719747,-52646.72902664798,0.3425363793726686,0.2433408134642356,0.09919556590843301
175000.0,45000.0,801.6023629620767,-2674.3542519440234,-54668.23616796268,0.3406933707730621,0.24127319854847068,0.09942017222459143
180000.0,45000.0,818.0532474227665,-4130.962268032279,-56695.141512021524,0.33891112580056615,0.23929912055300206,0.09961200524756408
185000.0,45000.0,834.4314397051137,-5626.130270668189,-58758.08684711212,0.33710603595294947,0.23741237259343148,0.09969366335951799
190000.0,45000.0,850.7416590998075,-7407.367453620012,-61104.74496908001,0.3346538842985203,0.2356072850663066,0.09904659923221368
195000.0,45000.0,866.9882250389751,-9195.224595946609,-63455.816397297735,0.3323030430717789,0.2338786687453399,0.09842437432643897
200000.0,45000.0,883.1750985670266,-10989.289749029238,-65811.02649935283,0.3300473968212421,0.23222176495967609,0.09782563186156604
205000.0,45000.0,899.3059187550646,-12744.18444947328,-68125.12296631552,0.32798479287178983,0.2306322018467941,0.09735259102499574
210000.0,45000.0,915.3840347638087,-14504.560384563898,-70442.87358970927,0.3260003959107337,0.22910595583314747,0.09689444007758624
215000.0,45000.0,931.4125341498469,-16270.09644841592,-72764.06429894395,0.3240898914031098,0.22763931762794476,0.09645057377516503
220000.0,45000.0,947.15889760327,-17894.974649259937,-74934.81643283996,0.32252786496604635,0.22617265790199503,0.09635520706405132
225000.0,45000.0,961.9684784237894,-19387.278243925888,-76940.51882928393,0.32119250978741454,0.22455316333894637,0.09663934644846817
230000.0,45000.0,976.7283247928835,-20884.75422154012,-78949.66948102675,0.31989187570371314,0.22299341813996043,0.0968984575637527
235000.0,45000.0,991.4411391998715,-22387.12152321337,-80962.08101547557,0.31862487902619097,0.22149017562163098,0.09713470340455999
240000.0,45000.0,1006.1094318189282,-23894.11909083146,-82977.57939388764,0.3173904551440773,0.22004042014175515,0.09735003500232217
245000.0,45000.0,1020.7355373170291,-25405.504119028978,-84996.00274601932,0.31618756200790205,0.21864134690681283,0.09754621510108921
250000.0,45000.0,1035.3216299294008,-26921.05048734232,-87017.20032489487,0.3150151827148239,0.21729034386080642,0.0977248388540175
255000.0,45000.0,1049.8697370073044,-28440.547351240355,-89041.03156749357,0.31387232736679516,0.21598497540939304,0.09788735195740211
260000.0,45000.0,1064.3817512157527,-29963.797873561736,-91067.36524904116,0.312758034340974,0.2147229677659376,0.09803506657503638
265000.0,45000.0,1078.8594415355658,-31490.618080301152,-93096.07872020076,0.3116713710863054,0.21350219573400248,0.0981691753523029
270000.0,45000.0,1093.304463204294,-33020.835826753406,-95127.05721783561,0.3106114345394428,0.21232067076464084,0.09829076377480195
275000.0,45000.0,1107.7183667135273,-34474.039861793164,-97079.94324119545,0.3097109301949139,0.21117653014731938,0.09853440004759453
280000.0,45000.0,1122.102605965463,-35860.57897959184,-98965.13598639455,0.30894445692639955,0.21006802721088433,0.09887642971551522
285000.0,45000.0,1136.458545678975,-37250.06124938658,-100852.29083292438,0.30819335343062204,0.20899352242614586,0.09919983100447619
290000.0,45000.0,1150.7874681245387,-38642.35331504798,-102741.31887669866,0.3074572794134359,0.20795147531475797,0.09950580409867796
295000.0,45000.0,1165.090579257908,-40037.32975717756,-104632.13650478504,0.3067358943540085,0.20694043708041707,0.09979545727359143
300000.0,45000.0,1179.3690143142494,-41434.87251131807,-106524.66500754538,0.3060288589727177,0.20595904388825031,0.10006981508446738
60000.0,50000.0,324.1626061464184,26177.911039227507,-11776.392640514994,0.3540528359507195,0.29181593240796616,0.06223690354275335
65000.0,50000.0,350.05799899142704,25103.531895108405,-13748.478736594396,0.35429937127252603,0.2900231971759959,0.06427617409653014
70000.0,50000.0,375.8099491563172,24364.23471225699,-15380.510191828671,0.356640521144785,0.28838494416103677,0.06825557698374823
75000.0,50000.0,401.43623174023776,23761.86810098472,-16871.25459934352,0.35952093090191367,0.2868820302689841,0.07263890063292955
80000.0,50000.0,426.1226346788525,23061.754006600648,-18427.163995599567,0.36129752165824763,0.2849438943894389,0.07635362726880873
85000.0,50000.0,448.1198410729128,22081.96347158293,-20169.524352278047,0.3607296216694371,0.2815503327025212,0.0791792889669159
90000.0,50000.0,469.8854341725545,21078.085153945663,-21927.94323070289,0.3600389387309045,0.27840620957309187,0.08163272915781261
95000.0,50000.0,491.4440453048171,20052.68071170099,-23700.71285886601,0.3592603993371594,0.2754849980148602,0.08377540132229921
100000.0,50000.0,512.8169327512977,19007.961006134952,-25486.359329243365,0.35842043686918656,0.2727638036809816,0.08565663318820499
105000.0,50000.0,534.0225400219185,17945.844162279536,-27283.603891813644,0.35753915191218677,0.27022276362480796,0.08731638828737881
110000.0,50000.0,555.0769468013785,16868.002467343358,-29091.33168843776,0.35663188031966003,0.2678445606480057,0.08878731967165432
115000.0,50000.0,575.9942358933599,15775.900532909436,-30908.566311393708,0.35571034430634146,0.2656140281158412,0.09009631619050024
120000.0,50000.0,596.7867938686866,14670.826562343398,-32734.448958437733,0.3547835061297782,0.26351782617074576,0.09126567995903245
125000.0,50000.0,617.4655589829935,13617.918134231324,-34504.22124384578,0.35410797054393683,0.2615441747345774,0.09256379580935942
130000.0,50000.0,638.0402268472235,12590.18359211125,-36245.2109385925,0.35355646035374333,0.25968263200945196,0.09387382834429137
135000.0,50000.0,658.5194220181304,11552.51988988556,-37992.82007340963,0.3529897889869731,0.2579239096814105,0.0950658793055626
140000.0,50000.0,676.4898285438331,10253.94216855865,-39914.37188762757,0.35115667509462667,0.2553458892328861,0.09581078586174058
145000.0,50000.0,693.7603457979146,8882.57596298313,-41884.44935801125,0.3490837641602187,0.25269352204681544,0.09639024211340325
150000.0,50000.0,710.9052394829523,7498.14490622704,-43863.23672918197,0.3470728136353383,0.2501764465845099,0.09689636705082844
155000.0,50000.0,727.9338822539125,6101.623754406901,-45850.08416372874,0.34512289899299725,0.24778456885917788,0.09733833013381937
160000.0,50000.0,744.8547370112416,4693.892649169138,-47844.40490055391,0.34323278028981585,0.24550877465444942,0.09772400563536643
165000.0,50000.0,761.67546466717,3275.748325385677,-49845.66778307622,0.34140099352827763,0.24334081346423558,0.09806018006404205
170000.0,50000.0,778.4030169478007,1847.9137625712901,-51853.39082495247,0.33962592092099947,0.24127319854847068,0.09835272237252879
175000.0,50000.0,795.0437166003624,411.0465264376835,-53867.13564904155,0.33790584488750447,0.23929912055300204,0.09860672433450243
180000.0,50000.0,811.6033269557453,-1034.2539966024924,-55886.50266440166,0.3362389894650782,0.23741237259343148,0.0988266168716467
185000.0,50000.0,828.0871124588165,-2518.440304283082,-57942.12686952205,0.33454296017821195,0.2356072850663066,0.09893567511190535
190000.0,50000.0,844.4998915057693,-4289.011283400003,-60281.674188933335,0.33219857751074194,0.2338786687453399,0.09831990876540203
195000.0,50000.0,860.8460827055192,-6066.50739862601,-62625.83826575067,0.3299488558643394,0.23222176495967606,0.09772709090466336
200000.0,50000.0,877.1297455005651,-7850.506467941217,-64974.337645294145,0.3277882150964763,0.2306322018467941,0.09715601324968223
205000.0,50000.0,893.3546159336984,-9595.61994289537,-67281.91329526358,0.32581430029248465,0.22910595583314747,0.09670834445933718
210000.0,50000.0,909.5241382240829,-11346.489624695387,-69593.32641646359,0.32391348099918027,0.22763931762794473,0.09627416337123554
215000.0,50000.0,925.4115266511552,-13126.701228279853,-71924.30081885324,0.3220018092727405,0.22617265790199503,0.09582915137074549
220000.0,50000.0,940.3768281027368,-14832.809877315362,-74149.20658487691,0.32021842522832816,0.22455316333894637,0.09566526188938179
225000.0,50000.0,955.2866499717336,-16314.688402939704,-76147.95893529314,0.31896150815002067,0.22299341813996043,0.09596809001006024
230000.0,50000.0,970.1440069285608,-17802.023279429675,-78150.34885295312,0.31773542161265944,0.221490175621631,0.09624524599102843
235000.0,50000.0,984.9516991129904,-19294.52329224901,-80156.18219483267,0.3165393320573624,0.22004042014175515,0.09649891191560725
240000.0,50000.0,999.7123308836817,-20791.9175880971,-82165.27839206473,0.3153724055033242,0.21864134690681286,0.09673105859651132
245000.0,50000.0,1014.4283276350928,-22293.953925950336,-84177.46928396689,0.31423381279520596,0.21729034386080648,0.09694346893439948
250000.0,50000.0,1029.1019509102473,-23800.39710533427,-86192.59807022284,0.3131227337733488,0.21598497540939304,0.09713775836395577
255000.0,50000.0,1043.7353120074897,-25311.02755122108,-88210.51836748072,0.31203836055750567,0.21472296776593763,0.09731539279156803
260000.0,50000.0,1058.3303842534503,-26825.640037641162,-90231.09335842745,0.3109799001010325,0.2135021957340025,0.09747770436702999
265000.0,50000.0,1072.8890140923093,-28344.042534399836,-92254.19502293323,0.3099465761449342,0.21232067076464084,0.09762590538029337
270000.0,50000.0,1087.412931122439,-29866.05516326634,-94279.70344217756,0.3089376306786072,0.21117653014731938,0.09776110053128781
275000.0,50000.0,1101.9037571951856,-31311.259251700714,-96227.25616780047,0.3080852027746954,0.21006802721088433,0.0980171755638111
280000.0,50000.0,1116.363014676461,-32689.99647364806,-98107.2476490987,0.30736419599096176,0.20899352242614583,0.09837067356481594
285000.0,50000.0,1130.7921339596583,-34071.86806819553,-99989.32871213034,0.3066566933946403,0.207951475314758,0.0987052180798823
290000.0,50000.0,1145.192460307868,-35456.734127981705,-101873.40608532113,0.30596245440946374,0.20694043708041707,0.09902201732904667
295000.0,50000.0,1159.5652600942253,-36844.462950200555,-103759.39196680037,0.30528123173340516,0.20595904388825031,0.09932218784515484
300000.0,50000.0,1173.9117265012592,-38234.93044386903,-105647.20362924601,0.30461277330129094,0.2050060107268356,0.09960676257445533
60000.0,55000.0,322.17115310911976,29738.299923348448,-10658.633384434368,0.35187775596879284,0.2900231971759959,0.06185455879279694
65000.0,55000.0,348.0806276023714,28665.385270646628,-12629.743152902247,0.3522980416587672,0.28838494416103677,0.06391309749773044
70000.0,55000.0,373.85142113745087,27928.047798294894,-14260.46813447007,0.3547818943178656,0.2868820302689842,0.06789986404888143
75000.0,55000.0,398.7241832952526,27247.31506270627,-15803.456624862487,0.3570920565141552,0.28494389438943896,0.07214816212471625
80000.0,55000.0,421.04769369767035,26301.460144557706,-17523.193236961528,0.35699462045131025,0.28155033270252117,0.07544428774878909
85000.0,55000.0,443.115606328988,25329.02305821475,-19260.6512945235,0.35670128920016064,0.2784062095730919,0.07829507962706872
90000.0,55000.0,464.9551031880036,24332.830731552378,-21013.946178965085,0.35626118567414994,0.27548499801486015,0.08077618765928979
95000.0,55000.0,486.58964393581874,23315.32296932515,-22781.451353783235,0.3557116857225962,0.2727638036809816,0.08294788204161463
100000.0,55000.0,508.03958198107165,22278.61652603146,-24561.75564931236,0.3550814282663404,0.27022276362480796,0.08485866464153247
105000.0,55000.0,529.3226621236859,21224.55686086334,-26353.628759424442,0.3543924863093529,0.26784456064800577,0.08654792566134711
110000.0,55000.0,550.454425497606,20154.760251751024,-28155.993165499316,0.3536619525035586,0.2656140281158412,0.08804792438771736
115000.0,55000.0,571.4485413522688,19070.64830063595,-29967.901132909366,0.3529031103627324,0.26351782617074576,0.08938528419198666
120000.0,55000.0,592.3170806431302,17973.476386885537,-31788.51574207631,0.3521263083736455,0.2615441747345774,0.09058213363906809
125000.0,55000.0,613.0707430001609,16928.35727201673,-33553.09515198885,0.35158760427256436,0.259682632009452,0.09190497226311234
130000.0,55000.0,633.7190460872255,15908.28079307144,-35288.979471285704,0.35116196967781377,0.25792390968141043,0.09323805999640333
135000.0,55000.0,651.9373391945171,14635.483276229766,-37193.34448251349,0.34946155891612474,0.2553458892328861,0.09411566968323865
140000.0,55000.0,669.4628917549517,13290.640742514981,-39145.73950499001,0.3475090877181909,0.25269352204681544,0.09481556567137545
145000.0,55000.0,686.8498119267495,11931.380440381938,-41107.74637307871,0.3456065472931628,0.2501764465845099,0.09543010070865293
150000.0,55000.0,704.10844294053,10558.778065815131,-43078.64795612324,0.3437545327046743,0.24778456885917788,0.09596996384549644
155000.0,55000.0,721.2481240636984,9173.80490262463,-45057.796731583585,0.341953094282948,0.24550877465444942,0.09644431962849859
160000.0,55000.0,738.2773095263783,7777.340190743329,-47044.60653950444,0.34020186887768883,0.2433408134642356,0.09686105541345322
165000.0,55000.0,755.2036709335246,6370.181777086575,-49038.54548194229,0.3385001822076162,0.24127319854847068,0.0972269836591455
170000.0,55000.0,772.0341857779583,4953.055320907675,-51039.129786061545,0.336847128824677,0.23929912055300204,0.09754800827167495
175000.0,55000.0,788.7752142063769,3526.6222774632042,-53045.9184816912,0.335241634664353,0.23741237259343148,0.09782926207092155
180000.0,55000.0,805.4325658178254,2091.486845053849,-55058.5087699641,0.3336825059954661,0.2356072850663066,0.09807522092915952
185000.0,55000.0,822.0115579725635,617.2020291466033,-57107.531980568936,0.33208846722454194,0.2338786687453399,0.09820979847920203
190000.0,55000.0,838.5170668440117,-1143.7250482227828,-59440.65003214852,0.3298451303852624,0.232221764959676,0.09762336542558642
195000.0,55000.0,854.9535722460657,-2911.8284864091547,-61778.552324272765,0.32769034865460117,0.2306322018467941,0.09705814680780708
200000.0,55000.0,871.325197103588,-4686.679501226841,-64120.9530008179,0.32561902340249216,0.22910595583314747,0.09651306756934469
205000.0,55000.0,887.635742298319,-6422.882800974825,-66422.58853398322,0.32372857668537613,0.22763931762794473,0.0960892590574314
210000.0,55000.0,903.6641556990403,-8188.427807299828,-68743.78520486655,0.3218265354652364,0.22617265790199503,0.09565387756324134
215000.0,55000.0,918.7851777816843,-10048.341510704835,-71127.8943404699,0.3196961363224982,0.22455316333894634,0.09514297298355187
220000.0,55000.0,933.8449751505835,-11744.622584339319,-73346.24838955955,0.31799418957762476,0.22299341813996046,0.0950007714376643
225000.0,55000.0,948.84687465725,-13216.92503564601,-75338.61669043067,0.31681132584974914,0.22149017562163095,0.09532115022811818
230000.0,55000.0,963.7939664070523,-14694.92749366656,-77334.7849957777,0.31565569655333886,0.22004042014175515,0.09561527641158371
235000.0,55000.0,978.6891244503342,-16178.331057165226,-79334.55403811015,0.31452669407474687,0.2186413469068128,0.09588534716793407
240000.0,55000.0,993.5350253407843,-17666.85736455844,-81337.73824303896,0.3134236932103883,0.21729034386080645,0.09613334934958187
245000.0,55000.0,1008.3341648131903,-19160.24685942821,-83344.16457295214,0.3123460579216945,0.21598497540939304,0.09636108251230147
250000.0,55000.0,1023.0888727992264,-20658.25722888048,-85353.67148592032,0.31129314686521964,0.21472296776593763,0.096570179099282
255000.0,55000.0,1037.8013269713347,-22160.6619949812,-87366.10799665413,0.3102643179042076,0.21350219573400248,0.09676212217020513
260000.0,55000.0,1052.4735649803247,-23667.249242046237,-89381.33282803083,0.3092589317724597,0.21232067076464084,0.09693826100781888
265000.0,55000.0,1067.1074955313507,-25177.820464739518,-91399.21364315969,0.3082763550322653,0.2111765301473194,0.0970998248849459
270000.0,55000.0,1081.7049084249084,-26692.18952380953,-93419.62634920634,0.307315962444246,0.21006802721088433,0.0972479352333617
275000.0,55000.0,1096.267483673947,-28129.931697909517,-95362.20446527301,0.3065093369521626,0.20899352242614586,0.09751581452601674
280000.0,55000.0,1110.7967997947776,-29501.38282134314,-97237.3385475621,0.305831670155432,0.20795147531475797,0.09788019484067403
285000.0,55000.0,1125.294341357828,-30876.138498785906,-99114.67566585727,0.3051657607558155,0.2069404370804171,0.09822532367539838
290000.0,55000.0,1139.7615058742012,-32254.05338908307,-100994.11892605538,0.30451145974620514,0.20595904388825031,0.09855241585795482
295000.0,55000.0,1154.199610085217,-33634.99055113742,-102875.5770340916,0.3038686055534286,0.20500601072683558,0.09886259482659301
300000.0,55000.0,1168.6098957144586,-35018.82084569632,-104758.96389713089,0.3032370264345697,0.20408012579476312,0.09915690063980656
60000.0,60000.0,320.35130604842556,33316.535829036264,-9528.976113975827,0.3498901053248924,0.28838494416103677,0.061505161163855626
65000.0,60000.0,346.2666105346639,32244.22749560504,-11499.68166959664,0.3504620455997766,0.2868820302689842,0.06358001533079244
70000.0,60000.0,371.32573191165267,31432.876118811888,-13179.74925412541,0.35238503621509154,0.2849438943894389,0.06744114182565264
75000.0,60000.0,393.97554632242793,30520.95681753251,-14876.862121644994,0.35283924062460714,0.28155033270252117,0.07128890792208598
80000.0,60000.0,416.3457784854214,29579.960962483834,-16593.35935834411,0.35300799741141226,0.2784062095730918,0.07460178783832044
85000.0,60000.0,438.46616107119013,28612.980751403782,-18327.179499064147,0.3529585568435603,0.2754849980148602,0.0774735588287001
90000.0,60000.0,460.36235512033977,27622.684932515345,-20076.543378323102,0.35274209778615884,0.2727638036809816,0.07997829410517726
95000.0,60000.0,482.0566239402247,26611.38888978336,-21839.90740681109,0.35239791157194933,0.27022276362480796,0.08217514794714137
100000.0,60000.0,503.568377445993,25581.11125438328,-23615.92583041115,0.35195639283859725,0.26784456064800577,0.08411183219059148
105000.0,60000.0,524.9146151018521,24533.619970592612,-25403.420019604924,0.3514412075230477,0.2656140281158412,0.08582717940720647
110000.0,60000.0,546.110288835851,23470.4700389285,-27201.353307381,0.3508708842832427,0.2635178261707458,0.08735305811249688
115000.0,60000.0,567.168602303267,22393.034639539772,-29008.810240306822,0.35025999607814357,0.2615441747345774,0.08871582134356615
120000.0,60000.0,588.1012591530982,21302.530951922206,-30824.979365385196,0.34962004659838924,0.259682632009452,0.08993741458893723
125000.0,60000.0,608.9186701563207,20264.041696257358,-32585.138869161765,0.3492064478389902,0.2579239096814105,0.0912825381575797
130000.0,60000.0,627.3848498452012,19017.02438390092,-34472.31707739939,0.3476520091639098,0.2553458892328861,0.09230611993102372
135000.0,60000.0,645.1654377119886,17698.705522046825,-36407.02965196878,0.3458315793051476,0.25269352204681544,0.09313805725833213
140000.0,60000.0,662.7943843705466,16364.615974536864,-38352.25601697543,0.3440475561738183,0.2501764465845099,0.09387110958930844
145000.0,60000.0,680.2830036271475,15015.932377223333,-40307.21174851777,0.34230228498755777,0.24778456885917788,0.09451771612837989
150000.0,60000.0,697.6415111161551,13653.717156080122,-42271.18856261326,0.34059729584775345,0.24550877465444942,0.09508852119330402
155000.0,60000.0,714.8791543855864,12278.93205610098,-44243.54529593268,0.33893348311702376,0.2433408134642356,0.09559266965278815
160000.0,60000.0,732.0043249192486,10892.449791601859,-46223.700138932094,0.337311246263057,0.24127319854847065,0.09603804771458632
165000.0,60000.0,749.0246549555543,9495.064115377667,-48211.123923081555,0.335730600815326,0.23929912055300206,0.09643148026232395
170000.0,60000.0,765.9471014570084,8087.498551528872,-50205.33429898076,0.33419126602197025,0.23741237259343148,0.09677889342853876
175000.0,60000.0,782.7780191768345,6670.4139943908085,-52205.89067040612,0.3326927342566145,0.23560728506630663,0.09708544919030787
180000.0,60000.0,799.5232244393578,5244.4153416932095,-54212.38977220452,0.331234326068761,0.23387866874533994,0.09735565732342108
185000.0,60000.0,816.1880509825044,3779.057302180445,-56255.46179854637,0.32973580017084503,0.23222176495967603,0.097514035211169
190000.0,60000.0,832.7773989915663,2026.8494951229077,-58582.7670032514,0.3275873331787207,0.23063220184679412,0.09695513133192657
195000.0,60000.0,849.2957782734777,267.2609404416871,-60914.99270637221,0.3255218046076741,0.22910595583314747,0.09641584877452664
200000.0,60000.0,865.7473463725551,-1499.2759772542631,-63251.85065150284,0.323534549874398,0.22763931762794473,0.09589523224645327
205000.0,60000.0,881.9167847469253,-3250.154386319773,-65563.26959087985,0.3216428224733578,0.226172657901995,0.09547016457136279
210000.0,60000.0,897.1935274606318,-5093.873144094308,-67936.58209606288,0.31952211755165916,0.22455316333894637,0.09496895421271279
215000.0,60000.0,912.4033003294335,-6944.556765738933,-70314.53784382595,0.3174755284880376,0.22299341813996043,0.09448211034807719
220000.0,60000.0,927.5497423859395,-8631.826791862317,-72526.88452790822,0.3158505281622247,0.221490175621631,0.09436035254059369
225000.0,60000.0,942.6362337011142,-10095.33169508411,-74513.38779672275,0.3147376494239287,0.22004042014175512,0.09469722928217356
230000.0,60000.0,957.6659180169868,-11564.744526233379,-76503.82968415559,0.31364867695112053,0.2186413469068128,0.09500733004430773
235000.0,60000.0,972.6417230464762,-13039.760803166486,-78498.007202111,0.3125832075029851,0.21729034386080648,0.09529286364217865
240000.0,60000.0,987.5663787161334,-14520.096613522124,-80495.73107568143,0.31154080511801924,0.2159849754093931,0.09555582970862614
245000.0,60000.0,1002.4424335909631,-16005.486906539823,-82496.82460435989,0.3105210091572923,0.2147229677659376,0.0957980413913547
250000.0,60000.0,1017.272269689219,-17495.68395232124,-84501.12263488083,0.309523341001506,0.21350219573400248,0.09602114526750355
255000.0,60000.0,1032.0581158683399,-18990.455949692638,-86508.47063312843,0.30854730962030924,0.2123206707646408,0.09622663885566843
260000.0,60000.0,1046.802059940262,-20489.585766212724,-88518.72384414182,0.30759241619563893,0.21117653014731935,0.09641588604831958
265000.0,60000.0,1061.506059654631,-21992.869795918377,-90531.74653061226,0.3066581579506655,0.21006802721088433,0.09659013073978115
270000.0,60000.0,1076.171952671433,-23500.11692217097,-92547.4112814473,0.3057440313109976,0.20899352242614586,0.09675050888485173
275000.0,60000.0,1090.801465629897,-24930.897574490722,-94485.3483829938,0.3049810734659233,0.20795147531475797,0.09702959815116532
280000.0,60000.0,1105.3962224077877,-26295.542869590092,-96355.9452463934,0.30434474869295397,0.20694043708041704,0.09740431161253693
285000.0,60000.0,1119.9577516541772,-27663.643827965585,-98228.8458853104,0.3037185443281641,0.20595904388825034,0.09775950043991374
290000.0,60000.0,1134.4874936691751,-29035.050658405773,-100103.95043893717,0.3031023955279501,0.20500601072683555,0.09809638480111454
295000.0,60000.0,1148.986806695731,-30409.622103643953,-101981.16473576264,0.3024962196306242,0.20408012579476306,0.09841609383586111
300000.0,60000.0,1163.456972681298,-31787.224841144984,-103860.39989409666,0.30189991893295426,0.20318024536017618,0.09871967357277808
65000.0,65000.0,343.92728052805273,35768.43717491749,-10406.041883388341,0.3480943718059217,0.2849438943894389,0.06315047741648278
70000.0,65000.0,366.90339894718545,34740.453490507294,-12230.53100632847,0.3481882789534381,0.28155033270252117,0.06663794625091696
75000.0,65000.0,389.5759506418549,33830.89886675291,-13926.067422164728,0.3488990214575062,0.2784062095730918,0.07049281188441436
80000.0,65000.0,411.97721895437667,32893.13077125518,-15640.412819163215,0.34930401737530714,0.27548499801486015,0.07381901936044699
85000.0,65000.0,434.13506630486074,31930.046895705513,-17371.63540286299,0.34947209176597793,0.2727638036809816,0.07670828808499636
90000.0,65000.0,456.0736658993778,30944.161253535298,-19118.059164309805,0.3494559880169107,0.27022276362480796,0.07923322439210273
95000.0,65000.0,477.81409276830016,29937.665647903224,-20878.22290139785,0.3492964935008837,0.26784456064800577,0.08145193285287794
100000.0,65000.0,499.3748047060981,28912.4796894342,-22650.846873710532,0.3490254011386707,0.2656140281158412,0.08341137302282947
105000.0,65000.0,520.7720363194331,27870.29177722105,-24434.805481852633,0.3486676652217533,0.2635178261707458,0.08514983905100748
110000.0,65000.0,542.0201239634038,26812.592892193992,-26229.10473853734,0.3482429906233026,0.26154417473457736,0.08669881588872524
115000.0,65000.0,563.1317753060355,25740.704631827684,-28032.863578781544,0.34776701779536057,0.259682632009452,0.08808438578590855
120000.0,65000.0,584.1182942254159,24655.802599443246,-29845.298267037833,0.3472522156136004,0.2579239096814105,0.08932830593218993
125000.0,65000.0,602.8323604958853,23398.565491572073,-31751.289672285286,0.34571603330395356,0.25534588923288615,0.09037014407106742
130000.0,65000.0,620.8679836690255,22106.770301578654,-33668.31979894756,0.3440408259800016,0.25269352204681544,0.09134730393318613
135000.0,65000.0,638.7389568143437,20797.85150869174,-35596.76566087217,0.34238675739080465,0.25017644658450994,0.09221031080629472
140000.0,65000.0,656.457564313765,19473.086688631563,-37535.77554091229,0.3407581990128951,0.24778456885917788,0.09297363015371723
145000.0,65000.0,674.0348981686119,18133.629409535642,-39484.5803936429,0.33915838639844614,0.24550877465444942,0.09364961174399672
150000.0,65000.0,691.4809992447945,16780.523921458633,-41442.48405236092,0.33758965703757654,0.2433408134642356,0.09424884357334093
155000.0,65000.0,708.8049789049726,15414.717806117143,-43408.8547959219,0.3360536377052802,0.24127319854847065,0.09478043915680953
160000.0,65000.0,726.0151241331503,14037.07290984763,-45383.11806010158,0.33455139264948525,0.23929912055300204,0.09525227209648321
165000.0,65000.0,743.11898870764,12648.374825594568,-47364.75011627028,0.33308354124991735,0.2374123725934315,0.09567116865648584
170000.0,65000.0,760.1234725358435,11249.34114372771,-49353.27257084819,0.33165035174955626,0.2356072850663066,0.09604306668324966
175000.0,65000.0,777.034890906152,9840.628654239816,-51348.24756384012,0.33025181614094085,0.2338786687453399,0.09637314739560093
180000.0,65000.0,793.8590351209971,8422.839652583702,-53349.273564944204,0.32888771014286505,0.23222176495967603,0.09666594518318902
185000.0,65000.0,810.6012257370668,6965.527476654941,-55386.981682230034,0.32747875133203697,0.2306322018467941,0.09684654948524288
190000.0,65000.0,827.2663594433673,5221.201382110186,-57709.03241192654,0.3254194708534185,0.22910595583314744,0.09631351502027105
195000.0,65000.0,843.8589504467911,3469.3308464662987,-60036.11276902247,0.32343795343266646,0.22763931762794473,0.09579863580472173
200000.0,65000.0,860.1694137948105,1688.1190346602816,-62382.753976893146,0.3214500457597371,0.22617265790199503,0.09527738785774209
205000.0,65000.0,875.6018771395792,-139.4047774837818,-64745.26985165586,0.31933972002467476,0.22455316333894634,0.09478655668572841
210000.0,65000.0,890.9616255082835,-1974.490947138518,-67112.82729809235,0.31730271845074887,0.22299341813996046,0.09430930031078841
215000.0,65000.0,906.2526101146287,-3816.728548078623,-69485.15236538576,0.3153353634691186,0.22149017562163098,0.09384518784748763
220000.0,65000.0,921.4785009951762,-5495.73589650169,-71691.99059766778,0.3137831406009493,0.22004042014175515,0.09374272045919416
225000.0,65000.0,936.6427115836395,-6951.157995301473,-73673.10533020098,0.31273646700001767,0.21864134690681283,0.09409512009320484
230000.0,65000.0,951.7484207521677,-8412.66424177456,-75658.27616118305,0.31171061572010633,0.21729034386080645,0.09442027185929988
235000.0,65000.0,966.7985926190763,-9879.946367616067,-77647.29757841071,0.31070536861577996,0.21598497540939304,0.09472039320638692
240000.0,65000.0,981.7959943826999,-11352.716584199225,-79639.9777227995,0.309720461473458,0.21472296776593763,0.09499749370752036
245000.0,65000.0,996.7432124071036,-12830.70590966125,-81636.13727310751,0.3087555931552151,0.2135021957340025,0.09525339742121261
250000.0,65000.0,1011.6426667563552,-14313.662657339068,-83635.60843822605,0.3078104332970385,0.21232067076464084,0.09548976253239766
255000.0,65000.0,1026.4966243491738,-15801.35106768593,-85638.23404512394,0.30688462878932604,0.21117653014731935,0.09570809864200669
260000.0,65000.0,1041.3072108843535,-17293.550068027223,-87643.86671201815,0.3059778092298925,0.2100680272108843,0.09590978201900818
265000.0,65000.0,1056.0764216689188,-18790.052146432456,-89652.36809762163,0.3050895915087752,0.20899352242614583,0.09609606908262935
270000.0,65000.0,1070.8061314650165,-20290.662327638303,-91663.60821842554,0.3042195836584906,0.207951475314758,0.09626810834373262
275000.0,65000.0,1085.4981034577477,-21714.94724039425,-93597.2148269295,0.30349828751522173,0.20694043708041707,0.09655785043480467
280000.0,65000.0,1100.153997434153,-23073.23426684807,-95463.57284456538,0.3029014258284,0.20595904388825031,0.0969423819401497
285000.0,65000.0,1114.7753772531332,-24435.11076567415,-97332.32384378277,0.3023131491631019,0.20500601072683555,0.09730713843626637
290000.0,65000.0,1129.363717677004,-25800.423361591587,-99203.36557439438,0.3017334701003521,0.2040801257947631,0.09765334430558903
295000.0,65000.0,1143.9204106274346,-27169.02729474682,-101076.60152983121,0.3011623786771162,0.20318024536017612,0.09798213331694008
300000.0,65000.0,1158.4467709215735,-28540.785824156366,-102951.94054943757,0.30059984549610624,0.20230528904743963,0.09829455644866661
70000.0,70000.0,362.8061227982884,37731.836771022005,-11375.442152651998,0.344299997910594,0.27840620957309187,0.06589378833750215
75000.0,70000.0,385.48827683756315,36823.280791106576,-13070.312805928948,0.34523815535936764,0.27548499801486015,0.06975315734450749
80000.0,70000.0,407.9077774893818,35887.40885889571,-14783.394094069528,0.34585365122204226,0.2727638036809816,0.07308984754106068
85000.0,70000.0,430.0907078585309,34926.933617287206,-16512.877588475192,0.34621644504266585,0.27022276362480796,0.0759936814178579
90000.0,70000.0,452.0598080906073,33944.22004142316,-18257.186639051226,0.3463804615149426,0.26784456064800577,0.07853590086693685
95000.0,70000.0,473.8349943103441,32941.33940827579,-20014.94039448281,0.346387652678282,0.26561402811584117,0.0807736245624408
100000.0,70000.0,495.4337838030153,31920.113515513593,-21784.92432299094,0.3462709241633978,0.2635178261707458,0.08275309799265196
105000.0,70000.0,516.8716456235406,30882.151144848234,-23566.06590343451,0.34605627286090207,0.2615441747345774,0.08451209812632465
110000.0,70000.0,538.1622914589727,29828.878311733162,-25357.41445884456,0.3457643683927421,0.25968263200945196,0.08608173638329014
115000.0,70000.0,559.317918294511,28761.563502629142,-27158.124331580573,0.3454117366030055,0.2579239096814105,0.08748782692159501
120000.0,70000.0,578.2798711465691,27466.106599243183,-29110.928933837877,0.34378133416738993,0.2553458892328861,0.08843544493450384
125000.0,70000.0,596.5705296260626,26164.835081110505,-31046.276612592996,0.342124959779376,0.2526935220468155,0.08943143773256051
130000.0,70000.0,614.6835292581409,24881.08704284666,-32957.94197143556,0.3406138417261466,0.25017644658450994,0.09043739514163668
135000.0,70000.0,632.6321250003825,23580.241000039787,-34881.00599997348,0.3391132787335119,0.24778456885917788,0.091328709874334
140000.0,70000.0,650.4282852210687,22263.541662991163,-36814.63889133923,0.33762848218630787,0.24550877465444942,0.09211970753185844
145000.0,70000.0,668.0828441040026,20932.115786816285,-38758.08947545581,0.33616345385445756,0.2433408134642356,0.09282264039022195
150000.0,70000.0,685.6056328906966,19586.985820632428,-40710.67611957838,0.33472122982899627,0.24127319854847068,0.09344803128052559
155000.0,70000.0,703.0055933107462,18229.081704317592,-42671.77886378828,0.33330407374425075,0.23929912055300204,0.09400495319124871
160000.0,70000.0,720.2908759582717,16859.251099660265,-44640.832600226495,0.33191363052150835,0.2374123725934315,0.09450125792807684
165000.0,70000.0,737.4689258948524,15478.26829306467,-46617.32113795688,0.33055104920144923,0.2356072850663066,0.09494376413514263
170000.0,70000.0,754.5465573729462,14086.841966786393,-48600.77202214241,0.3292170814424547,0.23387866874533988,0.09533841269711482
175000.0,70000.0,771.5300192594898,12685.622002986958,-50590.751998008694,0.3279121607661187,0.23222176495967603,0.09569039580644265
180000.0,70000.0,788.4250524825674,11275.205458187003,-52586.863027875326,0.32663646649904,0.2306322018467941,0.0960042646522459
185000.0,70000.0,805.236940613257,9825.141823778744,-54619.7387841475,0.32531160756472166,0.2291059558331475,0.09620565173157417
190000.0,70000.0,821.9705545210272,8087.937670186831,-56937.04155320878,0.323336274775277,0.22763931762794473,0.09569695714733226
195000.0,70000.0,838.4220428426954,6321.392455640307,-59273.90502957313,0.32135407168022406,0.22617265790199498,0.09518141377822908
200000.0,70000.0,854.0102268185267,4465.063589126774,-61670.624273915484,0.31914832367613666,0.22455316333894637,0.09459516033719029
205000.0,70000.0,869.5199506871334,2645.5748714618676,-64027.78341902542,0.3171215878561149,0.2229934181399604,0.09412816971615448
210000.0,70000.0,884.955477843318,818.3696957050706,-66390.08686952994,0.3151637183783013,0.22149017562163095,0.09367354275667036
215000.0,70000.0,900.3207682892382,-1016.1400979192113,-68757.26006527946,0.3132713478986539,0.22004042014175512,0.09323092775689878
220000.0,70000.0,915.6195051502918,-2687.5714643696556,-70959.0476429131,0.311788027188113,0.21864134690681278,0.09314668028130021
225000.0,70000.0,930.8551184578596,-4135.567680382606,-72935.21178692175,0.3108040423900725,0.21729034386080648,0.093513698529266
230000.0,70000.0,946.0308065220192,-5589.79612170998,-74915.53074780665,0.3098380189148276,0.21598497540939307,0.09385304350543452
235000.0,70000.0,961.1495551744367,-7049.946261858568,-76899.79750790572,0.30888990645544906,0.21472296776593763,0.09416693868951143
240000.0,70000.0,976.2141551249877,-8515.72786700129,-78887.81857800085,0.30795959685325114,0.21350219573400245,0.09445740111924869
245000.0,70000.0,991.2272176443705,-9986.869364985469,-80879.41290999032,0.3070469341810589,0.2123206707646408,0.09472626341641807
250000.0,70000.0,1006.1911887580854,-11463.116369159106,-82874.41091277273,0.3061517233000225,0.2111765301473194,0.09497519315270309
255000.0,70000.0,1021.1083621140763,-12944.23034013607,-84872.65356009072,0.30527373712479106,0.2100680272108843,0.09520570991390676
260000.0,70000.0,1035.9808906664048,-14429.98737069391,-86873.9915804626,0.3044127227938149,0.2089935224261458,0.09541920036766913
265000.0,70000.0,1050.8107973001356,-15920.177080785914,-88878.28472052395,0.3035684069100584,0.20795147531475794,0.09561693159530044
270000.0,70000.0,1065.5999845077076,-17414.60161119839,-90885.40107413227,0.30274049999126273,0.20694043708041707,0.09580006291084567
275000.0,70000.0,1080.350243214129,-18832.8247057306,-92814.96647048707,0.30205897890350775,0.20595904388825034,0.0960999350152574
280000.0,70000.0,1095.0632608370913,-20185.170872942486,-94677.36391529499,0.30149981171131895,0.20500601072683555,0.0964938009844834
285000.0,70000.0,1109.7406286582766,-21541.22461953922,-96542.23307969281,0.30094778827155977,0.20408012579476306,0.0968676624767967
290000.0,70000.0,1124.3838485735719,-22900.829748348508,-98409.46983223234,0.30040299245023355,0.20318024536017618,0.09722274709005738
295000.0,70000.0,1138.9943392823966,-24263.83871463075,-100278.97580975384,0.29986548131430835,0.20230528904743966,0.09756019226686868
300000.0,70000.0,1153.5734419697794,-25630.112035142956,-102150.65802342864,0.29933528853351427,0.201454235510097,0.09788105302341726
75000.0,75000.0,381.68048867390274,39694.77082208588,-12245.152785276081,0.3418279511051529,0.2727638036809816,0.06906414742417133
80000.0,75000.0,404.107749817684,38759.705981039144,-13957.696012640572,0.34263171352551064,0.27022276362480796,0.07240894990070268
85000.0,75000.0,426.3055234129144,37800.7744349431,-15686.150376704598,0.343169429427943,0.26784456064800577,0.07532486877993722
90000.0,75000.0,448.2951839145901,36820.199127117376,-17429.033915255084,0.34349590456875684,0.26561402811584117,0.07788187645291567
95000.0,75000.0,470.0955312865974,35819.93525380612,-19185.043164129253,0.34365399257586987,0.2635178261707458,0.08013616640512405
100000.0,75000.0,491.72316728367736,34801.70939750245,-20953.027068331703,0.3436774825100971,0.26154417473457736,0.08213330777551975
105000.0,75000.0,513.1928076119101,33767.05199163864,-22731.965338907572,0.3435932146112508,0.25968263200945196,0.08391058260179884
110000.0,75000.0,534.517542363606,32717.324405815038,-24520.95039612331,0.343422650310836,0.25792390968141043,0.08549874062942558
115000.0,75000.0,553.7273817972532,31447.647706914337,-26456.568195390446,0.3419592512509387,0.2553458892328861,0.08661336201805259
120000.0,75000.0,572.2730755830995,30108.899860642356,-28438.23342623843,0.3402103570403701,0.25269352204681544,0.08751683499355467
125000.0,75000.0,590.6281017019379,28814.322577001534,-30369.118281998974,0.33871705943302916,0.2501764465845099,0.08854061284851927
130000.0,75000.0,608.8066856870001,27537.395311448025,-32276.23645903465,0.3373573134954232,0.2477845688591779,0.08957274463624529
135000.0,75000.0,626.8216722735255,26243.453916446655,-34194.69738903556,0.3359986697889703,0.24550877465444942,0.09048989513452088
140000.0,75000.0,644.6846889632106,24933.707652173907,-36123.69489855073,0.3346470594362617,0.24334081346423558,0.09130624597202613
145000.0,75000.0,662.4062868764205,23609.253835147712,-38062.49744323485,0.3333071447896952,0.24127319854847065,0.09203394624122455
150000.0,75000.0,679.9960624883422,22271.090498787584,-40010.439667474944,0.331982567522545,0.23929912055300204,0.09268344696954298
155000.0,75000.0,697.4627632089032,20920.127373725933,-41966.91508418271,0.3306761460711349,0.23741237259343145,0.09326377347770343
160000.0,75000.0,714.8143792538614,19557.19544240157,-43931.36970506562,0.3293900335076192,0.23560728506630657,0.09378274844131262
165000.0,75000.0,732.0582238397404,18183.055279333,-45903.29648044467,0.3281258443169674,0.2338786687453399,0.09424717557162748
170000.0,75000.0,749.2010033979825,16798.404353390186,-47882.230431073214,0.32688475660294086,0.23222176495967606,0.0946629916432648
175000.0,75000.0,766.248879228068,15403.883439719066,-49867.74437352062,0.32566759477933555,0.2306322018467941,0.09503539293254146
180000.0,75000.0,783.2075217831467,14000.082265447243,-51859.44515636851,0.3244748966882599,0.2291059558331475,0.09536894085511241
185000.0,75000.0,800.0821585952633,12556.544493907364,-53887.97033739509,0.32322910198115745,0.22763931762794473,0.09558978435321272
190000.0,75000.0,816.6746718905806,10804.665876620391,-56215.056082253075,0.3212530481293134,0.226172657901995,0.09508039022731837
195000.0,75000.0,832.4185764974741,8964.5319557373,-58600.97869617513,0.3190530368127593,0.22455316333894634,0.09449987347381297
200000.0,75000.0,848.0782758659834,7115.640690062282,-60992.73953995848,0.3169315209456987,0.22299341813996043,0.09393810280573828
205000.0,75000.0,863.6583455720074,5303.467939488764,-63345.02137367416,0.31498380882065363,0.22149017562163098,0.09349363319902265
210000.0,75000.0,879.1630355833001,3483.4557006632094,-65702.5295328912,0.31310082630421887,0.2200404201417551,0.09306040616246378
215000.0,75000.0,894.5962987169448,1656.0150665622787,-68064.98995562515,0.31127948859463633,0.21864134690681286,0.09263814168782347
220000.0,75000.0,909.961816163551,-8.471118990681134,-70262.14741266044,0.30986146306655654,0.21729034386080645,0.09257111920575009
225000.0,75000.0,925.2630204249622,-1449.6458758039516,-72233.76391720262,0.30893689181035017,0.21598497540939304,0.09295191640095712
230000.0,75000.0,940.5031159661735,-2897.175939517969,-74209.61729301198,0.30802762470864525,0.21472296776593766,0.09330465694270759
235000.0,75000.0,955.6850978428722,-4350.74982434127,-76189.49988289419,0.30713376381886387,0.21350219573400248,0.0936315680848614
240000.0,75000.0,970.8117685323858,-5810.0760726318695,-78173.21738175457,0.3062553429368653,0.21232067076464084,0.09393467217222445
245000.0,75000.0,985.885753166997,-7274.881670632312,-80160.58778042154,0.30539233848128366,0.21117653014731938,0.09421580833396428
250000.0,75000.0,1000.9095133437988,-8744.910612244916,-82151.44040816327,0.30454467878595654,0.2100680272108843,0.09447665157507223
255000.0,75000.0,1015.8853596638908,-10219.922594955366,-84145.61506330359,0.30371225204040786,0.2089935224261458,0.09471872961426206
260000.0,75000.0,1030.8154631352554,-11699.691833933437,-86142.96122262228,0.3028949130800278,0.207951475314758,0.09494343776526981
265000.0,75000.0,1045.7018655576676,-13184.005982002564,-88143.33732133504,0.3020924891957962,0.2069404370804171,0.09515205211537908
270000.0,75000.0,1060.546488994105,-14672.66514461307,-90146.61009640872,0.3013047851069401,0.20595904388825031,0.09534574121868977
275000.0,75000.0,1075.3511444210494,-16085.23098021088,-92072.40398680724,0.3006612630364914,0.20500601072683555,0.09565525230965582
280000.0,75000.0,1090.1175396395497,-17432.025877486813,-93931.1005849912,0.3001381241603225,0.20408012579476312,0.09605799836555937
285000.0,75000.0,1104.8472865197086,-18782.6322019503,-95792.33813463352,0.29962077504357826,0.20318024536017615,0.09644052968340211
290000.0,75000.0,1119.5419076432197,-20136.891605105135,-97656.01107007009,0.2991093652369021,0.20230528904743963,0.09680407618946249
295000.0,75000.0,1134.2028424015007,-21494.65439024393,-99522.01959349596,0.2986040136591564,0.201454235510097,0.0971497781490594
300000.0,75000.0,1148.831452600783,-22855.77892951855,-101390.26928634569,0.29810481225489294,0.20062611845367712,0.09747869380121582
80000.0,80000.0,400.55123873522155,41657.32882846304,-13115.114114357973,0.33961624676718605,0.26784456064800577,0.07177168611918028
85000.0,80000.0,422.75537351883617,40699.05884595896,-14843.127436027356,0.3403116130342425,0.2656140281158412,0.07469758491840128
90000.0,80000.0,444.75727877017954,39719.75699209867,-16585.162005267553,0.34078506588151974,0.2635178261707458,0.07726723971077393
95000.0,80000.0,466.5746889438141,38721.26765015666,-18339.988233228894,0.34108015077606346,0.26154417473457736,0.0795359760414861
100000.0,80000.0,488.2233237648474,37705.22567154414,-20106.516218970577,0.34123135531951704,0.259682632009452,0.08154872331006502
105000.0,80000.0,509.7171664327012,36673.08530900092,-21883.776460666053,0.34126620084978226,0.25792390968141043,0.08334229116837183
110000.0,80000.0,529.1748924479373,35429.188814585475,-23802.207456943015,0.3399900464235836,0.25534588923288615,0.08464415719069746
115000.0,80000.0,547.9756215401364,34116.964640174185,-25766.190239883876,0.33840720073735453,0.25269352204681544,0.08571367869053909
120000.0,80000.0,566.5726741457349,32783.558111156424,-27744.294592562383,0.33682152801621373,0.2501764465845098,0.08664508143170391
125000.0,80000.0,584.9812463736175,31494.549622856226,-29671.466918095848,0.33547866588835895,0.24778456885917788,0.08769409702918107
130000.0,80000.0,603.2150593259822,30223.366169902147,-31574.755886731902,0.3342588323328937,0.24550877465444942,0.0887500576784443
135000.0,80000.0,621.2865338224187,28935.299517531537,-33489.30032164564,0.33303163907045025,0.24334081346423558,0.08969082560621466
140000.0,80000.0,639.2069408621444,27631.521849662997,-35414.31876689133,0.33180363485097736,0.24127319854847062,0.09053043630250673
145000.0,80000.0,656.9865316659382,26313.099293257575,-37349.10047116161,0.3305800524138314,0.23929912055300204,0.09128093186082939
150000.0,80000.0,674.6346504595349,24981.00364779163,-39292.99756813892,0.32936505923234044,0.2374123725934315,0.09195268663890893
155000.0,80000.0,692.1598326128703,23636.12259173853,-41245.41827217431,0.32816195786657604,0.23560728506630657,0.09255467280026947
160000.0,80000.0,709.5698903065347,22279.268591879605,-43205.820938746925,0.3269733468261153,0.23387866874533988,0.0930946780807754
165000.0,80000.0,726.8719875364751,20911.186703793413,-45173.70886413773,0.3258012503018761,0.23222176495967603,0.09357948534220009
170000.0,80000.0,744.0727059735684,19532.5614212511,-47148.62571916593,0.3246472232203586,0.23063220184679406,0.09401502137356454
175000.0,80000.0,761.1781029530364,18144.0227071158,-49130.151528589464,0.323512436634351,0.2291059558331475,0.09440648080120348
180000.0,80000.0,778.1937626694994,16746.151317627926,-51117.89912158138,0.322397747369371,0.22763931762794473,0.09475842974142626
185000.0,80000.0,794.9273009384656,15287.939297600416,-53156.20713493306,0.3211465658399031,0.22617265790199498,0.09497390793790811
190000.0,80000.0,810.8269261764216,13464.000322347856,-55531.33311843476,0.31895273663439483,0.22455316333894634,0.09439957329544849
195000.0,80000.0,826.6366010448332,11630.706508662668,-57912.69566089156,0.31683689594441883,0.2229934181399604,0.09384347780445843
200000.0,80000.0,842.3612133006967,9788.566183272458,-60299.955877818364,0.314795023188687,0.22149017562163098,0.09330484756705604
205000.0,80000.0,858.0053028773622,7983.051499245659,-62647.79900050289,0.3129220943377051,0.2200404201417551,0.09288167419595003
210000.0,80000.0,873.5730922835974,6169.601597494126,-65000.93226833725,0.31111005122008506,0.21864134690681283,0.09246870431327223
215000.0,80000.0,889.0685138692429,4348.625442401273,-67359.08303839914,0.30935606677529537,0.21729034386080648,0.09206572291448889
220000.0,80000.0,904.4952343279052,2690.504370102135,-69551.99708659857,0.30799997501785165,0.21598497540939307,0.09201499960845858
225000.0,80000.0,919.8566767579101,1255.594382822659,-71519.43707811824,0.3071317629208475,0.2147229677659376,0.09240879515490988
230000.0,80000.0,935.1560405607564,-185.77178168133833,-73491.18118778756,0.3062763844327673,0.21350219573400245,0.09277418869876483
235000.0,80000.0,950.3963194204011,-1633.2827802782995,-75467.02185351888,0.30543408007725903,0.2123206707646408,0.09311340931261822
240000.0,80000.0,965.5803175759086,-3086.646972105489,-77446.76464807033,0.3046050129154695,0.21117653014731938,0.0934284827681501
245000.0,80000.0,980.7106645735216,-4545.590884353733,-79430.22725623581,0.3037892801123678,0.21006802721088433,0.09372125290148345
250000.0,80000.0,995.7898286613768,-6009.857819216821,-81417.23854614454,0.30298692285866513,0.20899352242614583,0.0939934004325193
255000.0,80000.0,1010.8201289703748,-7479.206587081018,-83407.63772472067,0.30219793489192476,0.20795147531475797,0.09424645957716679
260000.0,80000.0,1025.8037466076275,-8953.410352806735,-85401.27356853781,0.3014222698220382,0.2069404370804171,0.09448183274162109
265000.0,80000.0,1040.7427347740809,-10432.2555834956,-87398.00372233041,0.3006598474343107,0.20595904388825034,0.09470080354606034
270000.0,80000.0,1055.6390280050077,-11915.541087479214,-89397.69405831947,0.29991055911676867,0.20500601072683558,0.09490454838993309
275000.0,80000.0,1070.4944506208221,-13322.82713543449,-91319.96809028965,0.29930336268948987,0.20408012579476306,0.09522323689472681
280000.0,80000.0,1085.3107244658456,-14664.434655552046,-93175.20643703469,0.29881468110307385,0.20318024536017615,0.0956344357428977
285000.0,80000.0,1100.0894760040428,-16009.944495579562,-95033.04633038638,0.29833051629777024,0.20230528904743966,0.09602522725033058
290000.0,80000.0,1114.8322428332222,-17359.196745344903,-96893.38116356326,0.29785107839459674,0.201454235510097,0.09639684288449973
295000.0,80000.0,1129.5404796725447,-18712.04011405533,-98756.11007603689,0.2973765434290049,0.20062611845367712,0.09675042497532776
300000.0,80000.0,1144.2155638723698,-20068.33135727352,-100621.13757151568,0.29690705723203215,0.19982002297579032,0.09708703425624182
85000.0,85000.0,419.4190262537616,43619.578730391215,-13985.280846405858,0.3376259044884957,0.2635178261707458,0.0741080783177499
90000.0,85000.0,441.42621060395095,42640.8259028109,-15726.949398126064,0.3382327112857209,0.2615441747345774,0.0766885365511435
95000.0,85000.0,463.2538399177847,41643.39935144962,-17481.06709903359,0.3386525101145722,0.259682632009452,0.07896987810512018
100000.0,85000.0,484.9167905017964,40628.84621218682,-19246.602525208786,0.3389203374474921,0.2579239096814105,0.08099642776608162
105000.0,85000.0,504.6224030986213,39410.72992225661,-21147.846718495595,0.3378551512682693,0.2553458892328861,0.08250926203538322
110000.0,85000.0,523.6781674971735,38125.029419706036,-23094.14705352931,0.33645845073025293,0.2526935220468155,0.08376492868343743
115000.0,85000.0,542.5172465895321,36816.79364531133,-25055.470903125777,0.33503633291951745,0.2501764465845099,0.08485988633500757
120000.0,85000.0,561.1558070602352,35487.70393426446,-27030.69737715703,0.3336012571982649,0.24778456885917796,0.08581668833908693
125000.0,85000.0,579.6084463784389,34203.27842335764,-28954.814384428242,0.3323974392923933,0.24550877465444937,0.08688866463794392
130000.0,85000.0,597.8883786816269,32936.89138288921,-30854.905744740525,0.3313071652203685,0.24334081346423564,0.08796635175613288
135000.0,85000.0,616.0075948478684,31653.78986417831,-32766.140090547793,0.3302019403669694,0.24127319854847065,0.08892874181849877
140000.0,85000.0,633.9770008435341,30355.108087727567,-34687.76127484829,0.32908884407306915,0.23929912055300204,0.08978972352006712
145000.0,85000.0,651.8065377101664,29041.879921857297,-36619.08005209514,0.32797360221909116,0.23741237259343145,0.09056122962565971
150000.0,85000.0,669.5052859718794,27715.04974107546,-38559.46683928303,0.3268608394488619,0.2356072850663066,0.09125355438255531
155000.0,85000.0,687.0815567733289,26375.48190442621,-40508.34539704919,0.3257542813971116,0.23387866874533986,0.09187561265177174
160000.0,85000.0,704.5429716749682,25023.96905419667,-42465.18729720222,0.32465691763197935,0.2322217649596761,0.09243515267230323
165000.0,85000.0,721.8965327190691,23661.23940278319,-44429.50706481121,0.32357113354386857,0.23063220184679412,0.09293893169707446
170000.0,85000.0,739.1486841229258,22287.9631487843,-46400.857900810464,0.3224988175497113,0.22910595583314744,0.09339286171656389
175000.0,85000.0,756.3053667437355,20904.758141348488,-48378.82790576768,0.3214414485725141,0.22763931762794476,0.09380213094456935
180000.0,85000.0,773.1799299863508,19492.2127185805,-50376.358187613,0.32032056757138727,0.226172657901995,0.09414790966939227
185000.0,85000.0,789.2352758553691,17963.468688958383,-52461.68754069441,0.31884701680447186,0.22455316333894637,0.09429385346552549
190000.0,85000.0,805.1949262236833,16145.772327263083,-54832.651781824614,0.31673729245061377,0.22299341813996043,0.09374387431065334
195000.0,85000.0,821.0640810293861,14318.664427056152,-57209.89038196256,0.31470103607316363,0.221490175621631,0.09321086045153262
200000.0,85000.0,836.8475701714242,12482.647297828109,-59593.068468114594,0.31273454439487774,0.22004042014175512,0.09269412425312262
205000.0,85000.0,852.54988585025,10683.188128426002,-61936.874581049335,0.31093245567709943,0.21864134690681283,0.0922911087702866
210000.0,85000.0,868.1752115749343,8875.72200379317,-64286.01866413789,0.3091876763683573,0.21729034386080642,0.09189733250755089
215000.0,85000.0,883.7274482308483,7060.654616008222,-66640.23025599451,0.30749761488715954,0.21598497540939307,0.09151263947776647
220000.0,85000.0,899.210237549647,5408.364705163287,-68829.25686322447,0.30620032056540725,0.21472296776593766,0.09147735279946959
225000.0,85000.0,914.6269832786411,3979.206260978681,-70792.86249268087,0.30538561591946384,0.2135021957340025,0.09188342018546133
230000.0,85000.0,929.9808703084165,2543.5105120753287,-72760.82632528312,0.3045814454440182,0.21232067076464084,0.09226077467937738
235000.0,85000.0,945.2748819848202,1101.587726421305,-74732.94151571914,0.3037881756268253,0.21117653014731938,0.09261164547950593
240000.0,85000.0,960.5118158032442,-346.2711564626079,-76709.01410430841,0.3030060873576242,0.21006802721088433,0.09293806014673986
245000.0,85000.0,975.6942976588629,-1799.7930434782756,-78688.86202898552,0.3022353880738363,0.20899352242614583,0.09324186564769049
250000.0,85000.0,990.8247948054942,-3258.7213402285997,-80672.31422681906,0.3014762222202531,0.207951475314758,0.09352474690549512
255000.0,85000.0,1005.9056276575874,-4722.814723610907,-82659.20981574061,0.3007286802686905,0.20694043708041707,0.09378824318827342
260000.0,85000.0,1020.9389805540568,-6191.8460223781,-84649.39734825207,0.2999928065052295,0.20595904388825031,0.09403376261697921
265000.0,85000.0,1035.9269115889658,-7665.601194747549,-86642.73412983169,0.29926860576071723,0.20500601072683558,0.09426259503388165
270000.0,85000.0,1050.8713616020952,-9143.878393382096,-88639.08559558805,0.2985560492335163,0.20408012579476312,0.09447592343875319
275000.0,85000.0,1065.7741624119824,-10546.237109153823,-90558.07473943589,0.29798360046844335,0.20318024536017615,0.0948033551082672
280000.0,85000.0,1080.6370443648661,-11882.997386053903,-92410.08159070261,0.2975278936444506,0.2023052890474397,0.0952226045970109
285000.0,85000.0,1095.4616432649436,-13223.739100445877,-94264.74273363058,0.29707550590042503,0.201454235510097,0.09562127039032803
290000.0,85000.0,1110.2495067443067,-14568.301298592123,-96121.95086572808,0.2966267032521875,0.20062611845367714,0.09600058479851034
295000.0,85000.0,1125.0021001246978,-15916.531587031437,-97981.60439135428,0.2961817145167211,0.19982002297579035,0.09636169154093074
300000.0,85000.0,1139.7208118177723,-17268.28557095166,-99843.6070473011,0.2957407353887933,0.19903508219436922,0.09670565319442409
90000.0,90000.0,438.284356070722,45581.573031355096,-14855.617979096605,0.3358253372972452,0.259682632009452,0.07614270528779316
95000.0,90000.0,460.11641457089155,44584.607115372724,-16609.42858975152,0.3363589576872226,0.2579239096814105,0.07843504800581214
100000.0,90000.0,480.0699137493054,43392.27102992777,-18493.485980048154,0.33553273541618117,0.25534588923288615,0.08018684618329502
105000.0,90000.0,499.3807134542105,42133.09419923788,-20422.10386717475,0.33434573147866153,0.25269352204681544,0.08165220943184609
110000.0,90000.0,518.4618190333292,40850.02917946625,-22366.647213689168,0.33310699437490726,0.2501764465845099,0.08293054779039738
115000.0,90000.0,537.3303677468526,39544.858245672665,-24325.92783621822,0.3318331299288778,0.2477845688591779,0.0840485610696999
120000.0,90000.0,556.0018334308957,38219.19067681314,-26298.87288212457,0.33053727378994596,0.24550877465444937,0.0850284991354966
125000.0,90000.0,574.4902235408351,36938.48324824686,-28220.511167835426,0.32946220918044883,0.24334081346423567,0.08612139571621316
130000.0,90000.0,592.8082488335924,35676.05787869362,-30117.961414204256,0.3284921190028538,0.24127319854847065,0.08721892045438315
135000.0,90000.0,610.9674700211301,34397.11688219753,-32026.422078534983,0.3275002545251062,0.23929912055300206,0.08820113397210416
140000.0,90000.0,628.978424960798,33102.75619592299,-33945.162536051335,0.3264941512733738,0.23741237259343145,0.08908177867994233
145000.0,90000.0,646.8507393308884,31793.976890412392,-35873.515406391736,0.3254799619250964,0.2356072850663066,0.08987267685878977
150000.0,90000.0,664.5932232401232,30471.69521697279,-37810.86985535148,0.32446270909564645,0.23387866874533988,0.09058404035030657
155000.0,90000.0,682.2139558134606,29136.751404599927,-39756.665730266715,0.3234464886217441,0.23222176495967606,0.09122472366206802
160000.0,90000.0,699.7203594645696,27789.917384315224,-41710.388410456515,0.322434633856385,0.23063220184679403,0.09180243200959096
165000.0,90000.0,717.1192652928155,26431.9035904528,-43671.564273031465,0.3214298490712409,0.22910595583314744,0.09232389323809345
170000.0,90000.0,734.4169708179716,25063.36496506905,-45639.75668995397,0.3204343182431304,0.22763931762794476,0.09279500061518564
175000.0,90000.0,751.432559034236,23665.486139560526,-47627.50924029298,0.3193704301219898,0.22617265790199503,0.09319777221999476
180000.0,90000.0,767.6436255343166,22183.93705556891,-49671.04196295406,0.31802693304267554,0.22455316333894637,0.09347376970372917
185000.0,90000.0,783.7532514025331,20660.83814586344,-51752.60790275771,0.3166323069501239,0.2229934181399604,0.0936388888101635
190000.0,90000.0,799.7669487580754,18848.762670839846,-54119.82488610677,0.31460210402611294,0.22149017562163098,0.09311192840448196
195000.0,90000.0,815.6898374654862,17027.243096410588,-56493.337935726275,0.3126411724684272,0.22004042014175512,0.09260075232667209
200000.0,90000.0,831.5266794169027,15196.774659357878,-58872.81689376142,0.31074609822474747,0.21864134690681286,0.09210475131793461
205000.0,90000.0,847.2819092806261,13402.818565185124,-61212.95428987659,0.3090111782029854,0.21729034386080645,0.09172083434217895
210000.0,90000.0,862.9596621337912,11600.80486191428,-63558.46342539048,0.30733023608304205,0.21598497540939307,0.09134526067364898
215000.0,90000.0,878.5637983413837,9791.135027503915,-65909.07664833072,0.3057008957422452,0.21472296776593763,0.09097792797630755
220000.0,90000.0,894.0979259965252,8144.184303638613,-68094.54379757427,0.3044594691259687,0.21350219573400248,0.09095727339196624
225000.0,90000.0,909.5654211964318,6720.303804428899,-70054.6307970474,0.30369560645959726,0.21232067076464084,0.09137493569495642
230000.0,90000.0,924.9694463937317,5289.822424948099,-72019.11838336792,0.30294013561883737,0.21117653014731938,0.09176360547151799
235000.0,90000.0,940.3129670329669,3853.048571428575,-73987.80095238096,0.30219353779230046,0.2100680272108843,0.09212551058141616
240000.0,90000.0,955.5987666563487,2410.2717322602693,-75960.4855118265,0.30145620137548085,0.20899352242614583,0.09246267894933502
245000.0,90000.0,970.8294606406137,961.7639066238189,-77936.99072891744,0.3007284346073105,0.207951475314758,0.09277695929255253
250000.0,90000.0,986.0075087075472,-492.21909441507887,-79917.14606294339,0.3000104764882357,0.20694043708041707,0.09307003940781863
255000.0,90000.0,1001.1352263340327,-1951.4364612606005,-81900.79097417372,0.29930250622717,0.2059590438882503,0.09334346233891969
260000.0,90000.0,1016.2147951729239,-3415.661302015913,-83887.77420134394,0.2986046514264922,0.20500601072683558,0.0935986406996566
265000.0,90000.0,1031.2482725833677,-4884.6796513297595,-85877.95310088652,0.29791699518240394,0.20408012579476306,0.09383686938764088
270000.0,90000.0,1046.2376003581194,-6358.2895627555845,-87871.19304183705,0.29723958225131236,0.20318024536017615,0.09405933689113621
275000.0,90000.0,1061.184612725689,-7756.050276528345,-89787.11685101889,0.296700391897356,0.20230528904743966,0.09439510284991631
280000.0,90000.0,1076.091043696665,-9088.281455546836,-91636.1043036979,0.29627625970281474,0.201454235510097,0.09482202419271774
285000.0,90000.0,1090.9585338160682,-10424.562483128917,-93487.79165541928,0.29585431890052005,0.2006261184536771,0.09522820044684296
290000.0,90000.0,1105.7886363770256,-11764.731816789354,-95342.0712111929,0.2954348871219898,0.19982002297579032,0.09561486414619946
295000.0,90000.0,1120.5828231452365,-13108.636392895423,-97198.84092859694,0.29501824199293114,0.1990350821943692,0.09598315979856195
300000.0,90000.0,1135.342489638594,-14456.131077586208,-99058.00405172413,0.294604625380436,0.198270474137931,0.09633415124250502
95000.0,95000.0,455.5174243999894,47373.8121375989,-15839.125241600734,0.3329969573514139,0.25534588923288615,0.07765106811852773
100000.0,95000.0,475.0832594112474,46141.15897876973,-17750.06068082018,0.3320474393734525,0.25269352204681544,0.07935391732663705
105000.0,95000.0,494.4063914771265,44883.264713621145,-19677.82352425257,0.33101531988039495,0.2501764465845099,0.08083887329588507
110000.0,95000.0,513.5049284334702,43602.012557080896,-21621.1582952794,0.3299222373329271,0.24778456885917796,0.08213766847374912
115000.0,95000.0,532.3952204833525,42299.10293026867,-23578.93137982089,0.32878538600557383,0.24550877465444942,0.08327661135112441
120000.0,95000.0,551.0920684000432,40976.075113604486,-25550.116590930345,0.32761846983882753,0.24334081346423567,0.08427765637459186
125000.0,95000.0,569.6089028193164,39698.32589320891,-27469.782737860725,0.326662839160333,0.24127319854847068,0.08538964061186233
130000.0,95000.0,587.9579391987261,38439.12567666752,-29365.08288222165,0.32580442278251254,0.23929912055300206,0.08650530222951047
135000.0,95000.0,606.1503122114295,37163.63246998867,-31271.245020007555,0.32491808692015994,0.23741237259343148,0.08750571432672846
140000.0,95000.0,624.1961926898973,35872.90403974932,-33187.56397350045,0.32401175950202304,0.23560728506630657,0.08840447443571647
145000.0,95000.0,642.1048897069174,34567.908529519395,-35113.394313653735,0.3230919628690697,0.2338786687453399,0.0892132941237298
150000.0,95000.0,659.8849399519534,33249.533755003155,-37048.14416333123,0.3221640664109958,0.23222176495967606,0.08994230145131976
155000.0,95000.0,677.5441862100702,31918.595365847286,-38991.26975610181,0.32123249025947337,0.23063220184679406,0.09060028841267931
160000.0,95000.0,695.0898464627053,30575.844032121357,-40942.27064525243,0.32030087035482585,0.22910595583314744,0.09119491452167841
165000.0,95000.0,712.5285748922076,29221.97178878961,-42900.68547414026,0.3193721928430295,0.22763931762794476,0.09173287521508472
170000.0,95000.0,729.6851880821209,27838.75956054058,-44878.66029297295,0.31836978864307475,0.226172657901995,0.09219713074107974
175000.0,95000.0,746.0519752132641,26373.405422179465,-46911.39638521369,0.3170835989905044,0.2245531633389464,0.09253043565155802
180000.0,95000.0,762.3115765813832,24896.903964463854,-48951.564023690764,0.3158179194862163,0.22299341813996043,0.09282450134625586
185000.0,95000.0,778.4698164867648,23378.86091462354,-51029.759390250976,0.31449782625354383,0.221490175621631,0.09300765063191282
190000.0,95000.0,794.5321047595482,21571.83889499301,-53393.60740333799,0.3125428879773096,0.22004042014175512,0.09250246783555449
195000.0,95000.0,810.5034729835552,19755.361190289725,-55763.759206473514,0.3106533199808717,0.21864134690681283,0.09201197307405887
200000.0,95000.0,826.3886069863179,17929.915126577078,-58139.889915615284,0.3088259722688131,0.21729034386080645,0.09153562840800664
205000.0,95000.0,842.1918760367341,16140.955107820337,-60476.696594786445,0.30715479822772684,0.21598497540939307,0.09116982281833377
210000.0,95000.0,857.9173591331205,14343.905349844543,-62818.896433436974,0.30553449493823975,0.21472296776593763,0.09081152717230212
215000.0,95000.0,873.5688687144097,12539.162346298632,-65166.22510246758,0.30396288370029884,0.21350219573400248,0.09046068796629636
220000.0,95000.0,889.149972084447,10897.097096782469,-67348.43526881168,0.3027745849790202,0.21232067076464084,0.09045391421437937
225000.0,95000.0,904.6640108026434,9478.057123474893,-69305.29525101674,0.302059070189242,0.21117653014731938,0.09088254004192262
230000.0,95000.0,920.1141182626895,8052.3682993197,-71266.58780045353,0.3013499492962226,0.21006802721088433,0.09128192208533828
235000.0,95000.0,935.5032356538348,6620.336507998814,-73232.10899466745,0.30064780802758523,0.20899352242614583,0.0916542856014394
240000.0,95000.0,950.834126475733,5182.249153476238,-75201.66723101583,0.2999531329539977,0.207951475314758,0.09200165763923973
245000.0,95000.0,966.1093897575071,3738.3765347807202,-77175.08231014619,0.299266324540136,0.20694043708041704,0.09232588745971898
250000.0,95000.0,981.3314721140086,2288.9730998568994,-79152.18460009541,0.29858770845237886,0.20595904388825031,0.09262866456412855
255000.0,95000.0,996.5026787568822,834.2785907157522,-81132.81427285617,0.2979175453711476,0.20500601072683558,0.09291153464431204
260000.0,95000.0,1011.6251835646408,-625.4809092773648,-83116.82060618492,0.29725603951788365,0.20408012579476312,0.09317591372312053
265000.0,95000.0,1026.7010383042561,-2090.0920163573464,-85104.06134423823,0.29660334607496863,0.20318024536017615,0.09342310071479248
270000.0,95000.0,1041.7321810865124,-3559.3531670027296,-87094.40211133516,0.2959595776503488,0.2023052890474397,0.09365428860290911
275000.0,95000.0,1056.7204441283866,-4952.823810647795,-89007.4658737652,0.2954522390722661,0.20145423551009703,0.09399800356216906
280000.0,95000.0,1071.6675608878304,-6280.8236676656525,-90853.63244511044,0.2950583581608048,0.20062611845367714,0.09443223970712764
285000.0,95000.0,1086.5751726293533,-7612.932046547241,-92702.5380310315,0.29466560613262566,0.19982002297579032,0.09484558315683533
290000.0,95000.0,1101.4448344727011,-8948.987214839086,-94554.07480989271,0.2942743483146016,0.1990350821943692,0.0952392661202324
295000.0,95000.0,1116.2780209714854,-10288.835818965512,-96408.14054597702,0.293884907496635,0.19827047413793103,0.09561443335870395
300000.0,95000.0,1131.0761312638385,-11632.332348560798,-98264.63823237387,0.29349756832742846,0.19752541887440928,0.09597214945301918
100000.0,100000.0,470.35096392092356,48916.50024777604,-16988.99983481597,0.3287399210200003,0.2501764465845099,0.07856347443549044
105000.0,100000.0,489.6794891200877,47659.16686848912,-18916.388754340587,0.32785056084262476,0.2477845688591779,0.08006599198344685
110000.0,100000.0,508.7886075358093,46379.01518372417,-20858.98987751722,0.32689204413247774,0.24550877465444942,0.08138326947802832
115000.0,100000.0,527.6939132592513,45077.66697896214,-22815.72201402524,0.32588205207067567,0.24334081346423564,0.08254123860644003
120000.0,100000.0,546.4095568050404,43756.5939077242,-24785.604061517195,0.3248347656780851,0.2412731985484707,0.0835615671296144
125000.0,100000.0,564.948408376322,42481.134471137484,-26703.743685908346,0.3239901099612207,0.23929912055300206,0.08469098940821862
130000.0,100000.0,583.3221994620611,41224.50874405436,-28597.32750396376,0.3232356259207295,0.23741237259343148,0.08582325332729804
135000.0,100000.0,601.5416460489063,39951.83118908625,-30501.612540609167,0.3224476782399803,0.23560728506630657,0.0868403931736737
140000.0,100000.0,619.6165561737116,38664.121842066,-32415.918771956,0.3216345324332475,0.23387866874533988,0.08775586368790764
145000.0,100000.0,637.5559240904461,37362.31610540638,-34339.62259639575,0.32080303117954395,0.23222176495967606,0.0885812662198679
150000.0,100000.0,655.3680129555707,36047.27334737935,-36272.1511017471,0.3199588462570972,0.23063220184679406,0.08932664441030314
155000.0,100000.0,673.0604276325951,34719.784473789885,-38212.97701747341,0.3191066821382034,0.22910595583314747,0.09000072630505596
160000.0,100000.0,690.6401789664437,33380.578612510144,-40161.61425832657,0.3182504413648253,0.22763931762794473,0.09061112373688054
165000.0,100000.0,707.9378171300061,32012.032981520635,-42129.81134565291,0.3173145064217554,0.22617265790199503,0.09114184851976037
170000.0,100000.0,724.4603248922115,30562.87378878999,-44151.75080747334,0.3160901225396246,0.22455316333894637,0.09153695920067823
175000.0,100000.0,740.8699017602331,29101.96978306424,-46181.52014462384,0.31488113782786153,0.22299341813996043,0.0918877196879011
180000.0,100000.0,757.172684215454,27629.959158407204,-48218.6938943952,0.3136889287358074,0.22149017562163095,0.09219875311417644
185000.0,100000.0,773.3743720536102,26116.43469357546,-50293.876870949694,0.31243929275091564,0.2200404201417551,0.09239887260916055
190000.0,100000.0,789.4802665502078,24313.9477212216,-52654.7015191856,0.31055566040767074,0.21864134690681286,0.09191431350085788
195000.0,100000.0,805.4953046920094,22502.011687968974,-55021.82554135402,0.3087337673094136,0.21729034386080642,0.09144342344860718
200000.0,100000.0,821.4240899396772,20681.105353726423,-57394.92976418239,0.30697070491540035,0.21598497540939307,0.09098572950600728
205000.0,100000.0,837.2709199248573,18896.67567218514,-59728.71621854324,0.30536008217235,0.21472296776593763,0.09063711440641237
210000.0,100000.0,853.0398114322942,17104.140388958593,-62067.90640736094,0.3037974289406302,0.2135021957340025,0.09029523320662772
215000.0,100000.0,868.7345229724624,15303.890389136097,-64412.23974057593,0.3022807476659767,0.21232067076464084,0.08996007690133584
220000.0,100000.0,884.3585752115549,13666.291822001716,-66591.47211866552,0.3011430118527694,0.21117653014731938,0.08996648170545005
225000.0,100000.0,899.9152694924121,12251.688027210854,-68545.3746485261,0.3004735087348131,0.2100680272108843,0.0904054815239288
230000.0,100000.0,915.4077046513207,10830.40128373736,-70503.73247750843,0.2998085345140748,0.20899352242614583,0.09081501208792897
235000.0,100000.0,930.8387923108523,9402.734400328656,-72466.34373311422,0.29914877027625514,0.20795147531475794,0.0911972949614972
240000.0,100000.0,946.2112708074669,7968.972163976578,-74433.01855734896,0.29849479232204107,0.20694043708041707,0.091554355241624
245000.0,100000.0,961.5277178939846,6529.382660974399,-76403.57822601707,0.29784708556639056,0.2059590438882503,0.09188804167814027
250000.0,100000.0,976.7905623408401,5084.218483447388,-78377.85434436842,0.2972060551762044,0.20500601072683555,0.09220004444936886
255000.0,100000.0,992.0020945459135,3633.7178327750007,-80355.68811148332,0.29657203669420096,0.2040801257947631,0.09249191089943787
260000.0,100000.0,1007.1644762503931,2178.1055300408916,-82336.92964663942,0.29594530485921355,0.20318024536017615,0.0927650594990374
265000.0,100000.0,1022.2797494473352,717.5939425228571,-84321.43737165144,0.2953260813016782,0.20230528904743966,0.09302079225423854
270000.0,100000.0,1037.349844560108,-747.6161657487683,-86309.0774438325,0.29471454126669444,0.20145423551009703,0.09326030575659741
275000.0,100000.0,1052.376587959592,-2137.084852202446,-88219.47323480164,0.2942377248283055,0.20062611845367712,0.0936116063746284
280000.0,100000.0,1067.3617088816814,-3461.1322763051285,-90063.00485087009,0.29387284348275927,0.19982002297579035,0.09405282050696892
285000.0,100000.0,1082.3068458001655,-4789.338036782792,-91909.30869118853,0.29350808924472255,0.1990350821943692,0.09447300705035336
290000.0,100000.0,1097.2135523043767,-6121.540560344816,-93758.27704022988,0.2931438715411416,0.19827047413793103,0.09487339740321055
295000.0,100000.0,1112.0833025259144,-7457.586537304916,-95609.80769153661,0.29278055497943845,0.19752541887440925,0.0952551361050292
300000.0,100000.0,1126.9174961543122,-8797.330399951548,-97463.80359996771,0.29241846387241427,0.19679917585747178,0.09561928801494249
105000.0,105000.0,485.1819945882662,50458.92743717969,-18139.04837521354,0.32483939509563,0.24550877465444945,0.07933062044118053
110000.0,105000.0,504.2957581184594,49179.25884431978,-20081.327437120148,0.32400542932180004,0.24334081346423564,0.0806646158575644
115000.0,105000.0,523.2102107907643,47878.861922239485,-22037.425385173672,0.32311310188082,0.24127319854847068,0.0818399033323493
120000.0,105000.0,541.938877553918,46559.143265607476,-24006.404489595014,0.3221769936298587,0.2392991205530021,0.0828778730768566
125000.0,105000.0,560.4940867126927,45285.38501812005,-25923.40998791997,0.32143561800371684,0.23741237259343148,0.08402324541028536
130000.0,105000.0,578.8870994079152,44030.758338423184,-27815.661107717875,0.3207780092839121,0.23560728506630657,0.08517072421760552
135000.0,105000.0,597.1282226405059,42760.33515461261,-29718.443230258265,0.32008192660752727,0.23387866874533988,0.08620325786218738
140000.0,105000.0,615.2269082289388,41475.09845580964,-31631.10102946024,0.31935592584955297,0.23222176495967609,0.08713416088987688
145000.0,105000.0,633.1918397010713,40175.95132891141,-33553.03244739239,0.31860712734188124,0.23063220184679406,0.08797492549508718
150000.0,105000.0,651.0310088024847,38863.72491545841,-35483.68338969439,0.31784146668164986,0.2291059558331475,0.08873551084850237
155000.0,105000.0,668.7517830406798,37539.185436230706,-37422.543042512865,0.3170638978297055,0.22763931762794473,0.08942458020176078
160000.0,105000.0,686.1904461778912,36185.30640250069,-39380.96239833287,0.3161999822878112,0.226172657901995,0.0900273243858162
165000.0,105000.0,702.8686745711589,34752.34215540052,-41392.10522973299,0.31504239659781197,0.22455316333894634,0.09048923325886563
170000.0,105000.0,719.4282269390831,33307.035601664626,-43411.476265556914,0.3138945620596598,0.22299341813996043,0.09090114391969939
175000.0,105000.0,735.8755519441434,31850.057402190927,-45438.62839853938,0.31275846210697683,0.22149017562163098,0.09126828648534585
180000.0,105000.0,752.2166393476723,30382.030492157908,-47473.1463385614,0.3116356898409682,0.22004042014175515,0.09159526969921303
185000.0,105000.0,768.4570601168605,28872.534252153477,-49545.64383189768,0.3104527238662058,0.21864134690681286,0.09181137695939295
190000.0,105000.0,784.6020023977012,27074.10824936093,-51903.761167092714,0.3086367111828285,0.21729034386080645,0.09134636732202203
195000.0,105000.0,800.65630384262,25266.25559963248,-54268.162933578344,0.3068790538758987,0.21598497540939304,0.09089407846650566
200000.0,105000.0,816.624480716594,23449.44599452577,-56638.53600364949,0.3051770645235821,0.21472296776593763,0.09045409675764449
205000.0,105000.0,832.5107541501785,21669.118431618554,-58969.587712254295,0.3036240077697655,0.2135021957340025,0.090121812035763
210000.0,105000.0,848.3190738604776,19880.683681489667,-61306.044212340224,0.30211620853590687,0.2123206707646408,0.08979553777126606
215000.0,105000.0,864.0531396204666,18084.52652052854,-63647.64898631431,0.3006518356999706,0.21117653014731938,0.08947530555265124
220000.0,105000.0,879.7164207221349,16451.007755102037,-65824.16149659865,0.29956225895048044,0.21006802721088433,0.08949423173959611
225000.0,105000.0,895.3121736488067,15040.466059475904,-67775.3559603494,0.29893657697461434,0.20899352242614583,0.08994305454846852
230000.0,105000.0,910.8434581459719,13623.219647181075,-69731.0202352126,0.29831368140220277,0.207951475314758,0.09036220608744477
235000.0,105000.0,926.3131518574269,12199.567793172377,-71690.95480455176,0.29769434037116516,0.20694043708041704,0.09075390329074812
240000.0,105000.0,941.7239636739605,10769.792222091899,-73654.97185193872,0.29707921225844897,0.20595904388825031,0.09112016837019865
245000.0,105000.0,957.0784459247984,9334.158376179053,-75622.89441588064,0.2964688593704605,0.20500601072683558,0.09146284864362494
250000.0,105000.0,972.3790055271863,7892.916574827395,-77594.55561678173,0.2958637598589466,0.20408012579476312,0.09178363406418347
255000.0,105000.0,987.6279141965301,6446.30307643913,-79569.79794904057,0.29526431810951576,0.20318024536017615,0.09208407274933961
260000.0,105000.0,1002.8273178081586,4994.541052048502,-81548.47263196766,0.29467087381276874,0.2023052890474397,0.09236558476532905
265000.0,105000.0,1017.9792449918294,3537.8414791502582,-83530.43901389983,0.29408370989683374,0.20145423551009703,0.09262947438673672
270000.0,105000.0,1033.0856150313539,2076.4039632608183,-85515.56402449278,0.2935030594739193,0.20062611845367712,0.09287694102024219
275000.0,105000.0,1048.1482451340091,690.667493936955,-87423.4716707087,0.29305550737209457,0.19982002297579035,0.09323548439630422
280000.0,105000.0,1063.1688571276302,-629.6888587264693,-89264.54257248432,0.2927184407559127,0.19903508219436922,0.09368335856154347
285000.0,105000.0,1078.149083637268,-1954.2453017241205,-91108.41353448274,0.2923805561124121,0.19827047413793106,0.09411008197448104
290000.0,105000.0,1093.0904737879905,-3282.8407260489766,-92954.97715069933,0.29204230366821193,0.19752541887440925,0.09451688479380269
295000.0,105000.0,1107.994498475709,-4615.32215852628,-94804.13143901751,0.29170408677215376,0.19679917585747178,0.09490491091468198
300000.0,105000.0,1122.862555243723,-5951.544254652807,-96655.77950310186,0.2913662665321348,0.19609104147134504,0.09527522506078978
110000.0,110000.0,500.0108647764884,52001.12993675479,-19289.246708830142,0.3212524243946055,0.2412731985484707,0.07997922584613479
115000.0,110000.0,518.9293467315139,50701.15206007744,-21245.06529328171,0.3204694163479555,0.23929912055300204,0.08117029579495347
120000.0,110000.0,537.6659739633244,49382.26129218574,-23213.492471876176,0.3196367971429389,0.23741237259343154,0.08222442454950737
125000.0,110000.0,556.2325527669243,48109.68548776012,-25129.709674826583,0.3189916871399038,0.2356072850663066,0.08338440207359718
130000.0,110000.0,574.6398891073002,46856.54846715921,-27020.967688560522,0.31842450776930775,0.2338786687453399,0.08454583902396784
135000.0,110000.0,592.8978923674313,45587.88080621284,-28922.579462524773,0.3178143193957893,0.232221764959676,0.0855925544361133
140000.0,110000.0,611.0156664465719,44304.62931044347,-30833.913793037682,0.31716992747985284,0.23063220184679406,0.08653772563305878
145000.0,110000.0,629.0015899723744,43007.66535712694,-32754.389761915372,0.3164986929856592,0.2291059558331475,0.0873927371525117
150000.0,110000.0,646.8633871149159,41697.79225995124,-34683.47182669918,0.3158067817406242,0.22763931762794473,0.08816746411267948
155000.0,110000.0,664.4430752257763,40358.579823480744,-36632.11345101284,0.3150210835463684,0.226172657901995,0.08884842564437337
160000.0,110000.0,681.2770242501065,38941.810522011074,-38632.45965199262,0.31393585294122556,0.22455316333894637,0.08938268960227919
165000.0,110000.0,697.9865521179331,37512.10142026504,-40641.43238648997,0.3128541136172301,0.22299341813996046,0.08986069547726963
170000.0,110000.0,714.5784196728328,36070.15564597462,-42658.56290268359,0.31177853704019354,0.221490175621631,0.09028836141856253
175000.0,110000.0,731.0589066417342,34616.62629074036,-44683.41580617309,0.310711313545897,0.22004042014175512,0.09067089340414186
180000.0,110000.0,747.4338536835128,33152.12078308532,-46715.586144609784,0.3096542304689654,0.21864134690681278,0.09101288356215262
185000.0,110000.0,763.7087001033929,31646.204810752854,-48785.69679283143,0.3085344106948046,0.21729034386080645,0.09124406683399813
190000.0,110000.0,779.8885177455631,29851.405845538568,-51141.396102974286,0.30678258081252485,0.2159849754093931,0.09079760540313175
195000.0,110000.0,795.9780415083308,28047.216316866397,-53503.35578875573,0.3050859490042581,0.21472296776593763,0.09036298123832048
200000.0,110000.0,811.9816968680627,26234.096474278544,-55871.269017147635,0.30344203063766567,0.21350219573400245,0.08993983490366322
205000.0,110000.0,827.903624748493,24457.476973843295,-58199.84868410447,0.3019437470809032,0.21232067076464084,0.08962307631626237
210000.0,110000.0,843.7477040293782,22672.761219055334,-60533.82585396311,0.3004881832282803,0.21117653014731938,0.08931165308096092
215000.0,110000.0,859.5175719518576,20880.32748299319,-62872.948344671204,0.29907366106813293,0.21006802721088433,0.0890056338572486
220000.0,110000.0,875.2166426462927,19250.53083521445,-65046.979443190365,0.2980299882625369,0.20899352242614586,0.08903646583639105
225000.0,110000.0,890.8481239810914,17843.704894033493,-66995.696737311,0.29744607146559965,0.207951475314758,0.08949459615084165
230000.0,110000.0,906.4150329073868,16430.163422368234,-68948.8910517545,0.29686331161151913,0.2069404370804171,0.08992287453110204
235000.0,110000.0,921.9202094539364,15010.201783209399,-70906.36547786041,0.2962825563665083,0.2059590438882503,0.09032351247825801
240000.0,110000.0,937.3663295087563,13584.09826891066,-72867.9344873929,0.29570453923849216,0.20500601072683555,0.0906985285116566
245000.0,110000.0,952.7559165084591,12152.115316879761,-74833.42312208016,0.29512989350918345,0.2040801257947631,0.09104976771442036
250000.0,110000.0,968.0913521426669,10714.500622837339,-76802.66625144178,0.294559164383206,0.20318024536017612,0.09137891902302989
255000.0,110000.0,983.3748861689817,9271.488161574103,-78775.50789228393,0.2939928196004073,0.2023052890474397,0.0916875305529676
260000.0,110000.0,998.6086454235509,7823.299124049314,-80751.80058396712,0.2934312587206917,0.20145423551009703,0.09197702321059467
265000.0,110000.0,1013.7946421031156,6370.1427787240245,-82731.40481418397,0.29287482125984804,0.20062611845367712,0.09224870280617092
270000.0,110000.0,1028.934781386337,4912.217264179024,-84714.18849054733,0.2923237938288907,0.19982002297579032,0.09250377085310035
275000.0,110000.0,1044.0308684550946,3529.960319329868,-86619.7764537801,0.29190431533672834,0.19903508219436922,0.09286923314235912
280000.0,110000.0,1059.0846149701592,2213.049956896575,-88458.55002873563,0.2915939411169424,0.19827047413793106,0.09332346697901137
285000.0,110000.0,1074.0976450500666,891.9050852069631,-90300.14660986201,0.2912818566049331,0.19752541887440928,0.09375643773052383
290000.0,110000.0,1089.0715007971062,-433.3139171009534,-92144.45927806731,0.290968549794417,0.1967991758574718,0.09416937393694519
295000.0,110000.0,1104.0076474099396,-1762.4546693662414,-93991.38644624417,0.2906544599456336,0.19609104147134504,0.09456341847428856
300000.0,110000.0,1118.9074779184878,-3095.3722964772605,-95840.83153098484,0.29033998231888175,0.19540034675703363,0.09493963556184812
115000.0,115000.0,514.837861213956,53543.13756625142,-20439.574955832388,0.31794268321161145,0.23741237259343154,0.08053031061817992
120000.0,115000.0,533.5780061259333,52224.61263709707,-22407.75824193529,0.31720654302673523,0.2356072850663066,0.08159925796042863
125000.0,115000.0,552.1515555740943,50952.76177970582,-24323.492146862787,0.3166512916105908,0.23387866874533988,0.08277262286525092
130000.0,115000.0,570.568876505924,49700.663156616094,-26214.05789558927,0.31616864247299203,0.23222176495967603,0.083946877513316
135000.0,115000.0,588.8394931920725,48433.307291975536,-28114.795138682974,0.31563887335633234,0.2306322018467941,0.08500667150953825
140000.0,115000.0,606.9721711422641,47151.60579879547,-30025.09613413635,0.31507100402689,0.2291059558331475,0.08596504819374248
145000.0,115000.0,624.974991189152,45856.3990836718,-31944.400610885466,0.31447260390673726,0.22763931762794473,0.08683328627879253
150000.0,115000.0,642.6957042736614,44531.85324446077,-33883.26450369282,0.31377206694360577,0.226172657901995,0.08759940904161076
155000.0,115000.0,659.6853739290539,43131.2788886216,-35872.81407425227,0.31276539562731803,0.22455316333894634,0.08821223228837169
160000.0,115000.0,676.544877296783,41717.167238865455,-37871.38850742303,0.31175525600759196,0.22299341813996043,0.08876183786763153
165000.0,115000.0,693.281287401522,40290.253889758285,-39878.49740682781,0.31074510246548154,0.221490175621631,0.08925492684385053
170000.0,115000.0,709.9011739357964,38851.22208932281,-41893.685273784795,0.3097378025411887,0.22004042014175515,0.08969738239943356
175000.0,115000.0,726.4106472501655,37400.70731401723,-43916.528457321845,0.30873573159465467,0.2186413469068128,0.09009438468784187
180000.0,115000.0,742.8153978090845,35939.30137214478,-45946.632418570145,0.30774085125460016,0.21729034386080645,0.0904505073937937
185000.0,115000.0,759.1207316485061,34436.556091444625,-48014.62927237025,0.3066808948931341,0.21598497540939307,0.09069591948374103
190000.0,115000.0,775.3316023000675,32644.986639207025,-50368.17557386198,0.30499003963631316,0.21472296776593763,0.09026707187037553
195000.0,115000.0,791.452639585947,30844.074516938475,-52727.95032204102,0.30335143314060453,0.21350219573400245,0.08984923740660208
200000.0,115000.0,807.4881756365083,29034.270266196865,-55093.65315586876,0.3017627770135068,0.21232067076464084,0.08944210624886595
205000.0,115000.0,823.4422684382898,27260.995917582128,-57420.00272161191,0.30031665112299505,0.2111765301473194,0.08914012097567564
210000.0,115000.0,839.3187231815803,25479.647210884345,-59751.73519274377,0.2989108676371954,0.21006802721088433,0.08884284042631105
215000.0,115000.0,855.1211116437787,23690.595610952994,-62088.60292603134,0.29754388957423317,0.20899352242614583,0.08855036714808734
220000.0,115000.0,870.8527898162106,22064.190140885883,-64260.37323940941,0.29654400302830225,0.20795147531475797,0.08859252771354428
225000.0,115000.0,886.5169139573468,20660.759051564062,-66206.8272989573,0.2959999199033131,0.2069404370804171,0.089059482822896
230000.0,115000.0,902.1164552339123,19250.61134432687,-68157.7591037821,0.2954554686730875,0.20595904388825031,0.08949642478483716
235000.0,115000.0,917.6542130927146,17834.038161642326,-70112.97455890512,0.294911569708019,0.20500601072683558,0.08990555898118344
240000.0,115000.0,933.1328274897317,16411.314058932112,-72072.29062737859,0.29436902533694526,0.20408012579476306,0.0902888995421822
245000.0,115000.0,948.5547900888041,14982.69816923562,-74035.53455384291,0.29382853397798775,0.20318024536017618,0.09064828861781157
250000.0,115000.0,963.9224545298048,13548.43527109969,-76002.5431526002,0.2932907024818308,0.2023052890474397,0.09098541343439112
255000.0,115000.0,979.2380458552723,12108.756768948297,-77973.16215403446,0.29275605693220236,0.20145423551009697,0.09130182142210538
260000.0,115000.0,994.5036691748775,10663.881594187245,-79947.24560387517,0.29222505211193966,0.20062611845367712,0.09159893365826255
265000.0,115000.0,1009.7213176386645,9214.017034421093,-81924.65531038595,0.29169807981250256,0.19982002297579027,0.0918780568367123
270000.0,115000.0,1024.8928797825592,7759.359497386147,-83905.2603350759,0.29117547613910727,0.19903508219436922,0.09214039394473805
275000.0,115000.0,1040.0201463030503,6380.345215517213,-85808.68652298852,0.29078294322104487,0.19827047413793103,0.09251246908311384
280000.0,115000.0,1055.1048163121427,5066.650896462845,-87645.31606902476,0.2904981975293768,0.19752541887440928,0.0929727786549675
285000.0,115000.0,1070.148503118503,3748.694324324315,-89484.78711711711,0.29021089867189653,0.1967991758574718,0.09341172281442472
290000.0,115000.0,1085.1527395761566,2426.6349159202655,-91326.99338938648,0.2899215696203736,0.19609104147134507,0.09383052814902851
295000.0,115000.0,1100.1189830380038,1100.6242359523894,-93171.8338426984,0.28963068294047745,0.19540034675703363,0.09423033618344381
300000.0,115000.0,1115.0486199478105,-229.19352542771958,-95019.21235028515,0.28933866560852983,0.19472645530448995,0.09461221030403988
120000.0,120000.0,529.6632220408886,55084.975092252425,-21590.016605165052,0.3148792448396731,0.2338786687453399,0.0810005760943332
125000.0,120000.0,548.2398606444167,53813.44550701934,-23505.536328653776,0.31440798859104,0.23222176495967603,0.08218622363136399
130000.0,120000.0,566.6633199375731,52561.9852735076,-25395.676484328265,0.3140044611284385,0.2306322018467941,0.0833722592816444
135000.0,120000.0,584.9427523121537,51295.546240464,-27295.802506357337,0.31355008190243117,0.2291059558331475,0.08444412606928367
140000.0,120000.0,603.0865952633881,50015.00590739236,-29205.329395071756,0.3130540544012157,0.22763931762794473,0.08541473677327097
145000.0,120000.0,620.9483333215464,48705.126665440825,-31134.415556372784,0.3124464850979541,0.226172657901995,0.08627382719595908
150000.0,120000.0,638.0937236080014,47320.74725523213,-33113.16849651191,0.3115253225264627,0.22455316333894637,0.08697215918751633
155000.0,120000.0,655.103202475633,45922.23305746581,-35101.34462835613,0.310592928684591,0.22299341813996043,0.08759951054463055
160000.0,120000.0,671.9841551302113,44510.35213354198,-37098.431910972016,0.30965365247125276,0.22149017562163095,0.08816347684962181
165000.0,120000.0,688.7434412298583,43085.81788790526,-39103.9547413965,0.3087111322729909,0.22004042014175512,0.08867071213123578
170000.0,120000.0,705.3874408168181,41649.293844949076,-41117.47077003395,0.30776841042174957,0.2186413469068128,0.08912706351493677
175000.0,120000.0,721.9220955147762,40201.39793353673,-43138.56804430884,0.30682802786113733,0.21729034386080642,0.08953768400033091
180000.0,120000.0,738.352945551449,38742.70633735071,-45166.86244176619,0.3058921027492539,0.21598497540939307,0.08990712733986081
185000.0,120000.0,754.6851630918043,37242.75696154765,-47232.99535896823,0.30488894787124854,0.2147229677659376,0.09016598010531093
190000.0,120000.0,770.9235823038314,35454.052559598465,-49584.63162693436,0.3032560690495585,0.21350219573400242,0.08975387331555607
195000.0,120000.0,787.0727265245235,33656.063558550435,-51942.45762763304,0.30167268088461463,0.21232067076464084,0.08935201011997379
200000.0,120000.0,803.1368328472014,31849.23061610895,-54306.1795892607,0.30013665625600605,0.21117653014731938,0.08896012610868667
205000.0,120000.0,819.1198744113028,30078.9669387755,-56630.52204081634,0.2987402359342525,0.2100680272108843,0.08867220872336817
210000.0,120000.0,835.0255806412647,28300.66038669151,-58960.226408872324,0.2973819288369844,0.20899352242614583,0.08838840641083856
215000.0,120000.0,850.8574556513302,26514.67538773833,-61295.04974150778,0.29606032804063825,0.20795147531475797,0.08810885272588029
220000.0,120000.0,866.6187950073065,24891.35468075989,-63464.76354616007,0.2951022372280245,0.20694043708041707,0.08816180014760741
225000.0,120000.0,882.3127010138883,23491.0209054444,-65409.15272970373,0.29459617150897616,0.2059590438882503,0.08863712762072587
230000.0,120000.0,897.9420966766726,22083.978054373933,-67358.01463041737,0.2940883091929747,0.20500601072683558,0.0890822984661391
235000.0,120000.0,913.5097384710045,20670.512800984492,-69311.158132677,0.29357963715775665,0.2040801257947631,0.08949951136299356
240000.0,120000.0,929.0182280349406,19250.895715633815,-71268.40285624412,0.29307102081339087,0.20318024536017612,0.08989077545321475
245000.0,120000.0,944.4700228906279,17825.38238062529,-73229.57841291648,0.2925632183947212,0.2023052890474397,0.09025792934728152
250000.0,120000.0,959.8674462869938,16394.214413847367,-75194.52372410175,0.29205689346481417,0.201454235510097,0.09060265795471717
255000.0,120000.0,975.2126962466396,14957.620409650495,-77163.08639356634,0.29155262587252817,0.20062611845367714,0.09092650741885103
260000.0,120000.0,990.5078538909927,13515.81680466322,-79135.12213022451,0.29105092137139477,0.19982002297579032,0.09123089839560444
265000.0,120000.0,1005.7548911100237,12069.008675442441,-81110.4942163717,0.2905522200768404,0.19903508219436922,0.09151713788247118
270000.0,120000.0,1020.9556776359417,10617.390474137952,-83089.07301724138,0.29005690391335376,0.19827047413793103,0.09178642977542273
275000.0,120000.0,1036.1119875742186,9241.396707718726,-84990.4855281875,0.2896902471787765,0.19752541887440928,0.09216482830436723
280000.0,120000.0,1051.2255054399,7930.702565749583,-86825.11495616694,0.28943012088085807,0.1967991758574718,0.09263094502338626
285000.0,120000.0,1066.2978317423733,6615.724501206831,-88662.60033252879,0.28916664472274817,0.19609104147134507,0.0930756032514031
290000.0,120000.0,1081.3304881575195,5296.620768382039,-90502.83615441198,0.28890037408691555,0.19540034675703358,0.09350002732988197
295000.0,120000.0,1096.3249223223786,3973.5419215273578,-92345.7220523151,0.28863181244271585,0.19472645530448993,0.09390535713822593
300000.0,120000.0,1111.2825122840854,2646.6312775448896,-94191.16248163674,0.2883614162344072,0.19406876129677342,0.09429265493763378
