higher_gross,lower_gross,order_wk,gap_household,gap_per_person,order_pct_payor_net,line_7e,lag
60000.0,0.0,393.706523076923,1558.8783999999941,-22438.226000000002,0.40213591043017083,0.35442038639983375,0.047715524030337075
65000.0,0.0,427.62960000000004,1319.3784000000087,-24000.725999999995,0.4066890256504047,0.3542913007456504,0.052397724904754306
70000.0,0.0,461.55267692307694,1429.8783999999941,-25213.226000000002,0.4131291711851278,0.3541812643881707,0.058947906796957106
75000.0,0.0,495.47575384615385,1690.3783999999941,-26275.726000000002,0.41987759951110204,0.3540863503930515,0.06579124911805057
80000.0,0.0,529.3988307692308,1950.8784000000087,-27338.225999999995,0.42594366702769615,0.3540036417879739,0.07194002523972226
85000.0,0.0,563.3219076923076,2211.378399999994,-28400.726000000002,0.43142588755108796,0.35393092648977814,0.07749496106130982
90000.0,0.0,592.8214153846153,2011.8271999999924,-29750.758000000005,0.4331723965432445,0.35124554031265665,0.08192685623058787
95000.0,0.0,621.8983384615385,1768.327200000007,-31128.257999999994,0.43447034024115816,0.3486127549480402,0.08585758529311793
100000.0,0.0,650.9752615384616,1524.827200000007,-32505.757999999994,0.4356591196911197,0.3462492696698172,0.08940985002130253
105000.0,0.0,680.0521846153846,1281.3271999999924,-33883.258,0.4367519510914873,0.34411577595266823,0.09263617513881905
110000.0,0.0,709.1291076923076,1037.8271999999924,-35260.758,0.4377599999999999,0.3421802605693923,0.0955797394306076
115000.0,0.0,738.2060307692308,794.327200000007,-36638.257999999994,0.438692764206737,0.3404163882090029,0.09827637599773409
120000.0,0.0,767.2829538461538,550.8271999999924,-38015.758,0.43955837391208546,0.338802296117659,0.10075607779442647
125000.0,0.0,796.3598769230769,371.32719999999244,-39329.258,0.440663736053249,0.33731968329477696,0.10334405275847203
130000.0,0.0,821.6064,-170.53439999999682,-40855.734,0.43980948106360856,0.3343941391941392,0.10541534186946938
135000.0,0.0,844.2217846153846,-986.0343999999968,-42553.234,0.43764519258088797,0.3306584073995963,0.10698678518129168
140000.0,0.0,866.8371692307692,-1801.5343999999968,-44250.734,0.43561340600719006,0.32719384454574485,0.10841956146144521
145000.0,0.0,889.4525538461538,-2617.034399999997,-45948.234,0.4337023147214786,0.32397195931747497,0.10973035540400361
150000.0,0.0,912.0679384615383,-3432.5344000000114,-47645.73400000001,0.4319014743513855,0.3209681167266722,0.11093335762471329
155000.0,0.0,934.6833230769232,-4248.034399999982,-49343.23399999999,0.4302016118110969,0.31816090701997857,0.11204070479111833
160000.0,0.0,957.2987076923077,-5063.534399999997,-51040.734,0.4285944655864171,0.31553163459344336,0.11306283099297376
165000.0,0.0,979.9140923076922,-5879.034400000019,-52738.23400000001,0.42707265146022866,0.3130639011083532,0.11400875035187547
170000.0,0.0,1002.5294769230768,-6694.534400000019,-54435.73400000001,0.4256295490729174,0.3107432631553849,0.11488628591753247
175000.0,0.0,1025.1448615384616,-7510.034399999997,-56133.234,0.4242592056411338,0.30855694936445094,0.11570225627668285
180000.0,0.0,1047.760246153846,-8325.534400000019,-57830.73400000001,0.4229562538815054,0.3064936252559573,0.11646262862554807
185000.0,0.0,1069.6351384615384,-9249.045600000012,-59607.36600000001,0.42132513625397205,0.3043325118732354,0.11699262438073665
190000.0,0.0,1087.4043692307691,-10878.545600000012,-61929.86600000001,0.41733111327606054,0.3011494599603758,0.11618165331568475
195000.0,0.0,1105.1735999999999,-12508.045600000027,-64252.36600000002,0.41353697897740144,0.29813153493390876,0.11540544404349268
200000.0,0.0,1122.9428307692308,-14137.545599999983,-66574.86599999998,0.40992809395775276,0.29526621225298844,0.11466188170476432
205000.0,0.0,1140.7120615384615,-15597.045600000012,-68727.36600000001,0.4069653231975685,0.292542202757886,0.1144231204396825
210000.0,0.0,1158.4812923076922,-17056.545600000012,-70879.86600000001,0.4041340328185587,0.28994930401802044,0.11418472880053826
215000.0,0.0,1176.2505230769232,-18516.045599999983,-73032.36599999998,0.40142566064730806,0.2874782726401083,0.11394738800719978
220000.0,0.0,1194.0197538461537,-19805.545600000027,-75014.86600000002,0.3992683750570713,0.28512071416763096,0.11414766088944034
225000.0,0.0,1211.7889846153846,-20865.045600000012,-76767.36600000001,0.3977731028409647,0.28286898780772474,0.11490411503323994
230000.0,0.0,1229.5582153846153,-21924.545600000012,-78519.86600000001,0.396331729088407,0.28071612370699495,0.11561560538141208
235000.0,0.0,1247.327446153846,-22984.045600000012,-80272.36600000001,0.39494139116297616,0.2786557508893127,0.11628564027366345
240000.0,0.0,1265.096676923077,-24043.545600000012,-82024.86600000001,0.3935994256208978,0.27668203428609883,0.11691739133479895
245000.0,0.0,1282.8659076923077,-25103.045600000012,-83777.36600000001,0.3923033511816024,0.2747896195482032,0.11751373163339923
250000.0,0.0,1300.6351384615384,-26162.545600000012,-85529.86600000001,0.3910508534159767,0.2729735845401269,0.1180772688758498
255000.0,0.0,1318.4043692307694,-27222.045599999983,-87282.36599999998,0.38983977095351696,0.27122939659128675,0.11861037436223021
260000.0,0.0,1336.1735999999999,-28281.545600000012,-89034.86600000001,0.3886680830354595,0.26955287472261447,0.11911520831284506
265000.0,0.0,1353.049846153846,-29433.916000000027,-90845.41000000002,0.3872783026786918,0.2677634379138695,0.11951486476482232
270000.0,0.0,1369.2036923076923,-30661.415999999997,-92702.91,0.38572879262333276,0.26590053928085927,0.11982825334247349
275000.0,0.0,1385.3575384615385,-31808.665999999997,-94480.16,0.38439186966491784,0.26410593773371854,0.1202859319311993
280000.0,0.0,1401.5113846153847,-32886.166,-96187.66,0.3832351975305883,0.26237594504687434,0.12085925248371399
285000.0,0.0,1417.6652307692307,-33963.66600000003,-97895.16000000002,0.3821115904299226,0.26070713386428257,0.12140445656564003
290000.0,0.0,1433.8190769230769,-35041.166,-99602.66,0.381019650529495,0.2590963150359322,0.12192333549356277
295000.0,0.0,1449.972923076923,-36118.666,-101310.16,0.37995805769271956,0.25754051727671434,0.12241754041600522
300000.0,0.0,1466.1267692307692,-37196.166,-103017.66,0.3789255641554846,0.25603696887467925,0.12288859528080537
60000.0,5000.0,392.8027883108374,6269.889984327096,-21295.718759795567,0.40121282640274103,0.3536068311087104,0.047605995294030645
65000.0,5000.0,426.79428023255815,6037.505144186049,-22853.77178488372,0.4058946106184998,0.3535992379722934,0.05229537264620637
70000.0,5000.0,460.7761427489974,6154.118845895733,-24062.45072131517,0.4124341066003592,0.35358537605436313,0.05884873054599604
75000.0,5000.0,494.7502752010877,6419.928620913117,-25121.632111929302,0.4192628121484059,0.35356789498181185,0.06569491716659404
80000.0,5000.0,528.7181082344366,6685.083256381411,-26181.22296476162,0.42539597134752755,0.3535484495163662,0.07184752183116133
85000.0,5000.0,560.0257195297079,6673.574831089623,-27413.728230568988,0.4289014678823935,0.35185995620734634,0.07704151167504714
90000.0,5000.0,589.3068630605665,6451.313758298915,-28777.95390106318,0.4306043262720362,0.3491631748683909,0.08144115140364533
95000.0,5000.0,618.5667442586399,6226.84140289855,-30143.561623188405,0.4321428233829211,0.34674518888199385,0.08539763450092724
100000.0,5000.0,647.8085193961133,6000.486017195777,-31510.34623925264,0.43353980706046186,0.3445649012785677,0.08897490578189415
105000.0,5000.0,677.0347494916671,5772.513947133375,-32878.14128304164,0.4348140546956086,0.34258891220239274,0.09222514249321584
110000.0,5000.0,706.2475343186313,5543.143569137661,-34246.810269288966,0.4359811454213668,0.34078979793408587,0.09519134748728092
115000.0,5000.0,735.4486117701958,5312.555624100372,-35616.24023493727,0.43705411630582197,0.33914483179073274,0.09790928451508923
120000.0,5000.0,764.6394325983842,5080.900990231959,-36986.336881105024,0.43804396270922086,0.33763501999860723,0.10040894271061362
125000.0,5000.0,792.2504365575019,4748.9454019802,-38395.121623762374,0.4383897875570251,0.33557901910161037,0.10281076845541476
130000.0,5000.0,815.1230009401136,3960.192097771818,-40075.904938892614,0.4363388893349452,0.3317553931380194,0.10458349619692581
135000.0,5000.0,837.9766617175839,3169.4728186287175,-41757.91698835705,0.43440771628839386,0.3282123648678434,0.10619535142055048
140000.0,5000.0,860.8134292273661,2376.996639646073,-43441.0271002212,0.43258628396751936,0.3249201411096007,0.10766614285791865
145000.0,5000.0,883.6350385087305,1582.9440049079785,-45125.12249693251,0.43086565990851755,0.3218530021745957,0.10901265773392183
150000.0,5000.0,906.442994867449,787.4714662146944,-46810.105333615815,0.4292378334876046,0.31898862871272665,0.11024920477487793
155000.0,5000.0,929.2386106807375,-9.284489203309931,-48495.890305752066,0.4276956036360754,0.31630755777145364,0.11138804586462175
160000.0,5000.0,952.0230353461749,-807.2043239978084,-50182.40270249863,0.4262324818590489,0.3137927400294179,0.11243974182963096
165000.0,5000.0,974.7972798197369,-1606.1828987473564,-51869.576811717096,0.42484260834378607,0.31142917691028926,0.1134134314334968
170000.0,5000.0,997.5622368501147,-2406.1273675880802,-53557.35460474255,0.42352067925805603,0.3092036212548936,0.11431705800316244
175000.0,5000.0,1020.3186977649452,-3206.9554324456985,-55245.68464527857,0.422261883618007,0.30710432893297884,0.11515755468502814
180000.0,5000.0,1043.0673664755288,-4008.5938865450007,-56934.52117909063,0.4210618483474685,0.3051208515600881,0.1159409967873804
185000.0,5000.0,1061.9546792252122,-5242.813360577944,-58905.34585036121,0.4182998331222027,0.3021472681693935,0.11615256495280918
190000.0,5000.0,1079.9249186214984,-6851.408463364161,-61214.780289602604,0.41446060113008826,0.29907807550072385,0.11538252562936441
195000.0,5000.0,1097.884904986534,-8461.069881400472,-63524.88117587529,0.4108096744918832,0.2961653371962595,0.11464433729562373
200000.0,5000.0,1115.835403289226,-10071.718057920487,-65835.59878620031,0.40733354139462224,0.2933973876491159,0.11393615374550636
205000.0,5000.0,1133.7771042469567,-11513.281158316502,-67976.88822394781,0.4044911781169141,0.2907636928687624,0.11372748524815168
210000.0,5000.0,1151.7106331211567,-12955.694155399717,-70118.70884712483,0.40177210102038174,0.28825471651633655,0.1135173845040452
215000.0,5000.0,1169.636557291542,-14398.898041679626,-72261.02377604977,0.39916847518145154,0.2858618045306545,0.11330667065079703
220000.0,5000.0,1187.5553928023985,-15672.839148550556,-74233.7994678441,0.3971067567744521,0.28357708540311866,0.11352967137133346
225000.0,5000.0,1205.467610040073,-16717.468555832427,-75977.00534739526,0.395698094063888,0.2813933836799653,0.1143047103839227
230000.0,5000.0,1223.3736386732826,-17762.741577978624,-77720.61348623663,0.39433821308321676,0.2793041446892867,0.11503406839393004
235000.0,5000.0,1241.2738719655454,-18808.617315583266,-79464.59832223954,0.39302464747325155,0.27730336882940815,0.1157212786438434
240000.0,5000.0,1259.168670550902,-19855.05826270618,-81208.93641419135,0.39175509234129435,0.27538555403108506,0.1163695383102093
245000.0,5000.0,1277.058365749272,-20902.029962075685,-82953.6062262973,0.39052739147083354,0.273545645231427,0.11698174623940655
250000.0,5000.0,1294.9432624856292,-21949.50070149456,-84698.5879384341,0.3893395257022337,0.27177898988252014,0.11756053581971354
255000.0,5000.0,1312.82364186715,-22997.4412458164,-86443.86327863525,0.38818960236490946,0.2700812986702687,0.11810830369464076
260000.0,5000.0,1330.3654382642271,-24080.594420520385,-88211.14651282525,0.3869785966634771,0.2683811656776734,0.11859743098580372
265000.0,5000.0,1346.6420171906511,-25295.33021217228,-90060.66888260769,0.38544421420680314,0.2664953528410051,0.11894886136579802
270000.0,5000.0,1362.9140680345006,-26510.536924411936,-91910.48557775747,0.3839568947015095,0.26467908881624874,0.11927780588526077
275000.0,5000.0,1379.1818368444283,-27645.938968179442,-93680.33060511216,0.3826783123880506,0.26292859584076445,0.11974971654728617
280000.0,5000.0,1395.4455521597188,-28712.012575389264,-95380.68910961828,0.3815765306621971,0.26124036488639774,0.12033616577579936
285000.0,5000.0,1411.7054265405698,-29778.485639780745,-97081.29727486297,0.3805052095841224,0.2596111321812877,0.1208940774028347
290000.0,5000.0,1427.9616579406409,-30845.337574173333,-98782.14223385834,0.37946311402526467,0.25803785815082264,0.12142525587444203
295000.0,5000.0,1444.2144309405128,-31912.54918218669,-100483.21198886668,0.3784490740058061,0.2565177084918455,0.12193136551396055
300000.0,5000.0,1460.4639178582306,-32980.102542744,-102184.495339215,0.3774619805172201,0.25504803713218516,0.12241394338503492
60000.0,10000.0,391.59940098389984,11127.237702325587,-20128.31393604651,0.3999836741536592,0.3525235241874315,0.047460149966227716
65000.0,10000.0,425.67076653530006,10903.159719671206,-21681.175175205495,0.40482611421216413,0.3526684064086993,0.05215770780346485
70000.0,10000.0,459.7226327404555,11027.053805007374,-22885.30387187039,0.41149112492475576,0.35277694502248513,0.058714179902270625
75000.0,10000.0,493.75860845083264,11299.295278886595,-23940.465450695876,0.41842245083631363,0.3528592111407193,0.06556323969559436
80000.0,10000.0,525.2868403352691,11310.731394867988,-25158.63037820751,0.42263524210790643,0.3512539953890488,0.07138124671885765
85000.0,10000.0,554.8789163477591,11120.807300166947,-26502.64543739566,0.4249597356321436,0.3486262583983794,0.07633347723376421
90000.0,10000.0,584.4173574136008,10925.305171014486,-27850.14676811595,0.4270315827374024,0.34626615224359925,0.08076543049380314
95000.0,10000.0,613.9101253351034,10725.05303485076,-29200.61685321828,0.42888961834447825,0.3441348639280904,0.08475475441638786
100000.0,10000.0,643.3636803676709,10520.722758237775,-30553.635776101393,0.4305651400144001,0.3422007219336247,0.08836441808077539
105000.0,10000.0,672.7833192598625,10312.8652030257,-31908.859248108936,0.43208364592599313,0.3404376299240284,0.09164601600196476
110000.0,10000.0,702.1734259054608,10101.936294167921,-33266.00231614505,0.43346611440712246,0.3388238943161349,0.09464222009098755
115000.0,10000.0,731.5376598750399,9888.316627004162,-34624.8271081224,0.4347299598697418,0.3373413351202696,0.09738862474947219
120000.0,10000.0,759.372294897182,9515.618669306925,-36083.07583168317,0.4350265432924255,0.33530925694315294,0.09971728634927257
125000.0,10000.0,782.6364240898226,8731.588105341558,-37774.40743416153,0.43306989792516803,0.33150674507730915,0.10156315284785888
130000.0,10000.0,805.852868305304,7978.59830375162,-39432.838560155236,0.4313765469974142,0.3279824453827041,0.10339410161471008
135000.0,10000.0,829.0266986871899,7221.176663467755,-41094.039585332655,0.42976804888652387,0.32470691099796534,0.10506113788855853
140000.0,10000.0,852.1622919301557,6459.778360736178,-42757.72602453989,0.42823881074227926,0.3216547079089464,0.10658410283333286
145000.0,10000.0,875.2634452184327,5694.798302717005,-44423.65106080187,0.4267836216118048,0.31880375410718736,0.10797986750461741
150000.0,10000.0,898.333469067506,4926.580783020618,-46091.59951061211,0.4253976413247335,0.3161347851405641,0.10926285618416942
155000.0,10000.0,921.3752628712701,4155.427338612106,-47761.38291336744,0.4240763832880243,0.3136309187328562,0.11044546455516807
160000.0,10000.0,944.3913768000357,3381.603187203713,-49432.83550799768,0.42281569398517255,0.31127729769530343,0.11153839628986911
165000.0,10000.0,967.3840628422788,2605.3425355970103,-51105.81091525187,0.42161173100947086,0.30906079518688717,0.11255093582258369
170000.0,10000.0,990.3553171484701,1826.8529834408837,-52780.179385349446,0.4204609408130277,0.3069697699847431,0.11349117082828458
175000.0,10000.0,1013.3069153584429,1046.319197278077,-54455.825501701205,0.41936003691758383,0.304993862139329,0.11436617477825484
180000.0,10000.0,1032.491692006033,-125.96403137258312,-56376.315019607864,0.41679269643766076,0.30202722702185886,0.1147654694158019
185000.0,10000.0,1050.7679737699427,-1423.7307279259403,-58386.856704953716,0.41389343319133143,0.29896442754610875,0.11492900564522268
190000.0,10000.0,1069.0183919190904,-3003.187240414598,-60678.07952525913,0.41027482345668154,0.2960575849459572,0.11421723851072435
195000.0,10000.0,1087.2448761131668,-4585.132884230654,-62970.858052644166,0.4068283584375325,0.293295083925861,0.1135332745116715
200000.0,10000.0,1105.4491687099048,-6169.3864541699,-65265.079033856186,0.4035420666838547,0.2906664346034417,0.11287563208041301
205000.0,10000.0,1123.6328469522064,-7585.783916970526,-67390.63994810657,0.4008720694147675,0.28816213944050584,0.11270992997426166
210000.0,10000.0,1141.7973420744108,-9004.17642426127,-69517.44776516329,0.3983138679735235,0.28577357861741864,0.11254028935610488
215000.0,10000.0,1159.9439558155136,-10424.42859518659,-71645.41787199161,0.39586062632224106,0.28349291093609214,0.11236771538614893
220000.0,10000.0,1178.073874740831,-11676.417026953583,-73604.47314184599,0.3939362310797791,0.28131298785163394,0.11262324322814515
225000.0,10000.0,1196.1881827040934,-12700.028998774287,-75334.54312423393,0.3926520962450587,0.2792272786474154,0.11342481759764328
230000.0,10000.0,1214.2878717256986,-13725.161340527338,-77065.56333782959,0.3914095370112962,0.27722980510412676,0.11417973190716946
235000.0,10000.0,1232.3738515170933,-14751.719442222296,-78797.47465138894,0.39020663327166466,0.27531508428661156,0.1148915489850531
240000.0,10000.0,1250.4469578438727,-15779.616384237233,-80530.22274014828,0.3890415755211675,0.2734780782956267,0.11556349722554082
245000.0,10000.0,1268.5079598894972,-16808.77217149231,-82263.75760718269,0.3879126576528723,0.27171415001505106,0.11619850763782125
250000.0,10000.0,1286.5575667562332,-17839.11305735176,-83998.03316084485,0.38681827022135695,0.270019024036277,0.11679924618507997
255000.0,10000.0,1304.2685931216893,-18904.666315344308,-85754.31644709018,0.38565995492042143,0.268321306999129,0.11733864792129245
260000.0,10000.0,1320.7320368053884,-20099.96817223959,-87591.69260764975,0.38417641910352696,0.266437772202015,0.11773864690151198
265000.0,10000.0,1337.1840582491204,-21296.45794209148,-89429.81121380717,0.3827370986514578,0.26462365860222203,0.11811344004923574
270000.0,10000.0,1353.6252781188555,-22494.071075639033,-91268.63192227439,0.38134007900109695,0.26287519779425345,0.11846488120684351
275000.0,10000.0,1370.0562729125932,-23612.497617090325,-93027.86726068145,0.3801462638127779,0.26118888926491346,0.11895737454786443
280000.0,10000.0,1386.477578820553,-24662.181802662482,-94717.98237666406,0.37912429012258325,0.2595614770044669,0.11956281311811634
285000.0,10000.0,1402.889695187471,-25712.82170050303,-96408.69481281438,0.3781290540186031,0.25798992852608005,0.12013912549252304
290000.0,10000.0,1419.2930876240446,-26764.368887099365,-98099.97430443711,0.3771595488922718,0.25647141600912665,0.12068813288314517
295000.0,10000.0,1435.6881908083146,-27816.778155935273,-99791.79259745954,0.3762148159803686,0.255003299319699,0.1212115166606696
300000.0,10000.0,1452.0754110124506,-28870.007254705153,-101484.12328419072,0.37529394173935426,0.253583110693863,0.12171083104549124
60000.0,15000.0,390.56539032160276,15762.20059344669,-19009.89962909582,0.39892752497983386,0.3515926926238374,0.04733483235599645
65000.0,15000.0,424.69499027982334,15544.17898910163,-20558.97563181148,0.4038981206995714,0.35185997537682134,0.05203814532275003
70000.0,15000.0,458.7991086672286,15673.507301391779,-21759.70793663014,0.4106644917926825,0.35206826118139256,0.058596230611289934
75000.0,15000.0,490.54796114083024,15707.887958646344,-22963.532525846033,0.4157016741384913,0.35056475701340184,0.06513691712508946
80000.0,15000.0,520.4509696349517,15550.300842034972,-24287.336973728143,0.41874439766389426,0.34802029758008185,0.07072410008381241
85000.0,15000.0,550.2679705685619,15383.768939130438,-25616.731913043477,0.4214283952953381,0.3457292357735878,0.07569915952175033
90000.0,15000.0,580.0117312740936,15209.620052505728,-26950.887467183922,0.423812408153627,0.34365582728969585,0.08015658086393113
95000.0,15000.0,609.6926112436748,15028.931569342181,-28289.130269161134,0.4259431805282785,0.34177068458314747,0.08417249594513104
100000.0,15000.0,639.3191042010939,14842.586836913768,-29630.908226928896,0.42785834515388527,0.3400494396552604,0.08780890549862486
105000.0,15000.0,668.8982400407258,14651.316964235484,-30975.764397352825,0.42958851986436214,0.3384717263060774,0.09111679355828473
110000.0,15000.0,698.4358871516956,14455.73226377635,-32323.31733513978,0.4311588547740034,0.33702039764567177,0.09413845712833163
115000.0,15000.0,726.4941532368621,14106.29193663365,-33767.03003960397,0.43173276155900486,0.3350155720648153,0.09671718949418956
120000.0,15000.0,750.1498472395317,13298.984112911297,-35496.90992943044,0.4297432197472254,0.3312369829188517,0.09850623682837373
125000.0,15000.0,773.7290748930242,12547.72378887453,-37167.76013195342,0.4281410386378847,0.32773379732199387,0.10040724131589085
130000.0,15000.0,797.2399681470138,11825.356687289444,-38807.0520704441,0.4267660240644498,0.3244769915128261,0.1022890325516237
135000.0,15000.0,820.6895453515809,11096.612716564414,-40450.32955214724,0.42544606248007105,0.3214414777973111,0.10400458468275997
140000.0,15000.0,844.0838955694164,10362.125139219308,-42097.19678798793,0.4241791581585069,0.3186054598415381,0.10557369831696878
145000.0,15000.0,867.4283274542745,9622.446055244553,-43747.30871547216,0.4229631719478662,0.31594991053502475,0.10701326141284145
150000.0,15000.0,890.7274903963654,8878.059001221991,-45400.36312423625,0.42179589932348305,0.31345814610196665,0.1083377532215164
155000.0,15000.0,913.9854737803342,8129.389273154753,-47056.09420427828,0.4206751252369024,0.3111154763987417,0.10955964883816072
160000.0,15000.0,937.2058888344432,7376.812438782101,-48714.267225761185,0.41959866219577985,0.30890891597190134,0.1106897462238785
165000.0,15000.0,960.3919365319948,6620.661399327466,-50374.67412542034,0.41856437619937165,0.3068269439167367,0.11173743228263494
170000.0,15000.0,983.5464642413572,5861.23228110114,-52037.129824311785,0.41757020387285027,0.3048593031910933,0.11271090068175699
175000.0,15000.0,1003.0287047868538,4719.885297832807,-53938.28418885449,0.4151063693471581,0.3019002376010998,0.11320613174605831
180000.0,15000.0,1021.6110289183871,3484.9470075122517,-55897.93312030485,0.4124004277710543,0.29884438639857414,0.11355604137248015
185000.0,15000.0,1040.1518788516469,2214.6954005712905,-57891.27787464295,0.40971179453988493,0.295943936991342,0.1137678575485429
190000.0,15000.0,1058.654348937108,661.4522894592083,-60166.11731908799,0.40629724370981024,0.2931873316755587,0.11310991203425153
195000.0,15000.0,1077.121233172853,-895.4917500232987,-62443.26984376456,0.40304026513003466,0.29056413088018695,0.1124761342498477
200000.0,15000.0,1095.555060783256,-2455.873678541364,-64722.57104908835,0.39993024184945497,0.28806488117518514,0.11186536067426983
205000.0,15000.0,1113.9581268572795,-3849.4548068429285,-66833.87175427683,0.3974204748160676,0.28568100154158793,0.1117394732744797
210000.0,15000.0,1132.332518828629,-5246.018041822579,-68947.03627613912,0.395012082080535,0.28340468502285626,0.11160739705767875
215000.0,15000.0,1150.6801394415888,-6645.365498074767,-71061.94093629673,0.3926991113770316,0.2812288133846074,0.1114702979924242
220000.0,15000.0,1169.002726734904,-7877.316419569979,-73008.47276223123,0.3909029290656691,0.279146882819084,0.11175604624658508
225000.0,15000.0,1187.3018714858517,-8881.705365471411,-74726.52835341964,0.3897351398846967,0.2771529390622555,0.11258220082244119
230000.0,15000.0,1205.5790324832844,-9888.380621738412,-76446.0128885865,0.38860235856938785,0.2752415205613301,0.11336083800805774
235000.0,15000.0,1223.8355499384734,-10897.202806398767,-78166.83925399923,0.3875031501453796,0.27340760855115315,0.11409554159422647
240000.0,15000.0,1242.0726572933645,-11908.04364149009,-79888.92727593132,0.3864361462707536,0.27164658307925066,0.11478956319150296
245000.0,15000.0,1260.2914916453165,-12920.784868887087,-81612.20304305444,0.3854000427273828,0.2699541841688078,0.11544585855857503
250000.0,15000.0,1278.1717479791514,-13968.738210168245,-83357.48638135515,0.38429697774478394,0.26825903236513726,0.11603794537964668
255000.0,15000.0,1294.8220564201254,-15144.606132306959,-85182.71633269185,0.38286670287272806,0.26637791352347057,0.1164887893492575
260000.0,15000.0,1311.4540484637405,-16322.378959770984,-87009.13684985686,0.3814776246181594,0.2645660779632319,0.11691154665492753
265000.0,15000.0,1328.0687193932827,-17501.95318309861,-88836.68323943662,0.3801280499379423,0.26281976758022674,0.11730828235771557
270000.0,15000.0,1344.6669936654675,-18683.232658791385,-90665.29541174462,0.3788163725098022,0.26113549121840246,0.11768088129139975
275000.0,15000.0,1361.2497311005359,-19785.877965544263,-92414.66747846515,0.3777027335482527,0.25951000138298264,0.11819273216527004
280000.0,15000.0,1377.817732434301,-20820.3058268327,-94095.24739177045,0.3767563051194998,0.2579402733492593,0.11881603177024053
285000.0,15000.0,1394.371744307576,-21856.188592012084,-95776.73662000755,0.3758331609634038,0.256423486384384,0.1194096745790198
290000.0,15000.0,1410.9124637583989,-22893.45376912653,-97459.08985570408,0.37493250196013034,0.2549570068369801,0.11997549512315026
295000.0,15000.0,1427.4405422739114,-23932.03360351319,-99142.26475219574,0.3740535614715506,0.2535383728813768,0.1205151885901738
300000.0,15000.0,1443.9565894514426,-24971.864697049983,-100826.22168565623,0.37319560406157165,0.252165280730629,0.12103032333094266
60000.0,20000.0,379.5442708961142,19358.50417319588,-18540.647391752576,0.3876704397288929,0.34167131927494526,0.04599912045394766
65000.0,20000.0,413.7165319605476,19144.919323896953,-20086.950422564405,0.39345726600427006,0.3427643181114728,0.05069294789279727
70000.0,20000.0,445.68600502331435,19052.24452242469,-21426.43467348457,0.3989271410829219,0.3420056705804313,0.05692147050249058
75000.0,20000.0,475.8999459990672,18926.994383902987,-22730.02851006063,0.4032886077319453,0.34009671254949553,0.06319189518244978
80000.0,20000.0,505.9955068004459,18789.43270724638,-24041.317057971017,0.4071138225842981,0.33835407584001836,0.06875974674427976
85000.0,20000.0,535.9902602900069,18641.387070160716,-25359.15808114955,0.41049366375905383,0.336758657569479,0.07373500618957485
90000.0,20000.0,565.8984651966018,18484.340380446592,-26682.624762220883,0.41349989728410447,0.3352937444763604,0.07820615280774407
95000.0,20000.0,595.7318122192481,18319.508470801804,-28010.957205748873,0.4161898933315541,0.3339447871523533,0.08224510617920078
100000.0,20000.0,625.4999772529138,18147.897634303037,-29343.526478560605,0.4186100233867634,0.3326991409634581,0.0859108824233053
105000.0,20000.0,655.2110375052744,17970.347900548535,-30679.807562157166,0.42079814679067856,0.33154581322519816,0.0892523335654804
110000.0,20000.0,683.4929346534652,17644.165203960394,-32108.984247524757,0.4219342625034747,0.3298098864368453,0.09212437606662943
115000.0,20000.0,707.5401934661638,16877.58012048104,-33813.41242469935,0.42046901585943847,0.32627514153666526,0.09419387432277321
120000.0,20000.0,731.4822045576674,16100.0492739974,-35524.68170375162,0.41904896592485075,0.3229940783006581,0.09605488762419262
125000.0,20000.0,755.3301606837606,15376.736711111109,-37178.06455555556,0.4179600457102859,0.31994044146130424,0.09801960424898165
130000.0,20000.0,779.0937218499291,14680.647072392625,-38800.93307975461,0.4170522594599223,0.31709146188438303,0.09996079757553927
135000.0,20000.0,802.7812689973232,13976.651975721608,-40428.742515173995,0.4161623988780692,0.3144272994777259,0.10173509940034331
140000.0,20000.0,826.4001089179661,13265.51132746847,-42061.017920332204,0.4152924896955259,0.3119305890053587,0.10336190069016721
145000.0,20000.0,849.9566409983837,12547.890663831917,-43697.343335105055,0.41444387451570847,0.3095860674393821,0.10485780707632636
150000.0,20000.0,873.4564938375559,11824.375359105812,-45337.352900558864,0.4136173760329375,0.30738026636767346,0.10623710966526406
155000.0,20000.0,896.9046379035304,11095.48234196716,-46980.723536270525,0.41281342176594293,0.3053012566506741,0.10751216511526884
160000.0,20000.0,920.3054789924427,10361.66981521403,-48627.16886549123,0.4120321397861917,0.3033384353059444,0.10869370448024729
165000.0,20000.0,943.6629362011944,9623.345364924215,-50276.43414692237,0.4112734324486509,0.3014823467257017,0.10979108572294921
170000.0,20000.0,963.4426406445978,8512.934627038165,-52158.253358101145,0.40903501207141585,0.2986279375403489,0.11040707453106696
175000.0,20000.0,982.3310071437544,7309.82474295047,-54098.009535655954,0.4065405665127338,0.2956704659042117,0.11087010060852209
180000.0,20000.0,1001.1622888611266,6100.7780415571615,-56041.476224026774,0.4041457506891891,0.29286266634852154,0.11128308434066758
185000.0,20000.0,1019.940744837972,4855.237463149097,-58019.37658553181,0.4017507071690954,0.29019346661035295,0.11155724055874244
190000.0,20000.0,1038.6702207127241,3325.6029541233147,-60279.460653672926,0.3986276051505746,0.2876528593184085,0.1109747458321661
195000.0,20000.0,1057.3541976912288,1791.236559887795,-62542.502150070126,0.395643779965704,0.28523177709501724,0.11041200287068675
200000.0,20000.0,1075.9958347170714,252.46681057542446,-64808.29574339036,0.39279018445658886,0.2829219848166891,0.10986819963989974
205000.0,20000.0,1094.5980049186671,-1120.4074884586298,-66906.65468028665,0.39051347475220793,0.2807159863475306,0.10979748840467735
210000.0,20000.0,1113.1633272192698,-2497.1139691959397,-69007.40873074747,0.38832494542809054,0.27860694352920634,0.1097180018988842
215000.0,20000.0,1131.694193842638,-3877.4038403656305,-71110.40240022852,0.38621967047090905,0.2765886055903122,0.10963106488059687
220000.0,20000.0,1150.1927943229277,-5091.0493904155155,-73045.4933690097,0.384613074040347,0.2746552474458232,0.1099578265945238
225000.0,20000.0,1168.6611365263986,-6077.84180125453,-74752.55112578408,0.38361626681504996,0.27280161560832417,0.11081465120672579
230000.0,20000.0,1187.101065109997,-7067.589228560304,-76461.45576785019,0.38264623167156275,0.2710228806383794,0.11162335103318333
235000.0,20000.0,1205.5142777741553,-8060.115111487845,-78172.09694467991,0.3817020842434281,0.26931459523060297,0.11238748901282514
240000.0,20000.0,1223.9023396113228,-9055.256680422433,-79884.37292526402,0.3807829604443587,0.26767265717177025,0.11311030327258847
245000.0,20000.0,1241.9518259135366,-10085.6101049922,-81618.65631562012,0.37979173067934513,0.26602583145566844,0.11376589922367669
250000.0,20000.0,1258.7889991117854,-11242.044092374315,-83431.74005773396,0.37846933226451757,0.2641910364452174,0.11427829581930016
255000.0,20000.0,1275.6009617552836,-12401.099977450489,-85246.46248590655,0.3771832059756496,0.262423644234443,0.1147595617412066
260000.0,20000.0,1292.389083744633,-13562.635290558188,-87062.73455659887,0.37593198048141385,0.26072000882482005,0.1152119716565938
265000.0,20000.0,1309.154637495265,-14726.517700492434,-88880.47356280778,0.374714344334256,0.2590767424371443,0.1156376018971117
270000.0,20000.0,1325.8988064574423,-15892.624128425989,-90699.60258026625,0.37352904365424044,0.25749069305727057,0.11603835059696987
275000.0,20000.0,1342.622692758054,-16980.589953162387,-92439.79997072648,0.37253433340893694,0.2559589242840654,0.11657540912487152
280000.0,20000.0,1359.3273240680307,-18000.80829692479,-94111.498935578,0.37170020969248097,0.2544786972089169,0.11722151248356405
285000.0,20000.0,1376.013659785406,-19022.929382317787,-95784.38711394861,0.37088499921000656,0.25304745409189683,0.11783754511810973
290000.0,20000.0,1392.682596612296,-20046.859952321203,-97458.40622020076,0.37008814068680085,0.25166280363019483,0.11842533705660602
295000.0,20000.0,1409.334973593984,-21072.512746225664,-99133.50171639104,0.36930908893722975,0.2503225076405814,0.11898658129664835
300000.0,20000.0,1425.9715766796865,-22099.806025312602,-100809.62251582037,0.3685473149409407,0.249024469000093,0.11952284594084767
60000.0,25000.0,241.08071050773333,9331.025087154892,-26447.596018409677,0.24624232854846068,0.2170243914272234,0.02921793712123727
65000.0,25000.0,274.2981901192894,9018.142966756728,-28055.95984365853,0.26086609457643545,0.22725616414191335,0.033609930434522095
70000.0,25000.0,306.2710139571351,8925.816645892686,-29395.226294198557,0.2741387851927192,0.23502291372662512,0.039115871466094104
75000.0,25000.0,337.94233221850607,8952.133745075262,-30604.090607209448,0.2863801389344032,0.2415068065988994,0.04487333233550378
80000.0,25000.0,369.3569016887633,8951.748969982014,-31829.64359164273,0.2971771451000417,0.2469852230828621,0.05019192201717956
85000.0,25000.0,468.4611576047556,15991.091585245216,-28655.366957103226,0.3587758046385698,0.29433062920408987,0.06444517543447992
90000.0,25000.0,501.27004433568334,16135.715805261687,-29790.289319592932,0.36627615127458063,0.297001530302351,0.06927462097222964
95000.0,25000.0,533.6766237432955,16238.500063653366,-30951.361658098132,0.3728369251960013,0.29915898877421593,0.07367793642178538
100000.0,25000.0,565.7426221261247,16305.863895467599,-32134.571763214237,0.3786179710496587,0.30091461428090593,0.07770335676875278
105000.0,25000.0,596.2703766000066,16213.25036075132,-33417.76772241191,0.3829445096267063,0.30172102665525224,0.08122348297145404
110000.0,25000.0,622.7127431966719,15695.756486804516,-34966.51389362867,0.3844133987799245,0.3004812613324203,0.08393213744750416
115000.0,25000.0,648.8157300284051,15142.967117304768,-36537.319749566006,0.3855709032482166,0.29919493775918793,0.08637596548902865
120000.0,25000.0,674.6225650466512,14559.377959202357,-38127.375473380016,0.3864754145910087,0.2978870739990648,0.08858834059194393
125000.0,25000.0,700.1694337553229,14012.7523049042,-39670.32900731636,0.38743699612419236,0.2965756292991169,0.09086136682507545
130000.0,25000.0,725.4868572295554,13478.264346224401,-41192.196481491235,0.3883562715633655,0.2952734461658752,0.0930828253974903
135000.0,25000.0,750.6007587506344,12922.610104416613,-42727.2928826211,0.3891119840794448,0.2939896316398496,0.09512235243959521
140000.0,25000.0,775.5332981665412,12348.094203670917,-44274.17782058717,0.38973029016061833,0.2927305501049631,0.0969997400556552
145000.0,25000.0,800.3035309224691,11756.698410287412,-45831.61269145185,0.39023272499466344,0.2915005436102126,0.09873218138445083
150000.0,25000.0,824.9279332907151,11150.136256584985,-47398.52653751587,0.39063711769419446,0.29030245886086725,0.1003346588333272
155000.0,25000.0,849.420824455218,10529.896937693324,-48973.98861182316,0.3909583050905379,0.2891380356083327,0.10182026948220524
160000.0,25000.0,873.7947083335771,9897.280861042644,-50557.186159729834,0.39120869279481,0.28800819472976097,0.10320049806504905
165000.0,25000.0,894.6983699135887,8903.761665363854,-52365.94815702908,0.38993337078793777,0.28583909977333205,0.10409427101460572
170000.0,25000.0,914.6755512083824,7813.888520022418,-54234.931372867475,0.3883306689432311,0.28351212812543747,0.10481854081779363
175000.0,25000.0,934.5249309631814,6710.724014521489,-56112.221688805555,0.38675588176608106,0.2812813804385487,0.10547450132753233
180000.0,25000.0,954.2572932686898,5595.389694294368,-57997.11813894751,0.38521130333166587,0.27914189177770454,0.10606941155396132
185000.0,25000.0,973.882242104572,4437.884373226116,-59919.996464615164,0.38360844141694844,0.27708890475934944,0.106519536657599
190000.0,25000.0,993.4083584663563,2991.1004748517007,-62128.29890109917,0.38125671360855645,0.27511788543198124,0.10613882817657522
195000.0,25000.0,1012.843333038566,1534.8378303615027,-64342.52555390555,0.3789885789184349,0.27322453008863395,0.10576404882980095
200000.0,25000.0,1032.1940787418725,69.81538350536721,-66562.22708319064,0.37680043872161134,0.2714047657540168,0.10539567296759456
205000.0,25000.0,1051.4668266283045,-1233.318836305698,-68616.99847057255,0.3751258107617387,0.26965474632909114,0.10547106443264753
210000.0,25000.0,1070.6672079297073,-2543.97918095981,-70676.47368598137,0.3735002536685727,0.2679708458267302,0.1055294078418425
215000.0,25000.0,1089.8003245372627,-3861.635053774051,-72740.32110649027,0.37192231303467993,0.2663496497336845,0.1055726633009954
220000.0,25000.0,1108.8708097714816,-5015.804589415289,-74638.23956626604,0.37079541183430353,0.2647879452440121,0.10600746659029142
225000.0,25000.0,1127.8828809681993,-5946.049184956646,-76309.9549384794,0.3702306910689764,0.2632827108973908,0.10694798017158558
230000.0,25000.0,1146.840385138193,-6881.968751277309,-77985.2171674298,0.3696687372285617,0.26183110600088705,0.10783763122767465
235000.0,25000.0,1165.746838741915,-7823.197576490202,-79663.79768318786,0.3691105167742676,0.2604304600994122,0.10868005667485542
240000.0,25000.0,1184.3000350962104,-8801.16515564348,-81365.33992015866,0.3684618117173513,0.25901146441430556,0.10945034730304576
245000.0,25000.0,1201.6526516033932,-9903.993038896471,-83144.91984719178,0.36746815029816576,0.2573937564193062,0.11007439387885959
250000.0,25000.0,1218.9568845539116,-11011.852812042576,-84927.64470540809,0.3664933507377966,0.2558311861158336,0.11066216462196299
255000.0,25000.0,1236.2156052164196,-12124.445863141736,-86713.32786234508,0.3655373265092521,0.25432107211174776,0.11121625439750432
260000.0,25000.0,1253.4314620768193,-13241.496749660146,-88501.79716641907,0.3645999319113405,0.2528608961220132,0.11173903578932731
265000.0,25000.0,1270.6069020343496,-14362.75099407701,-90292.89356917962,0.363680972870635,0.2514482916449216,0.1122326812257134
270000.0,25000.0,1287.7441892228862,-15487.97312646921,-92086.46990192475,0.36278021605351596,0.2500810334458332,0.11269918260768275
275000.0,25000.0,1304.845421762177,-16536.69494238295,-93802.13978687083,0.3620523636460485,0.24875702780291098,0.1132953358431375
280000.0,25000.0,1321.9125466998548,-17519.21394886446,-95450.27666592177,0.3614693548077803,0.2474743034676648,0.1139950513401155
285000.0,25000.0,1338.9473733681687,-18505.09197535983,-97100.51293248138,0.3608943065226107,0.24623100329301034,0.11466330322960033
290000.0,25000.0,1355.9515853482503,-19494.15392943134,-98752.73915377607,0.36032732964678116,0.24502537648249612,0.11530195316428504
295000.0,25000.0,1372.9267512083766,-20486.236679978203,-100406.85337286786,0.3597684987361905,0.243855771416006,0.11591272732018448
300000.0,25000.0,1389.874334160352,-21481.18805297278,-102062.76048098947,0.35921785702969006,0.24272062900934396,0.1164972280203461
60000.0,30000.0,204.82043173041166,8578.272285082043,-28049.935091243435,0.20920570516561396,0.18438235665780428,0.02482334850780968
65000.0,30000.0,237.41512053152013,8200.619920397323,-29698.780319171383,0.22578915033860447,0.1966985257096273,0.029090624628977185
70000.0,30000.0,269.6435585284281,8134.87747207575,-31021.43184937237,0.24135407597001912,0.20691613605274572,0.0344379399172734
75000.0,30000.0,301.5601135667436,8186.6991960605665,-32214.355771881856,0.255549006404085,0.21550665034179906,0.040042356062285955
80000.0,30000.0,333.2089000510655,8210.672990430045,-33424.68465040093,0.26809318896263973,0.22281342012570604,0.04527976883693369
85000.0,30000.0,364.62608728034434,8210.56046227504,-34650.06748049781,0.27925264610004646,0.22909183387194804,0.05016081222809843
90000.0,30000.0,395.8416110468877,8189.47493399556,-35888.55843567249,0.2892399883993278,0.2345353877949747,0.05470460060435309
95000.0,30000.0,426.8804610402485,8150.015333305069,-37138.53318610405,0.298227037572202,0.23929308755651893,0.05893395001568305
100000.0,30000.0,534.6602750989038,16091.615995405227,-33400.345272291444,0.3578164003235907,0.2843821274205535,0.07343427290303717
105000.0,30000.0,562.7183005961382,15742.150647117596,-34844.07361497122,0.3613962593756654,0.2847432138783931,0.07665304549727231
110000.0,30000.0,590.2712742317258,15340.159905218708,-36320.63032865802,0.36438661197898425,0.28482708752505237,0.07955952445393188
115000.0,30000.0,617.3863785987345,14892.630759387612,-37825.648544802454,0.36689342232661004,0.2847016041212993,0.08219181820531074
120000.0,30000.0,644.1193865906519,14405.363590547036,-39355.50302532782,0.3690008604463358,0.284418057324088,0.08458280312224781
125000.0,30000.0,670.5169849041188,13947.213815147574,-40843.159134952475,0.3710288880909424,0.2840155356213074,0.08701335246963504
130000.0,30000.0,696.6185519648005,13494.276789458483,-42314.057276008156,0.37290294213740466,0.283524034173708,0.08937890796369669
135000.0,30000.0,722.4575341044722,13014.030931984344,-43802.0234369295,0.3745225157731653,0.28296670613594466,0.09155580963722065
140000.0,30000.0,748.0625220566723,12509.449679013152,-45305.19922003649,0.3759253464276447,0.2823615106047077,0.09356383582293698
145000.0,30000.0,773.4581012407781,11983.089914160155,-46821.98657306962,0.3771427350426464,0.2817224318772272,0.09542030316541922
150000.0,30000.0,798.6655294159294,11437.162444375892,-48351.003741684784,0.37820079527213424,0.2810603904173434,0.09714040485479086
155000.0,30000.0,823.7032812563573,10873.588635780383,-49891.04987205697,0.37912143129295023,0.28038392962563546,0.09873750166731476
160000.0,30000.0,845.3674403871021,9959.161185377845,-51650.37952855856,0.37848145351651635,0.27863838962075826,0.09984306389575809
165000.0,30000.0,866.0866243565483,8946.45631820026,-53471.13257054455,0.3774636102917148,0.27669819165503745,0.10076541863667737
170000.0,30000.0,886.6299688610189,7915.464146665196,-55303.31517775396,0.3764237586300976,0.2748191410598995,0.10160461757019806
175000.0,30000.0,907.0127409235897,6867.772441172565,-57145.93499368685,0.375369881280132,0.2730005239982095,0.10236935728192248
180000.0,30000.0,927.2484898941206,5804.790334107762,-58998.111310602355,0.3743084824439065,0.27124120448737804,0.10306727795652848
185000.0,30000.0,947.3492824070722,4696.7727554547455,-60890.059797260496,0.37315721140607855,0.26953974899415506,0.10361746241192349
190000.0,30000.0,967.3258997989292,3296.8409642078623,-63069.0796667898,0.37124661817335575,0.26789452072572123,0.10335209744763452
195000.0,30000.0,987.1880048014071,1884.9998844655784,-65255.542841628725,0.369388795740599,0.2663037509580273,0.10308504478257174
200000.0,30000.0,1006.9442829479738,462.1528117084963,-67448.8847621019,0.36758304992940977,0.2647655928950397,0.10281745703437006
205000.0,30000.0,1026.6025630585311,-800.8860567935335,-69478.59655491568,0.36625512954346945,0.26327816219370115,0.1029769673497683
210000.0,30000.0,1046.1699203267613,-2073.380900897595,-71514.21833248071,0.36495442069066286,0.26183956728303065,0.10311485340763221
215000.0,30000.0,1065.6527648720214,-3354.665068190545,-73555.33343703879,0.36368133893820687,0.2604479318556951,0.10323340708251177
220000.0,30000.0,1085.0569180919922,-4474.133133313575,-75431.5634777407,0.36283228241033266,0.2591014113479896,0.10373087106234308
225000.0,30000.0,1104.387678732788,-5371.234026670834,-77082.564036089,0.3625183256211077,0.2577982048001695,0.10472012082093818
230000.0,30000.0,1123.649880256622,-6275.465068192076,-78738.02093703976,0.36219358657433176,0.2565365631677717,0.10565702340656008
235000.0,30000.0,1142.5504988479584,-7217.300734693097,-80416.98072860291,0.36176585777886333,0.25524834570678384,0.10651751207207949
240000.0,30000.0,1160.2643785369592,-8282.557247037024,-82173.07854881785,0.36098378984857854,0.25375476390000956,0.10722902594856898
245000.0,30000.0,1177.9139969048765,-9354.496936773605,-83933.35335490321,0.3602088149810995,0.25230894135478726,0.10789987362631226
250000.0,30000.0,1195.5032444273895,-10432.715194432254,-85697.55226593987,0.35944174516758554,0.2509088031765077,0.10853294199107782
255000.0,30000.0,1213.035703745543,-11516.839425344297,-87465.4424102599,0.3586832476765158,0.24955237531756197,0.10913087235895386
260000.0,30000.0,1230.5146795219957,-12606.525944593217,-89236.80898479048,0.35793386550730155,0.2482377808194464,0.10969608468785516
265000.0,30000.0,1247.9432248885514,-13701.457226471422,-91011.45353596436,0.35719403490420876,0.24696323580933718,0.11023079909487157
270000.0,30000.0,1265.3241649305419,-14801.339462104414,-92789.19243323497,0.3564641003802547,0.24572704536975912,0.1107370550104956
275000.0,30000.0,1282.6601175882672,-15825.650385700967,-94489.60551048281,0.35589665992788455,0.24452759937011445,0.1113690605577701
280000.0,30000.0,1299.9535123009796,-16784.637335578896,-96123.03485415652,0.3554647836157001,0.24336336832581232,0.11210141528988779
285000.0,30000.0,1317.2066066728112,-17747.815520908407,-97759.08371998747,0.35503439068435505,0.24223289933296382,0.11280149135139123
290000.0,30000.0,1334.4215014012552,-18714.966469150226,-99397.6155626386,0.35460597665783994,0.24113481211293028,0.11347116454490966
295000.0,30000.0,1351.6001536758931,-19685.88663258789,-101038.50316478714,0.35417997191153683,0.2400677951904826,0.11411217672105423
300000.0,30000.0,1368.7443892271938,-20660.386135252615,-102681.6278539526,0.35375674925074124,0.23903060222126943,0.11472614702947181
60000.0,35000.0,168.55922710590522,7825.423194901974,-29652.334344144205,0.1721681361128869,0.15173948842717042,0.020428647685716478
65000.0,35000.0,201.34478483835,7467.621199076239,-31288.773091535288,0.19148514126641122,0.16681423764569178,0.024670903620719442
70000.0,35000.0,233.76332544472388,7421.6494221391185,-32599.06795212099,0.209238194734928,0.17938275372064283,0.029855441014285167
75000.0,35000.0,265.8667618030732,7492.906803407444,-33779.84458882829,0.22530163558785588,0.1899987853026195,0.03530285028523639
80000.0,35000.0,297.697657162807,7535.819920819762,-34978.336390445584,0.23952155612665887,0.19906741130170724,0.04045414482495163
85000.0,35000.0,329.29123931741765,7554.052464899258,-36192.2535503959,0.25219108869259865,0.20689121410886036,0.0452998745837383
90000.0,35000.0,360.6769155935599,7550.662797618061,-37419.68459244665,0.26354527662284993,0.21370037385334664,0.04984490276950329
95000.0,35000.0,391.11837319116523,7449.074387769011,-38708.4898486023,0.27324294368643526,0.21924620980057558,0.05399673388585968
100000.0,35000.0,418.9468950613516,7075.740662268392,-40167.13592704019,0.2803763004271594,0.22283497548371878,0.05754132494344061
105000.0,35000.0,446.3922332570405,6662.555834620041,-41650.68894432041,0.2866878207844642,0.22588062093112476,0.06080719985333943
110000.0,35000.0,473.4951381264643,6213.757941040123,-43156.500127807856,0.29229829860006107,0.2284784082121687,0.06381989038789238
115000.0,35000.0,583.9514771162645,14433.717195979349,-39244.33809347084,0.34702410571178827,0.269283430971283,0.07774067474050528
120000.0,35000.0,611.6958093187678,14051.627745039696,-40708.45650030813,0.35042615494740476,0.2701010672580409,0.08032508768936386
125000.0,35000.0,639.0223523007246,13690.088215163203,-42135.73120648094,0.3536014123091902,0.27067513537875665,0.08292627693043353
130000.0,35000.0,665.9801561725585,13326.199817833905,-43550.97395481174,0.3565020755496962,0.27105419461642594,0.08544788093327027
135000.0,35000.0,692.6108819768102,12928.295301476093,-44987.476777535376,0.3590499894106096,0.2712765950317415,0.08777339437886811
140000.0,35000.0,718.9501425805109,12500.078404260974,-46442.92483829483,0.3612954444913465,0.27137283625756053,0.08992260823378595
145000.0,35000.0,745.0285617964453,12044.73400271812,-47915.32758925911,0.36328032382109693,0.27136732799175667,0.09191299582934026
150000.0,35000.0,770.872618474782,11565.01589726517,-49402.963905167206,0.36503971515320566,0.27127971739184553,0.09375999776136013
155000.0,35000.0,793.4367134665237,10744.181776406302,-51103.797730704,0.3651908026771397,0.270081361448111,0.0951094412290287
160000.0,35000.0,815.0273276968715,9822.105656362459,-52867.907805731404,0.3648978099998047,0.2686380989340871,0.09625971106571762
165000.0,35000.0,836.3831612962987,8875.612350702897,-54647.27862176862,0.36451805024081546,0.26720850057388323,0.09730954966693223
170000.0,35000.0,857.5252063099629,7906.885032123973,-56440.54569588046,0.36406716738202716,0.2657978513156462,0.09826931606638095
175000.0,35000.0,878.4720246418857,6917.8541386439465,-58246.50250430547,0.3635582221942805,0.264410092851393,0.09914812934288753
180000.0,35000.0,899.240089820038,5910.2329171717865,-60064.07826772557,0.36300214779718337,0.26304811250107996,0.09995403529610342
185000.0,35000.0,919.8440726620122,4854.54713273712,-61923.31938299724,0.36232301586889804,0.2617139687160745,0.10060904715282354
190000.0,35000.0,940.2970812984547,3504.1600309271016,-64071.3738216285,0.3608733226132882,0.26040906791248397,0.10046425470080422
195000.0,35000.0,960.6108638414768,2139.293415401422,-66228.47795633205,0.3594440860746912,0.2591343037068996,0.10030978236779159
200000.0,35000.0,980.7959803090863,761.045528032817,-68393.94538593743,0.3580376629628738,0.257890166946828,0.10014749601604583
205000.0,35000.0,1000.8619491124961,-459.59371641257894,-70397.1574137158,0.3570717978096717,0.25667683293804516,0.10039496487162652
210000.0,35000.0,1020.8173723914558,-1691.729695400747,-72407.5549005834,0.3561102317448827,0.2554942307827906,0.10061600096209211
215000.0,35000.0,1040.6700436771403,-2934.5518816895783,-74424.63126701393,0.35515534454868786,0.2543420986220004,0.10081324592668744
220000.0,35000.0,1060.4270407229844,-4017.324188921775,-76277.92645903405,0.35459629545676524,0.25322002772540547,0.10137626773135977
225000.0,35000.0,1080.0948058338386,-4879.376617392962,-77907.02172682853,0.35454412256049544,0.25212749772566306,0.10241662483483238
230000.0,35000.0,1099.390109627644,-5780.165022837173,-79560.32698023117,0.35437377233506584,0.25099790002211714,0.1033758723129487
235000.0,35000.0,1117.511079588041,-6803.084146955924,-81289.96393280539,0.35383762441326394,0.24965448324731543,0.10418314116594851
240000.0,35000.0,1135.5493152486044,-7834.607638257323,-83024.97861486877,0.3532943895901412,0.2483494742388563,0.10494491535128489
245000.0,35000.0,1153.5099286296409,-8874.203846629534,-84765.0387451014,0.35274599465870005,0.24708159483589542,0.10566439982280462
250000.0,35000.0,1171.3976190990682,-9921.384037809097,-86509.83886458862,0.3521941127778317,0.24584958344695576,0.10634452933087593
255000.0,35000.0,1189.2167141864168,-10975.698148724827,-88259.09768391095,0.3516401965074032,0.24465220180758995,0.10698799469981324
260000.0,35000.0,1206.9712056466676,-12036.73103685875,-90012.55573899465,0.3510855062378779,0.2434882399932757,0.10759726624460217
265000.0,35000.0,1224.6647814066557,-13104.09915781999,-91769.97331459544,0.3505311347115093,0.24235652004515879,0.10817461466635053
270000.0,35000.0,1242.3008539322225,-14177.447615161014,-93531.12860043357,0.3499780282176787,0.2412558984944786,0.10872212972320011
275000.0,35000.0,1259.882585475412,-15176.197534669307,-95215.56605012625,0.34957663212846446,0.24018526801455262,0.10939136411391184
280000.0,35000.0,1277.412910594827,-16110.54372225015,-96833.59491736427,0.34930118620069495,0.23914355838384746,0.11015762781684749
285000.0,35000.0,1294.8945562866777,-17049.952570297697,-98454.787947394,0.3490204934159767,0.23812973690748201,0.11089075650849467
290000.0,35000.0,1312.3300600171294,-17994.1601823307,-100078.98020491462,0.34873544988682253,0.23714280841554444,0.11159264147127809
295000.0,35000.0,1329.7217859068421,-18942.92068980058,-101706.0180220833,0.3484468564921294,0.2361818149333791,0.11226504155875033
300000.0,35000.0,1347.0719392849062,-19896.004738481904,-103335.75805250912,0.3481554291648107,0.23524583510033154,0.11290959406447915
60000.0,40000.0,133.04601114827204,6845.364926076727,-31282.364333698206,0.13589457041269193,0.11976997056488724,0.01612459984780469
65000.0,40000.0,165.9665373227042,6501.599648217671,-32910.030132360116,0.15783932953738958,0.1375033449235329,0.02033598461385669
70000.0,40000.0,198.524623555081,6470.140616384859,-34211.25452725562,0.1776965388564285,0.15234166260646084,0.025354876249967656
75000.0,40000.0,230.76922704526942,6556.079379364455,-35382.85530039338,0.19555917386602584,0.16491671439659733,0.030642459469428507
80000.0,40000.0,262.7408675879477,6613.6299958029995,-36572.198665119286,0.21139602529124682,0.17569215979853506,0.03570386549271176
85000.0,40000.0,294.47337014687105,6646.310261931023,-37777.085998789276,0.22552546482031438,0.18501540824074833,0.04051005657956605
90000.0,40000.0,325.36208987052544,6591.237113191077,-39036.81921675174,0.2377408652183984,0.19277640801772167,0.04496445720067674
95000.0,40000.0,353.97374136076974,6299.348868176487,-40444.56186988586,0.24729297754018778,0.1984243300284596,0.048868647511728175
100000.0,40000.0,382.14464643248084,5961.622995634432,-41880.953040224646,0.2557467389252124,0.2032601122549098,0.05248662667030257
105000.0,40000.0,409.921677046112,5582.934179452088,-43342.94605033861,0.2632652262500117,0.20742601695533283,0.055839209294678865
110000.0,40000.0,437.34528645587534,5167.489558067471,-44827.911438703995,0.26998225079486576,0.21103480657460302,0.05894744422026274
115000.0,40000.0,464.4505715717469,4718.9392101181,-46333.56790617235,0.2760084537211033,0.21417677380840375,0.06183167991269953
120000.0,40000.0,491.26813108392685,4240.465399384833,-47857.926537880645,0.2814359680110631,0.21692489059784142,0.06451107741322165
125000.0,40000.0,605.6855359451404,12936.375504951036,-43624.29522190176,0.3351545687789355,0.25655442857146477,0.07860014020747075
130000.0,40000.0,633.5716698528297,12669.033431350726,-44979.19651790196,0.3391536718002403,0.2578639274940292,0.08128974430621111
135000.0,40000.0,661.0608023676482,12360.403212891848,-46359.90290443876,0.34269440499177745,0.2589192983272401,0.08377510666453736
140000.0,40000.0,688.1961597380583,12014.980379414497,-47763.604675362105,0.3458405843517244,0.25976452706352193,0.08607605728820245
145000.0,40000.0,715.01491258947,11636.630675961307,-49187.88574002034,0.3486454913300148,0.2604352319538009,0.0882102593762139
150000.0,40000.0,738.6422753371801,10926.376401723159,-50819.60716141918,0.3497773293889807,0.2599374564679717,0.08983987292100903
155000.0,40000.0,761.2550939548786,10110.609537963799,-52517.273951268784,0.3503787436162959,0.25912692051565606,0.09125182310063984
160000.0,40000.0,783.5608978006096,9262.913137919837,-54234.89670129627,0.35080990034638904,0.2582665670598596,0.09254333328652942
165000.0,40000.0,805.58798073284,8386.229762871793,-55970.63631070129,0.3510966906352398,0.2573700265298695,0.09372666410537028
170000.0,40000.0,827.3612635552138,7483.151176398664,-57722.872927246994,0.3512608951990196,0.2564482588926773,0.09481263630634229
175000.0,40000.0,848.9027821180695,6555.969106935663,-59490.17422066138,0.3513209045085267,0.25551008699809924,0.09581081751042747
180000.0,40000.0,870.2320930464417,5606.71744348637,-61271.26901031718,0.35129229939149614,0.2545626158188102,0.09672968357268596
185000.0,40000.0,891.3666128693917,4606.2075050731655,-63096.02522182544,0.35110585480540674,0.25361156392510764,0.0974942908802991
190000.0,40000.0,912.3219029649329,3308.057675009448,-65211.43136561525,0.35013682692835374,0.2526615269922696,0.09747529993608411
195000.0,40000.0,933.1119101587752,1992.7184231690626,-67337.5808980155,0.3491544499207115,0.25171618833525095,0.09743826158546054
200000.0,40000.0,953.7491708252104,661.4935324783146,-69473.65895469721,0.34816427782200354,0.25077848790938156,0.09738578991262198
205000.0,40000.0,974.2449847901993,-514.4418151628488,-71448.93104697294,0.3475758155603454,0.24985075856212327,0.09772505699822212
210000.0,40000.0,994.6095641237913,-1704.025564469266,-73432.73339028945,0.3469676868312323,0.24893483632601002,0.09803285050522229
215000.0,40000.0,1014.8521609526192,-2906.295494271166,-75424.46459641564,0.34634432986612285,0.24803215003260043,0.09831217983352242
220000.0,40000.0,1034.981177664458,-3950.3777562399337,-77253.57851014612,0.3460874509736013,0.24714379437625972,0.09894365659734156
225000.0,40000.0,1054.7238664720026,-4804.638120255302,-78877.80373765572,0.34621604118653365,0.2462051366313414,0.10001090455519226
230000.0,40000.0,1073.3028573705847,-5779.923066802759,-80577.66932924787,0.34596489371115163,0.24504201095550834,0.10092288275564329
235000.0,40000.0,1091.7776592732419,-6766.043668926417,-82284.30720557517,0.3456896494369682,0.24390557939461674,0.10178407004235149
240000.0,40000.0,1110.1548452311472,-7762.31632930426,-83997.29011831133,0.34539361094203946,0.24279559543084595,0.10259801551119352
245000.0,40000.0,1128.4404467776872,-8768.1137684641,-85716.22601778622,0.34507968933096766,0.2417117168626309,0.10336797246833676
250000.0,40000.0,1146.6400085689484,-9782.859342172931,-87440.75450135424,0.3447504535685353,0.24065352692717795,0.10409692664135733
255000.0,40000.0,1164.75863653904,-10806.0220332834,-89170.54368329828,0.34440817300191395,0.23962055158183157,0.10478762142008238
260000.0,40000.0,1182.801040450836,-11837.112026456642,-90905.28742903157,0.3440548541030697,0.2386122736435013,0.10544258045956839
265000.0,40000.0,1200.7715715886616,-12875.676788122757,-92644.70290507289,0.3436922722925364,0.2376281443523862,0.10606412794015022
270000.0,40000.0,1218.6742562279298,-13921.297585638866,-94388.52840352045,0.3433219995657884,0.23666759281999206,0.10665440674579635
275000.0,40000.0,1236.5128254236122,-14893.336389287899,-96056.2714058011,0.3430922802477884,0.23573003373622559,0.10736224651156279
280000.0,40000.0,1254.290741581398,-15801.933108878191,-97658.20685554502,0.342978562562765,0.2348148736417703,0.10816368892099468
285000.0,40000.0,1272.0112222097687,-16716.50312352764,-99263.87561470094,0.3428526147174757,0.23392151601656497,0.10893109870091072
290000.0,40000.0,1289.677261195873,-17636.73506897279,-100873.08308060415,0.34271574933372884,0.23304936539033858,0.10966638394339026
295000.0,40000.0,1307.2916479012238,-18562.338851616296,-102485.64794475635,0.3425691524779681,0.2321978306446955,0.11037132183327258
300000.0,40000.0,1324.8569843334885,-19493.043862660736,-104101.40107665912,0.3424138967718982,0.23136632764653015,0.11104756912536806
60000.0,45000.0,98.16974920068452,5548.549874296223,-32966.74231259925,0.10027159611933992,0.0883738480443805,0.011897748074959413
65000.0,45000.0,131.18248530708883,5214.374429362273,-34588.41446568297,0.12475861617609837,0.10868474341929481,0.016073872756803567
70000.0,45000.0,163.8407969277319,5193.338837909148,-35883.12421034117,0.14665154385475618,0.1257263656254362,0.02092517822931997
75000.0,45000.0,196.19049585847773,5290.207526706712,-37047.89377984269,0.16625635827485583,0.14020540081140181,0.02605095746345401
80000.0,45000.0,228.26982470018254,5358.957726244014,-38230.23740513188,0.18366131648475154,0.1526417221903386,0.031019594294412922
85000.0,45000.0,259.60580654988576,5350.3998386131425,-39460.89858490117,0.1988217819594839,0.16310837973749528,0.03571340222198863
90000.0,45000.0,289.000587660188,5139.957074084581,-40817.737812731524,0.2111716512095802,0.1712322883907955,0.03993936281878471
95000.0,45000.0,317.8970596079213,4877.690156648838,-42206.967136128864,0.2220891022014833,0.17820110279431575,0.04388799940716756
100000.0,45000.0,346.34821596575955,4569.1104178640235,-43625.14197286937,0.23179031184323676,0.18422023679697533,0.04757007504626143
105000.0,45000.0,374.39979329872574,4218.9744604925145,-45069.28944622657,0.24045190047282844,0.18945145431798818,0.05100044615484026
110000.0,45000.0,402.0914722737142,3831.4090738913146,-46536.83031285232,0.24821934538176693,0.1940235752035294,0.05419577017823754
115000.0,45000.0,429.457847857464,3410.012134601282,-48025.51589990858,0.25521337205894834,0.19804022638952262,0.05717314566942572
120000.0,45000.0,456.52921878618133,2957.934711187874,-49533.376789541966,0.26153486148376587,0.20158553867804618,0.059949322805719685
125000.0,45000.0,483.332234401174,2541.9483351471426,-50994.68077456742,0.2674506769340404,0.2047283909685335,0.06272228596550689
130000.0,45000.0,509.8904280363946,2136.5004732100642,-52435.89818827809,0.27294656486851604,0.20752561173642434,0.0654209531320917
135000.0,45000.0,536.2246595124407,1707.7605467188696,-53891.673142335094,0.2779792569388129,0.2100244214896125,0.06795483544920042
140000.0,45000.0,655.8005735293133,10976.155604473635,-49286.738731238365,0.3295607660087778,0.24753658302259146,0.08202418298618636
145000.0,45000.0,680.6832401445741,10396.452932460728,-50836.86540124643,0.3319051652235519,0.24793035000082553,0.08397481522272637
150000.0,45000.0,704.4945241414064,9705.326468131301,-52456.631941452324,0.3336069724832042,0.2479204356633086,0.0856865368198956
155000.0,45000.0,727.9102926223052,8973.066390144784,-54102.1069901939,0.3350313131822415,0.24777653908224365,0.08725477409999785
160000.0,45000.0,750.9681506983165,8203.58363004995,-55770.84621525317,0.33621772455626936,0.24752379399807597,0.08869393055819338
165000.0,45000.0,773.7010826661725,7400.308554706979,-57460.70563734253,0.33719953147498793,0.2471827695229963,0.09001676195199163
170000.0,45000.0,796.1381405967722,6566.262579489354,-59169.79687185354,0.3380049420810751,0.24677036379099307,0.09123457829008205
175000.0,45000.0,818.3050133521407,5704.117346047686,-60896.450142754584,0.3386579282228703,0.2463005064383281,0.09235742178454218
180000.0,45000.0,840.2244995733323,4816.243913051585,-62639.18353837715,0.3391789372268451,0.24578471444056885,0.09339422278627627
185000.0,45000.0,861.9169030292112,3873.753872462985,-64427.67731374502,0.339505728215605,0.24523253462125463,0.09427319359435035
190000.0,45000.0,883.400364798364,2630.533896454872,-66508.7522987501,0.3390371311185526,0.2446518979650781,0.0943852331534745
195000.0,45000.0,904.6911437533022,1367.274907768442,-68602.35166667911,0.3385198872786598,0.24404940484308124,0.09447048243557854
200000.0,45000.0,925.803854496346,85.49682504500379,-70707.52546838127,0.33796289450679895,0.24343055578270056,0.09453233872409839
205000.0,45000.0,946.7516700916411,-1043.4303530442703,-72653.41745468706,0.3377671827954906,0.24279993906593547,0.09496724372955515
210000.0,45000.0,967.5464955237676,-2188.268508103123,-74609.25380159884,0.33752678594971164,0.242161383912689,0.09536540203702265
215000.0,45000.0,988.1991166984582,-3347.895905935322,-76574.33342524397,0.3372482948905117,0.24151808608749517,0.09573020880301655
220000.0,45000.0,1008.4480432875108,-4379.5075406738615,-78395.65319695555,0.33721503373449785,0.24080793083774438,0.09640710289675347
225000.0,45000.0,1027.541743411102,-5301.262727820344,-80062.0626889221,0.3372934337284611,0.23985998930427405,0.09743344442418705
230000.0,45000.0,1046.5063689676085,-6236.441669943684,-81736.86202774919,0.3373274022533544,0.23892419867193956,0.09840320358141483
235000.0,45000.0,1065.3502379035617,-7184.179300604534,-83419.51054691222,0.33732193284997647,0.23800163414868797,0.0993202987012885
240000.0,45000.0,1084.0809684845865,-8143.683320177981,-85109.51305914563,0.33728145390427317,0.23709312747597827,0.1001883264282949
245000.0,45000.0,1102.7055513490152,-9114.226702277403,-86806.41517295776,0.33720989899790227,0.2361993074349936,0.10101059156290867
250000.0,45000.0,1121.2304128370297,-10095.141107523872,-88509.7991762368,0.33711076753969627,0.23532063361717417,0.10179013392252209
255000.0,45000.0,1139.661470803413,-11085.81107902,-90219.28040842188,0.3369871771600481,0.23445742464028688,0.10252975251976124
260000.0,45000.0,1158.0041839344992,-12085.668913387053,-91934.50405490129,0.3368419091028767,0.2336098817701229,0.1032320273327538
265000.0,45000.0,1176.2635954345692,-13094.190117379767,-93655.14230739675,0.3366774476472901,0.23277810873101948,0.1038993389162706
270000.0,45000.0,1194.4443718176626,-14110.889373538055,-95380.89184249568,0.33649601442458343,0.23196212834629917,0.10453388607828426
275000.0,45000.0,1212.5508374328665,-15055.066949556844,-97031.22157750741,0.336443604285856,0.23116189653513317,0.10528170775072285
280000.0,45000.0,1230.5870052606915,-15936.80549546305,-98616.3706686988,0.33649691270191007,0.2303773140995808,0.10611959860232928
285000.0,45000.0,1248.5566044420843,-16825.467180598207,-100205.84672190827,0.3365307545888523,0.2296082366602127,0.10692251792863958
290000.0,45000.0,1266.4631049374862,-17720.69112907641,-101799.42418970715,0.336546874998559,0.2288544830373128,0.10769239196124622
295000.0,45000.0,1284.3097396590374,-18622.141118035055,-103396.8929328063,0.33654685986905286,0.2281158423244318,0.10843101754462106
300000.0,45000.0,1302.0995243729415,-19529.503507789064,-104998.05692640255,0.33653215207200393,0.22739207985986537,0.10914007221213856
60000.0,50000.0,63.84034705909653,4271.608242339673,-34624.82440411032,0.06520719008196857,0.057470016741794534,0.007737173340174035
65000.0,50000.0,96.91236681019433,3943.5982964538416,-36242.643120288965,0.09216666954652471,0.08029193604821402,0.011874733498310683
70000.0,50000.0,129.6401241290077,3929.7850576104393,-37532.838894566084,0.1160390129048696,0.09948182596523818,0.01655718693963143
75000.0,50000.0,162.06627925349386,4034.605190556991,-38692.63881147449,0.13733870883979107,0.11581890112118191,0.02151980771860916
80000.0,50000.0,193.84952322924602,4072.5625640352227,-39894.2279530506,0.1559674332031687,0.12962521485418435,0.026342218348984342
85000.0,50000.0,224.02743395960613,3943.5652799926756,-41200.16375557719,0.17157371870686725,0.1407547552788594,0.030818963428007856
90000.0,50000.0,253.6494727833616,3756.757317663243,-42542.23123203308,0.1853407234558393,0.15028682130184134,0.03505390215399795
95000.0,50000.0,282.7747548854072,3518.286656275988,-43916.587895400124,0.1975519733186602,0.15851286333104625,0.03903910998761395
100000.0,50000.0,311.45430014157625,3233.459362917565,-45319.917453749134,0.20843788426463275,0.1656604026774883,0.04277748158714445
105000.0,50000.0,339.73237297568164,2906.8789376645145,-46749.34271953229,0.21818733929953923,0.17190926194713563,0.04627807735240361
110000.0,50000.0,367.64756463100105,2542.5588698177453,-48202.35526193652,0.2269564119524195,0.17740315282294697,0.04955325912947253
115000.0,50000.0,395.2336738363716,2144.0142271762743,-49676.75816358744,0.23487501545088796,0.18225808803777202,0.05261692741311594
120000.0,50000.0,422.5204283617712,1714.3366978178383,-51170.61911943646,0.24205202462060266,0.18656858016721667,0.05548344445338599
125000.0,50000.0,449.53408002072285,1320.256470348817,-52618.231761604606,0.24874855316740982,0.1904122720103417,0.058336281157068126
130000.0,50000.0,476.29789827949025,936.1935692606203,-54046.08357478473,0.2549643375148855,0.19385343845319097,0.061110899061694535
135000.0,50000.0,502.8325820742821,528.3006839189766,-55488.82912812325,0.26066877949388806,0.19694566499851365,0.0637231144953744
140000.0,50000.0,527.2696192744304,-97.74744726560311,-57067.92171011361,0.26496985003547086,0.19902166169877747,0.06594818833669339
145000.0,50000.0,550.9496299149952,-802.5263406468584,-58696.2210184769,0.26864629119993017,0.20067650637121226,0.0679697848287179
150000.0,50000.0,669.1442316792057,8322.212242831025,-54181.071903803226,0.31686716310131674,0.23548022554423742,0.08138693755707932
155000.0,50000.0,693.4023094688035,7677.552332949199,-55771.79684747936,0.3191485113749765,0.23603021714787373,0.08311829422710279
160000.0,50000.0,717.2490863899925,6990.117132752857,-57389.25634760207,0.3211212826294458,0.23640977974873614,0.08471150288070964
165000.0,50000.0,740.722467096296,6263.848726208424,-59030.98660169235,0.3228265727600598,0.23664672955326357,0.08617984320679625
170000.0,50000.0,763.8558374346379,5502.219241395971,-60694.817529700136,0.3242993080281935,0.2367641660105933,0.08753514201760021
175000.0,50000.0,786.6787183440994,4708.2988559799705,-62378.83027058513,0.3255692933373114,0.23678135117207966,0.08878794216523173
180000.0,50000.0,809.2173094007093,3884.8123258674023,-64081.321851905486,0.32666206130323006,0.23671440836635585,0.0899476529368742
185000.0,50000.0,831.4949431414703,3003.1862349065486,-65831.77565875601,0.32752263609949256,0.23657688080451544,0.09094575529497712
190000.0,50000.0,853.5324667987474,1817.588695263359,-67876.83662103301,0.3275742351838844,0.23638018083090934,0.09119405435297506
195000.0,50000.0,875.3485646250576,608.9628691996331,-69936.29026232284,0.3275403981485362,0.23613395323039052,0.09140644491814567
200000.0,50000.0,896.960031322493,-620.9445942670864,-72009.04492698955,0.32743351301726004,0.23584637056678484,0.0915871424504752
205000.0,50000.0,918.3820050168215,-1700.5593300569308,-73924.11663685819,0.32764589951510736,0.23552437444948174,0.09212152506562563
210000.0,50000.0,939.6281665913839,-2798.4585263024346,-75850.61613451163,0.32778752910032044,0.23517387354282726,0.09261365555749318
215000.0,50000.0,960.4491636381515,-3940.5748334386153,-77804.75132647174,0.32777791165019166,0.23473593516376773,0.09304197648642393
220000.0,50000.0,980.120771562157,-5032.227609342037,-79663.59681141138,0.3277426747428229,0.23404364413416434,0.09369903060865858
225000.0,50000.0,999.6344652015308,-5910.303470847168,-81302.70672485209,0.32813279207698537,0.23334556836149287,0.0947872237154925
230000.0,50000.0,1019.0006444187169,-6803.720832259816,-82951.405075735,0.3284612979616746,0.2326444631714111,0.09581683479026351
235000.0,50000.0,1038.2288154789996,-7711.4910419904045,-84609.0739568166,0.3287344746522883,0.23194264750952887,0.09679182714275941
240000.0,50000.0,1057.3276850089228,-8632.708610878399,-86275.1474373716,0.32895791847684225,0.2312420703742534,0.09771584810258885
245000.0,50000.0,1076.3052423436247,-9566.5426480694,-87949.10621061598,0.32913662365950375,0.2305443665529835,0.09859225710652025
250000.0,50000.0,1095.1688319033126,-10512.229333861862,-89630.47288923628,0.32927505469131463,0.22985090351694457,0.09942415117437006
255000.0,50000.0,1113.925216979536,-11469.06528593463,-91318.80785928176,0.3293772089818057,0.22916282098295587,0.10021438799884985
260000.0,50000.0,1132.5806360976587,-12436.401697649853,-93013.70561660377,0.32944667123729915,0.22848106437314075,0.1009656068641584
265000.0,50000.0,1151.1408529443793,-13413.639145590918,-94714.79152156695,0.32948666077577055,0.22780641318105876,0.10168024759471178
270000.0,50000.0,1169.6112007014215,-14400.22297885854,-96421.7189173592,0.32950007279406396,0.22713950507340014,0.10236056772066382
275000.0,50000.0,1187.9966215031757,-15315.389215476098,-98053.91656524518,0.3296306042426675,0.22648085641127547,0.10314974783139202
280000.0,50000.0,1206.3017016327085,-16169.160882004682,-99621.58635682554,0.32985623661813035,0.22583087975727897,0.10402535686085138
285000.0,50000.0,1224.5307029836242,-17030.84474150944,-101194.20126901602,0.3300549130301062,0.2251898988384252,0.10486501419168101
290000.0,50000.0,1242.6875912419684,-17900.02836264165,-102771.50353222364,0.33022882688131294,0.22455816135646695,0.105670665524846
295000.0,50000.0,1260.7760611802837,-18776.327489056857,-104353.25298623314,0.3303799786653837,0.223935849972588,0.10644412869279571
300000.0,50000.0,1278.7995594032652,-19659.38367386679,-105939.22560173935,0.33051019506512797,0.22332309174033727,0.1071871033247907
60000.0,55000.0,29.983936692656812,3043.8577549985566,-36252.162030236745,0.030625902730664983,0.02699197957236608,0.0036339231582989025
65000.0,55000.0,63.0897523995377,2719.362588514159,-37867.78400928949,0.06000031319603055,0.05226988599795999,0.007730427198070565
70000.0,55000.0,95.8627338068053,2710.25265486999,-39155.0402178171,0.08580535601951761,0.07356210020001587,0.012243255819501739
75000.0,55000.0,128.09323990860634,2794.7252894572957,-40327.55732120003,0.10854917050719136,0.09154043861315388,0.017008731894037482
80000.0,55000.0,159.05428025902438,2747.1734859007775,-41582.58969842285,0.12797187952141834,0.10635798793103836,0.021613891590379977
85000.0,55000.0,189.40188595880193,2635.8244786776413,-42877.495327937315,0.14505538598413342,0.1189997833581956,0.026055602625937826
90000.0,55000.0,219.2012938050549,2467.4628946879457,-44208.033817930875,0.16016956759450368,0.1298763419837616,0.030293225610742075
95000.0,55000.0,248.50880698442666,2247.944265342616,-45570.54546127171,0.17361311205710123,0.13930466520622425,0.03430844685087697
100000.0,55000.0,277.3732736776491,1982.3488014377435,-46961.85512621225,0.1856294753055052,0.1475329388244932,0.038096536481011994
105000.0,55000.0,305.8372814045383,1675.1056050342304,-48379.194623964446,0.19641879313349175,0.15475787856677428,0.04166091456671747
110000.0,55000.0,333.93812888656214,1330.0937431647035,-49820.1395376329,0.20614688314953677,0.16113713950949513,0.04500974364004165
115000.0,55000.0,361.7086223223682,950.7250604885485,-51282.5574643055,0.21495212549085055,0.1667983430949873,0.04815378239586324
120000.0,55000.0,389.1777320050511,540.0124674875551,-52764.56533493112,0.22295077739630556,0.17184574287781204,0.05110503451849352
125000.0,55000.0,416.37113704653984,164.62659180238552,-54200.49400723435,0.23039792203568105,0.17636521395865296,0.05403270807702809
130000.0,55000.0,443.3116798401105,-201.0569576662674,-55616.85872565226,0.237306671247833,0.1804280341229591,0.0568786371248739
135000.0,55000.0,468.34364483607203,-765.2325980862661,-57157.28100091475,0.2427896891238105,0.183437298751738,0.05935239037207249
140000.0,55000.0,492.635740211884,-1406.35467900183,-58745.79480148699,0.24756521793476718,0.18594885812707215,0.06161635980769503
145000.0,55000.0,516.5951178549681,-2082.07940412109,-60355.93525468652,0.25189482836233185,0.18816330537431242,0.06373152298801943
150000.0,55000.0,540.2466015188107,-2789.8251030814426,-61986.088816536736,0.2558288630372017,0.19011953709278415,0.06570932594441756
155000.0,55000.0,563.6126054451839,-3527.2606947386375,-63634.79856132249,0.25941090989125865,0.1918505373199809,0.06756037257127775
160000.0,55000.0,682.403704875637,5659.513646028485,-59080.877098343044,0.30552057456591813,0.22492452431183999,0.08059605025407815
165000.0,55000.0,706.6521340232106,5013.850277376128,-60672.22920375076,0.30797781449045536,0.22576190662067136,0.082215907869784
170000.0,55000.0,730.5143540688109,4328.021162118588,-62288.68490078672,0.310143993040375,0.2264296655514781,0.0837143274888969
175000.0,55000.0,754.0238970939458,3605.513636732605,-63928.06460415297,0.3120549998518501,0.22695262119935394,0.08510237865249615
180000.0,55000.0,777.2105225285729,2849.4226819338364,-65588.4339509022,0.3137416716206511,0.2273516975961713,0.08638997402447979
185000.0,55000.0,800.1007332061693,2031.5045924038423,-67299.07025685844,0.3151565784570695,0.22764460247489005,0.08751197598217947
190000.0,55000.0,822.7182089660835,906.2220714349096,-69306.43433246402,0.3157481391243493,0.22784637558976342,0.08790176353458587
195000.0,55000.0,845.0841727740417,-245.2176925374224,-71330.14668494673,0.31621598253034056,0.22796983349717878,0.08824614903316177
200000.0,55000.0,867.2177013036518,-1420.830725457985,-73368.96733052208,0.3165761333533868,0.22802593226163453,0.08855020109175227
205000.0,55000.0,889.13598956574,-2448.8287462007866,-75251.77859348634,0.3172119657191955,0.22802406471276204,0.08918790100643348
210000.0,55000.0,910.6028274980636,-3523.777601239155,-77163.93412788531,0.3176620938260543,0.22790929626835882,0.0897527975576955
215000.0,55000.0,930.922920765948,-4717.98790137918,-79150.62806547282,0.31770132395150796,0.22751965501602384,0.09018166893548413
220000.0,55000.0,951.0516946645131,-5762.095415928401,-80979.75776206609,0.31802226345151463,0.2271022213155282,0.09092004213598642
225000.0,55000.0,971.0020318432893,-6594.760349335673,-82590.48584544563,0.3187341162321065,0.22666187380299796,0.09207224242910855
230000.0,55000.0,990.7856837239087,-7444.760553751257,-84212.04847320537,0.31936658083611197,0.22620280445392274,0.09316377638218923
235000.0,55000.0,1010.413391999556,-8310.978893083928,-85843.7474352883,0.3199272748439039,0.22572861947713954,0.09419865536676433
240000.0,55000.0,1029.894994804156,-9192.392201405528,-87484.9432529893,0.3204230046597469,0.22524242412567133,0.09518058053407555
245000.0,55000.0,1049.239519761516,-10088.061605840106,-89135.0491307609,0.3208598633157722,0.2247468942166006,0.09611296909917161
250000.0,55000.0,1068.4552657677962,-10997.124021186959,-90793.52564035269,0.3212433150233903,0.22424433662648893,0.09699897839690139
255000.0,55000.0,1087.5498750674087,-11918.784654027259,-92459.87603587788,0.3215782684671869,0.2237367406098386,0.09784152785734829
260000.0,55000.0,1106.530396940314,-12852.3103792451,-94133.64211413903,0.32186914050633686,0.22322582145255476,0.0986433190537821
265000.0,55000.0,1125.4033441180911,-13797.023872756283,-95814.40054758351,0.3221199116779776,0.22271305770250394,0.09940685397547366
270000.0,55000.0,1144.174742879206,-14752.298401600332,-97501.75962811105,0.3223341746742299,0.22219972300129484,0.10013445167293508
275000.0,55000.0,1162.85017763454,-15637.303187045618,-99115.10636901435,0.322653280118223,0.22168691336465252,0.10096636675357046
280000.0,55000.0,1181.4348306974487,-16461.999268503103,-100664.60391992528,0.3230565343114258,0.22117557061486487,0.10188096369656091
285000.0,55000.0,1199.9335178343886,-17295.635806261344,-102219.68925602418,0.32342509004123743,0.22066650255120246,0.10275858749003497
290000.0,55000.0,1218.3507201093203,-18137.74676966846,-103780.07110815363,0.3237616049819907,0.22016040034780116,0.10360120463418954
295000.0,55000.0,1236.6906124649627,-18987.897964681615,-105345.47810503685,0.32406850886696087,0.21965785358916418,0.1044106552777967
300000.0,55000.0,1254.9570894244591,-19845.68436089401,-106915.6571026696,0.3243480257512702,0.21915936328794572,0.10518866246332448
60000.0,60000.0,3.460619329932456,-2578.748940043806,37402.848611121684,0.00353471233856782,0.003087506093550335,0.00044720624501748494
65000.0,60000.0,29.65918836011656,1535.9001191829593,-39467.441624159714,0.028206808920050497,0.02457264984268149,0.0036341590773690084
70000.0,60000.0,62.33695658796654,1516.8880148793542,-40760.88668934947,0.05579691440871435,0.04783545455661207,0.007961459852102282
75000.0,60000.0,94.08112655844252,1550.7816918088502,-41965.01564126853,0.07972651995989426,0.0672340522928785,0.012492467667015755
80000.0,60000.0,125.15429913424225,1514.891639692025,-43212.75942384155,0.10069663554047031,0.08368941354586437,0.017007221994605942
85000.0,60000.0,155.62783272470256,1416.6391330999031,-44499.479740461626,0.11918917930239747,0.09777979920840624,0.021409380093991237
90000.0,60000.0,185.56331382727694,1262.4291677676374,-45821.17346879429,0.13559042112019112,0.10994590400412928,0.025644517116061846
95000.0,60000.0,215.0141743796164,1057.8186652109434,-47174.367532892225,0.15021310674423208,0.12052883734789416,0.02968426939633792
100000.0,60000.0,244.02699817807536,807.6523402506791,-48556.03398599239,0.16331279157348672,0.12979628396198928,0.03351650761149744
105000.0,60000.0,272.64258393675266,516.1732591531036,-49963.52091167837,0.1751000631699279,0.13796090425354343,0.037139158916384474
110000.0,60000.0,300.89681628296535,187.11342315922957,-51394.49580917455,0.18574980051895526,0.1451935196050091,0.04055628091394617
115000.0,60000.0,328.82138398937934,-176.23153537370672,-52846.89890825763,0.19540826796317506,0.15163271937362746,0.0437755485895476
120000.0,60000.0,356.4443758135893,-570.9403856558783,-54318.90443968398,0.20419860683382884,0.15739196649491055,0.04680664033891829
125000.0,60000.0,383.79077760593873,-930.4145992515405,-55744.88832318128,0.2123696620377959,0.16256492485996557,0.04980473717783032
130000.0,60000.0,409.41767039771366,-1432.7177489069436,-57246.6402917159,0.2191630605066976,0.16663315848502794,0.052529902021669655
135000.0,60000.0,434.32185050877274,-2010.1830173568014,-58795.36858449706,0.22515276598150885,0.1701118995093262,0.05504086647218265
140000.0,60000.0,458.862091720081,-2625.4979313807416,-60367.75290576203,0.2305928792129983,0.17320075469240304,0.05739212452059525
145000.0,60000.0,483.06554716669257,-3275.8385649331467,-61962.02830173228,0.2355456118063268,0.175950578946149,0.05959503286017781
150000.0,60000.0,506.9567343710801,-3958.6550956768333,-63576.60113344709,0.24006474931742872,0.17840441641601582,0.0616603329014129
155000.0,60000.0,530.5578474484842,-4671.639335626809,-65210.02878341582,0.2441969761266186,0.18059888499463994,0.06359809113197865
160000.0,60000.0,553.8890259600431,-5412.696770424678,-66861.00218016449,0.24798296411346274,0.18256528327072236,0.06541768084274038
165000.0,60000.0,576.9685872779459,-6179.9223933627945,-68528.33069450082,0.25145827201828114,0.18433048179236924,0.06712779022591189
170000.0,60000.0,696.1136904992911,3043.6683416571177,-63951.39898511336,0.2955389971176194,0.2157668624136474,0.07977213470397199
175000.0,60000.0,720.3405496016799,2395.7616883055452,-65544.1531434581,0.2981150477664863,0.21681431652015093,0.08130073124633536
180000.0,60000.0,744.2041389569231,1710.0749812508438,-67160.51983536729,0.3004177681791082,0.21769658213001508,0.08272118604909312
185000.0,60000.0,767.7342732233076,958.7089449548221,-68829.5611080523,0.3024075552883357,0.21843569963237833,0.08397185565595736
190000.0,60000.0,790.957591300372,-103.5659750304767,-70797.54543304312,0.30355884293994734,0.21905048224164025,0.08450836069830708
195000.0,60000.0,813.8979682002546,-1195.2667774426955,-72783.92093455076,0.30454664042407315,0.21955704564344608,0.08498959478062706
200000.0,60000.0,836.5768644398219,-2314.161568527692,-74787.29267897888,0.30539075551517925,0.21996924086724953,0.08542151464792971
205000.0,60000.0,858.7723644160775,-3313.329570997099,-76652.08518052226,0.3063793086980919,0.22023713750782203,0.08614217119026985
210000.0,60000.0,879.8199051586637,-4431.885333768136,-78591.49503225414,0.30692352892253233,0.2202048240708232,0.08671870485170913
215000.0,60000.0,900.6374401395261,-5574.361695758445,-80545.85525849808,0.30736562689550967,0.22011781545400236,0.08724781144150731
220000.0,60000.0,921.2408125945802,-6569.110960432823,-82344.13604891958,0.3080537998605733,0.2199836623818362,0.0880701374787371
225000.0,60000.0,941.6444433363768,-7354.63336328599,-83925.40005070281,0.30909740619382436,0.21980890562878916,0.0892885005650352
230000.0,60000.0,961.8614868831839,-8159.560834418036,-85518.79222016034,0.31004325087666634,0.2195992225194744,0.09044402835719195
235000.0,60000.0,981.9039674652306,-8982.642853885176,-87123.5309823273,0.31090033342482315,0.21935955005151994,0.09154078337330321
240000.0,60000.0,1001.7828978702865,-9822.734091759368,-88738.90050599867,0.31167671245298706,0.2190941887302321,0.09258252372275497
245000.0,60000.0,1021.5083836026886,-10678.78357558955,-90364.24393339253,0.3123796179667076,0.21880689042584486,0.09357272754086274
250000.0,60000.0,1041.0897144304813,-11549.825169499105,-91998.95742958601,0.31301554853592345,0.2185009329458074,0.09451461559011604
255000.0,60000.0,1060.535445067031,-12434.96918329793,-93642.48493821027,0.3135903556161914,0.218179183520935,0.09541117209525643
260000.0,60000.0,1079.853466462465,-13333.394958172823,-95294.31354750707,0.31410931690998994,0.2178441530083649,0.09626516390162504
265000.0,60000.0,1099.051068955705,-14244.344298875847,-96953.96938544647,0.3145772003539113,0.21749804229535502,0.09707915805855627
270000.0,60000.0,1118.1349983510163,-15167.115641763477,-98621.01397475123,0.3149983200650813,0.21714278212998328,0.09785553793509805
275000.0,60000.0,1137.1115058269586,-16020.808864265477,-100214.79098881499,0.3155116319125222,0.21678006739526423,0.09873156451725795
280000.0,60000.0,1155.9863924549118,-16815.32065495834,-101745.42335799802,0.3160978057817963,0.21641138667233842,0.09968641910945789
285000.0,60000.0,1174.7650489943771,-17619.840374853942,-103282.31068293277,0.3166412856222461,0.2160380477985444,0.10060323782370167
290000.0,60000.0,1193.4524915395414,-18433.846350156848,-104825.12691749708,0.31714520930059215,0.21566120001131533,0.10148400928927681
295000.0,60000.0,1212.0533935130736,-19256.85254490949,-106373.56828921748,0.31761245047378395,0.21528185317416018,0.10233059729962377
300000.0,60000.0,1230.5721144365234,-20088.40556887073,-107927.35142919327,0.3180456441304306,0.21490089450269076,0.10314474962773987
65000.0,65000.0,3.4193267326732553,-1697.6099801980163,40450.36876237624,0.0032518858780853054,0.0028096357704792568,0.00044225010760604857
70000.0,65000.0,29.10797285786066,951.7291772175085,-42198.106764239055,0.026054128386414566,0.022336559066890298,0.0037175693195242686
75000.0,65000.0,60.906712309682575,991.2980802069942,-43398.68869987063,0.051613754982334385,0.0435263185105752,0.008087436471759184
80000.0,65000.0,92.05437164435017,963.1546510124172,-44641.59084311724,0.07406509864623563,0.06155582693156484,0.01250927171467079
85000.0,65000.0,122.61782067012734,874.2533496932447,-45922.46665644172,0.09390812143078349,0.0770398563970642,0.016868265033719285
90000.0,65000.0,152.65507508158396,730.627808484729,-47237.545119697046,0.11154449384166888,0.09044783629098908,0.021096657550679798
95000.0,65000.0,182.21671495161263,537.5383549677208,-48583.538528145174,0.12730016024564345,0.10214381848005538,0.025156341765588064
100000.0,65000.0,211.34703898694318,299.5920546420966,-49957.56746584869,0.14144203381365567,0.11241403816661598,0.029027995647039687
105000.0,65000.0,240.08501024356258,20.841065330518177,-51357.09933416842,0.15419051511612997,0.12148632334927847,0.03270419176685149
110000.0,65000.0,268.4650359737077,-295.13625873439014,-52779.897661708994,0.16572899472467265,0.12954402092194797,0.036184973802724674
115000.0,65000.0,296.5176145806388,-645.1680836135638,-54223.98005225848,0.17621114777512892,0.1367361565587707,0.039474991216358224
120000.0,65000.0,324.26987537176717,-1026.4329613362206,-55687.58310083514,0.18576659159779546,0.14318495906501047,0.04258163253278499
125000.0,65000.0,350.4916959593553,-1502.8636202270573,-57186.664762641914,0.19394369891391164,0.14846020160540938,0.04548349730850226
130000.0,65000.0,376.00796080566136,-2016.6720762112236,-58695.60754763201,0.20127869758283723,0.15303539308329725,0.04824330449953998
135000.0,65000.0,401.1290655851942,-2571.5771791398,-60230.23573696238,0.2079456019223705,0.1571112004039506,0.05083440151841989
140000.0,65000.0,425.88449281457474,-3164.5127472842287,-61788.63296705265,0.2140205808724524,0.16075312582647053,0.053267455045981876
145000.0,65000.0,450.30086329697644,-3792.7102171144506,-63369.06888569653,0.21956935857734203,0.1640164529674342,0.05555290560990783
150000.0,65000.0,474.40227511058356,-4453.663388499292,-64969.97711781206,0.22464888131198466,0.1669480949740826,0.057700786337902044
155000.0,65000.0,498.2105955257807,-5145.098065318802,-66589.93629082425,0.22930868233637905,0.16958806372797647,0.05972061860840258
160000.0,65000.0,521.7457133041761,-5864.945816365682,-68227.65363522855,0.2335920056809288,0.17197064661023526,0.06162135907069355
165000.0,65000.0,545.0257575137205,-6611.321218573081,-69881.95076160817,0.23753673633506237,0.17412535567271303,0.06341138066234933
170000.0,65000.0,568.0672879321779,-7382.502055053483,-71551.75128440843,0.24117617403902034,0.17607769826943356,0.06509847576958677
175000.0,65000.0,590.885461251688,-8176.9120298244525,-73236.07001864028,0.24453968002075452,0.17784980658637087,0.06668987343438365
180000.0,65000.0,710.1981586857596,1064.108503319003,-68648.24468542563,0.2866903509786013,0.2077490619678872,0.0789412890107141
185000.0,65000.0,734.3955631928858,382.1385720601247,-70273.91339246242,0.28927556659329134,0.20895017227698048,0.08032539431631086
190000.0,65000.0,758.2506138016136,-614.4361646322068,-72200.83510289513,0.2910063466306786,0.20999250078654005,0.08101384584413854
195000.0,65000.0,781.7899509036956,-1643.8451060156513,-74148.27819125979,0.2925323718297337,0.21089558966919225,0.08163678216054143
200000.0,65000.0,804.8072823707512,-2727.542633441859,-76129.65164590116,0.2937933314375105,0.21161575758620912,0.0821775738513014
205000.0,65000.0,826.6707851644123,-3761.2383429011097,-78016.0239643132,0.2949266117241625,0.2120045019261281,0.08292210979803441
210000.0,65000.0,848.2594734262099,-4823.514763674175,-79920.25922729637,0.2959137313209464,0.212305753730978,0.08360797758996841
215000.0,65000.0,869.5927217588865,-5912.3569370757905,-81841.09808567236,0.2967708204821969,0.21253041647770343,0.08424040400449345
220000.0,65000.0,890.6881253523575,-6855.934963354841,-83607.39685209678,0.2978372839699987,0.21268796733308806,0.08514931663691064
225000.0,65000.0,911.5616996807938,-7592.5832331974525,-85158.11452074841,0.2992226619621391,0.21278666383886657,0.08643599812327252
230000.0,65000.0,932.2280538965433,-8350.782394759502,-86722.30149672469,0.30049130808333796,0.2128337173680663,0.08765759071527165
235000.0,65000.0,952.7005418760239,-9129.143644893513,-88299.08977805845,0.3016536503950462,0.21283543923267018,0.08881821116237604
240000.0,65000.0,972.9913942073134,-9926.395002439385,-89887.68437652462,0.30271904185656257,0.21279736418793552,0.08992167766862705
245000.0,65000.0,993.1118338671429,-10741.369277817139,-91487.35579863572,0.3036958876123099,0.21272435518071636,0.09097153243159356
250000.0,65000.0,1013.0721778913683,-11572.993499297707,-93097.43343706106,0.3045917552289141,0.21262069247490012,0.09197106275401395
255000.0,65000.0,1032.8819269784037,-12420.279594246007,-94717.29974640376,0.30541347042881956,0.21249014971624516,0.09292332071257439
260000.0,65000.0,1052.549844664111,-13282.316154932429,-96346.38509683276,0.30616720044825824,0.21233605904057112,0.09383114140768711
265000.0,65000.0,1072.0840274572208,-14158.261144449032,-97984.16321528064,0.3068585268035717,0.212161366959612,0.09469715984395968
270000.0,65000.0,1091.4919671168525,-15047.335419847339,-99630.1471374046,0.3074925089666182,0.21196868245946554,0.09552382650715269
275000.0,65000.0,1110.7806060804323,-15868.566967635037,-101203.6356047719,0.30820565962556534,0.2117603185031107,0.09644534112245465
280000.0,65000.0,1129.956386905098,-16631.785761869804,-102714.70985116862,0.308980051029242,0.21153832792969965,0.09744172309954233
285000.0,65000.0,1149.0252964635908,-17406.119167786557,-104232.7307298666,0.30970349977313233,0.2113045345804513,0.09839896519268104
290000.0,65000.0,1167.992905532632,-18190.987824606258,-105757.3361403789,0.31037963983711747,0.21106056034700957,0.0993190794901079
295000.0,65000.0,1186.8644043246172,-18985.851950239798,-107288.18871889988,0.3110118034858532,0.21080784872757613,0.10020395475827709
300000.0,65000.0,1205.644634439458,-19790.208018296384,-108824.97376143525,0.3116030502026092,0.2105476853845724,0.10105536481803681
70000.0,70000.0,3.3408745148771004,-2039.4509495472157,42931.09315653299,0.002990368788598145,0.0025441607810557263,0.00044620800754241853
75000.0,70000.0,28.48091056399784,1386.514698655781,-44564.49081334013,0.024135381533149522,0.020353572499146384,0.0037818090340031377
80000.0,70000.0,59.67232751297786,1362.9220613497018,-45804.54871165643,0.0480111562846178,0.03990228165571278,0.00810887462890502
85000.0,70000.0,90.29597578355128,1280.2814814893354,-47081.51157406917,0.06915410347574899,0.056732283852214335,0.012421819623534655
90000.0,70000.0,120.40643172514967,1144.2688994155615,-48391.831937865274,0.08798053045328157,0.0713405775683399,0.01663995288494166
95000.0,70000.0,150.0514940371337,959.8553798618959,-49732.402887586315,0.10482890793579352,0.08411320867934707,0.02071569925644645
100000.0,70000.0,179.2732042041597,731.4132372325985,-51100.491726729626,0.119976919158511,0.0953541857802085,0.024622733378302494
105000.0,70000.0,208.10868795803606,462.8035476357618,-52493.685282727645,0.1336542658945611,0.10530586366643839,0.028348402228122696
110000.0,70000.0,236.59085334768838,157.44874815960065,-53909.84453240025,0.14605240546186024,0.1141635831453899,0.03188882231647035
115000.0,70000.0,264.7489731375954,-181.6067936900654,-55347.06674605629,0.1573320374064165,0.12208636269691533,0.03524567470950116
120000.0,70000.0,291.56572152099704,-660.1649618163065,-56871.47810113519,0.16703115037007654,0.12874407729944504,0.038287073070631505
125000.0,70000.0,317.6940711025502,-1146.3166053347813,-58376.635378334235,0.17579521564411893,0.13456788388560662,0.041227331758512314
130000.0,70000.0,343.3960394503073,-1640.8118971680524,-59873.50743573003,0.1838213941735825,0.13976232781860287,0.04405906635497964
135000.0,70000.0,368.7034384624567,-2176.3423999045044,-61396.026499940315,0.19113613303007967,0.14441097586731153,0.04672515716276815
140000.0,70000.0,393.6449922228726,-2749.920808821247,-62942.325505513276,0.19781920054495125,0.14858409740998646,0.04923510313496479
145000.0,70000.0,418.2467027726832,-3358.842911640939,-64510.71431977559,0.20393956072502803,0.15234112622355445,0.05159843450147358
150000.0,70000.0,442.5321650915182,-4000.65483048209,-66099.6592690513,0.2095570806636762,0.15573260459082688,0.05382447607284932
155000.0,70000.0,466.52283933040644,-4673.124709637719,-67707.76544352357,0.21472393105928236,0.1588017310700239,0.05592219998925846
160000.0,70000.0,490.2382869152365,-5374.218160815421,-69333.76135050964,0.21948574139094154,0.1615856020359036,0.05790013935503793
165000.0,70000.0,513.6963759937994,-6102.076896644867,-70976.48556040305,0.22388255772965815,0.16411621459092657,0.05976634313873158
170000.0,70000.0,536.9134607719942,-6855.000079712598,-72634.87504982037,0.2279496408434263,0.16642128203991144,0.06152835880351487
175000.0,70000.0,559.9045385304682,-7631.427992831304,-74307.95499551957,0.23171813434767902,0.16852490104179313,0.06319323330588589
180000.0,70000.0,582.6833874966235,-8429.927700351167,-75994.82981271949,0.23521562655123912,0.1704481005705566,0.06476752598068253
185000.0,70000.0,605.2626882410474,-9280.180422931066,-77725.67526433192,0.2384106275336002,0.17220929607873797,0.06620133145486223
190000.0,70000.0,724.5972764698074,-346.8832471400383,-73446.42702946253,0.2780906501965429,0.20067243122446254,0.07741821897208034
195000.0,70000.0,748.5414752195989,-1334.1865771617158,-75367.55411072608,0.2800913632949614,0.20192648373876418,0.07816487955619725
200000.0,70000.0,771.3203678977118,-2442.68173863797,-77364.42608664873,0.28156899850948786,0.20281071949738583,0.07875827901210203
205000.0,70000.0,793.7725237525094,-3415.1575297390227,-79212.53595608688,0.28318968700884356,0.20356755259873788,0.07962213441010568
210000.0,70000.0,815.921532300702,-4419.160640727001,-81080.35040045438,0.2846327010212965,0.2042120852488232,0.08042061577247331
215000.0,70000.0,837.7887656240284,-5452.468375101045,-82966.48023443815,0.28591690471156944,0.20475745808712695,0.0811594466244425
220000.0,70000.0,859.393632937845,-6343.06217446411,-84699.66385904007,0.2873727157797909,0.20521513616928394,0.08215757961050696
225000.0,70000.0,880.75380087654,-7029.104708839848,-86218.75294302491,0.28910988353705047,0.20559514843323015,0.08351473510382032
230000.0,70000.0,901.8853847639866,-7738.919984545384,-87752.69999034086,0.29071075245612693,0.2059062889996984,0.08480446345642853
235000.0,70000.0,922.8031152319352,-8470.976015878725,-89300.5475099242,0.2921872257545729,0.20615628702059008,0.08603093873398282
240000.0,70000.0,943.5204838152374,-9223.869683215307,-90861.41855200956,0.2935499928704736,0.20635195049878177,0.08719804237169185
245000.0,70000.0,964.0498705548789,-9996.3134622926,-92434.50841393287,0.2948086722525792,0.2064992884812151,0.08830938377136408
250000.0,70000.0,984.4026561504559,-10787.12376035261,-94019.07735022038,0.2959719351023619,0.20660361521376674,0.08936831988859517
255000.0,70000.0,1004.589320801526,-11595.210636641306,-95614.44414790082,0.2970476129050711,0.20666963919576897,0.09037797370930212
260000.0,70000.0,1024.6195315452537,-12419.568719293631,-97219.98044955853,0.298042791121142,0.20670153954917364,0.09134125157196837
265000.0,70000.0,1044.5022196226387,-13259.269159245596,-98835.10572452849,0.2989638910269587,0.2067030316952749,0.09226085933168379
270000.0,70000.0,1064.2456491767146,-14113.452485621674,-100459.28280351355,0.2998167413788406,0.20667742398974154,0.09313931738909909
275000.0,70000.0,1083.8574783949605,-14901.0722469241,-102011.76390432756,0.30073536325735223,0.2066276666881918,0.09410769656916043
280000.0,70000.0,1103.3448140480075,-15631.889339007204,-103502.5870868795,0.30170327005376274,0.2065563943869486,0.09514687566681415
285000.0,70000.0,1122.714260242028,-16374.966934829077,-105001.07308426817,0.3026117324938957,0.20646596289692276,0.09614576959697296
290000.0,70000.0,1141.971962088592,-17129.665942786436,-106506.82246424153,0.30346489659156656,0.20635848135488377,0.09710641523668279
295000.0,70000.0,1161.1236448995937,-17895.390930442256,-108019.46308152641,0.3042665679031687,0.20623584024941208,0.09803072765375662
300000.0,70000.0,1180.1746494332633,-18671.586458940626,-109538.6477868379,0.30502024396780614,0.20609973593359066,0.09892050803421548
75000.0,75000.0,3.2731656441717973,-2532.40922699387,45261.11923312883,0.002773756178397775,0.0023225344344868382,0.00045122174391093667
80000.0,75000.0,27.93687648551861,1829.9351544939418,-46925.478028441285,0.02247744974852186,0.01868110664635265,0.0037963431021692078
85000.0,75000.0,58.59614849868677,1750.9994438634312,-48200.12534758536,0.044876464110338556,0.036815520297855495,0.008060943812483061
90000.0,75000.0,88.75594908732421,1620.1187050817243,-49507.23830932392,0.06485364087038374,0.05258772791282142,0.012265912957562318
95000.0,75000.0,118.46139816475682,1441.9854091347079,-50843.88411929081,0.08275944922671352,0.06640499228760462,0.016354456939108905
100000.0,75000.0,147.75233994236442,1220.7433540059137,-52207.472903746304,0.09888187486490282,0.07858845461522594,0.020293420249676883
105000.0,75000.0,176.66409211473785,960.065579932736,-53595.709012542036,0.11345950893835635,0.08939446489010128,0.024065044048255074
110000.0,75000.0,205.22807090342383,663.2193739560898,-55006.550391277444,0.12669151406159007,0.09902991432183327,0.027661599739756806
115000.0,75000.0,232.63974708263868,246.53369659441523,-56492.29143962849,0.13825052825116096,0.10727951161981848,0.030971016631342482
120000.0,75000.0,259.3801813994388,-239.96113445836818,-58021.66320903648,0.14859281076094324,0.11453219517654648,0.03406061558439677
125000.0,75000.0,285.66301331542036,-710.0466151962755,-59516.77913449767,0.1580709103353803,0.12100026630284007,0.03707064403254022
130000.0,75000.0,311.52238411033875,-1188.1720525247802,-61003.420032827984,0.16675928777485938,0.126789737122645,0.039969550652214386
135000.0,75000.0,336.9891211487691,-1707.1314005280146,-62515.58212533001,0.17469540766471428,0.13198935178012106,0.042706055884593225
140000.0,75000.0,362.0911304347827,-2264.022434782586,-64051.451521739116,0.18196237564854362,0.1366738682283376,0.045288507420206014
145000.0,75000.0,386.8537346572556,-2856.211595645407,-65609.38224727838,0.18863216419357287,0.14090663053835203,0.047725533655220836
150000.0,75000.0,411.2999653566367,-3481.3036029097857,-67187.87725181862,0.19476735662679612,0.1447416028162821,0.05002575381051402
155000.0,75000.0,435.45081631675225,-4137.11510305776,-68785.57193941111,0.20042257994637136,0.14822499049822677,0.05219758944814459
160000.0,75000.0,459.3254640554211,-4821.651738236193,-70401.21983639762,0.20564568845144815,0.15139654249944154,0.05424914595200661
165000.0,75000.0,482.94146029230023,-5533.088129600772,-72033.68008100048,0.21047874662296903,0.15429060440391987,0.056188142219049164
170000.0,75000.0,506.3149004628507,-6269.750351863535,-73681.90646991471,0.21495884932412568,0.156936975895116,0.05802187342900969
175000.0,75000.0,529.4605716858248,-7030.100544674206,-75344.93784042138,0.2191188094379391,0.1593616131118919,0.0597571963260472
180000.0,75000.0,552.3920830487825,-7812.723362926627,-77021.88960182914,0.22298773691573012,0.16158720730033466,0.061400529615395466
185000.0,75000.0,575.121980628632,-8647.314014622272,-78742.94625913892,0.22653831959889906,0.16363366413893798,0.06290465545996107
190000.0,75000.0,597.5133663835475,-9796.10989611107,-80765.00618506942,0.2293175615678008,0.16547738145727864,0.06384018011052217
195000.0,75000.0,619.1448912862456,-11023.931306230457,-82836.45706639404,0.23167338406545876,0.16702047242682644,0.06465291163863232
200000.0,75000.0,737.0166290201374,-2242.770581905701,-78652.29411369107,0.26904648542297943,0.1937909058728947,0.07525557955008474
205000.0,75000.0,760.077580180369,-3151.9316612416296,-80460.83228827603,0.2711685345521352,0.1949262895256514,0.07624224502648377
210000.0,75000.0,782.8060817821404,-4095.667494657391,-82290.97968416088,0.2730804380235828,0.19592381862435887,0.07715661939922391
215000.0,75000.0,805.2255717349523,-5071.540539564972,-84141.21283722811,0.27480387958362745,0.19679894028227293,0.07800493930135452
220000.0,75000.0,827.3573353510433,-5907.33712349151,-85840.1482021822,0.27666009528995,0.19756516889042383,0.07909492639952617
225000.0,75000.0,849.2207469236157,-6541.042319943954,-87326.52644996496,0.27875907091855867,0.1982343594118799,0.08052471150667878
230000.0,75000.0,870.8334794855132,-7200.818133506633,-88829.19883344165,0.2807015839950328,0.1988169374143705,0.0818846465806623
235000.0,75000.0,892.2116875329649,-7884.9844965716475,-90347.11531035727,0.2825010595034033,0.19932209341527973,0.08317896608812358
240000.0,75000.0,913.3701666940585,-8592.002663817897,-91879.3141648862,0.28416956549472017,0.19975794766277083,0.08441161783194934
245000.0,75000.0,934.3224936658966,-9320.460658746772,-93424.91291171673,0.28571797188751547,0.20013169032734102,0.08558628156017445
250000.0,75000.0,955.0811492077447,-10069.060482394532,-94983.10030149658,0.2871560881562672,0.20044970116240748,0.08670638699385971
255000.0,75000.0,975.6576265363982,-10836.606840214576,-96553.12927513411,0.28849278304494613,0.2007176519595065,0.08777513108543963
260000.0,75000.0,996.0625271058916,-11621.997180987266,-98134.31073811704,0.289736088928641,0.2009405945341722,0.0887954943944688
265000.0,75000.0,1016.3056454519584,-12424.212872996344,-99726.00804562272,0.29089329302407235,0.2011230365023437,0.08977025652172865
270000.0,75000.0,1036.3960445306025,-13242.311368817347,-101327.63210551084,0.2919710173017484,0.20126900672081133,0.09070201058093708
275000.0,75000.0,1056.3421227705437,-13995.16923186346,-102858.38701991466,0.2931007428078831,0.20138211195050768,0.09171863085737544
280000.0,75000.0,1076.15167388364,-14692.475916101466,-104328.26619756343,0.29426746285535865,0.20146558604408518,0.09280187681127347
285000.0,75000.0,1095.8319403296905,-15403.228205712177,-105806.5488785701,0.2953659837845367,0.2015223327479591,0.0938436510365776
290000.0,75000.0,1115.389661207421,-16126.725234428188,-107292.79702151762,0.2964009795639394,0.201554963034938,0.0948460165290014
295000.0,75000.0,1134.831115238002,-16862.3140152478,-108786.60250952988,0.29737674372573014,0.2015658277396678,0.09581091598606234
300000.0,75000.0,1154.1621594179387,-17609.385420534396,-110287.584637834,0.2982972254260211,0.20155704614974546,0.09674017927627565
80000.0,80000.0,3.214134727776127,-3026.270011688721,47590.58124269455,0.0025860282507250286,0.0021349829574927007,0.0004510452932323279
85000.0,80000.0,27.46040413751456,2280.3820303015236,-49282.07373106155,0.02103083346442442,0.017253165810627292,0.0037776676537971295
90000.0,80000.0,57.649592125353934,2152.5575810368173,-50587.27651185199,0.04212434188882744,0.03415727166626868,0.007967070222558756
95000.0,80000.0,87.39599192669266,1978.6831603760365,-51921.26052476498,0.06105654895627607,0.048990897117287074,0.012065651838988993
100000.0,80000.0,116.73733088178744,1762.6824117059004,-53281.57349268381,0.07812536944469686,0.06209178435674632,0.016033585087950546
105000.0,80000.0,145.70716866925216,1508.045541602216,-54666.03403649862,0.09357795128664108,0.07372983506676571,0.019848116219875367
110000.0,80000.0,173.7137726442802,1153.232355005137,-56113.10477812179,0.10723708882890212,0.08382313367639073,0.023413955152511393
115000.0,80000.0,201.06629169632754,730.3943364180741,-57602.691039738704,0.1194874108535074,0.09271972587181221,0.026767684981695197
120000.0,80000.0,227.92998718053343,256.71866677547223,-59124.050833265326,0.13057573353958069,0.10064501319068424,0.029930720348896447
125000.0,80000.0,254.3413297582208,-200.0017051450268,-60610.81356571564,0.14073913547359077,0.10773312328881009,0.03300601218478068
130000.0,80000.0,280.3332500746652,-664.3419922348112,-62088.83874514676,0.15006360860895596,0.11409574687613562,0.035967861732820336
135000.0,80000.0,305.9355580968821,-1169.2019579242624,-63592.18872370267,0.1585972177934858,0.11982652692776559,0.0387706908657202
140000.0,80000.0,331.1753042229932,-1711.7683608087245,-65119.10522550545,0.16642618403876885,0.12500447010536603,0.041421713933402826
145000.0,80000.0,356.077091382867,-2289.482496181823,-66667.98906011364,0.17362529129210016,0.12969662346186073,0.04392866783023944
150000.0,80000.0,380.66334571826826,-2900.0120453001,-68237.38252831256,0.1802596641260889,0.13396019312789278,0.04629947099819612
155000.0,80000.0,404.95455211704257,-3541.2265798275766,-69825.95411239224,0.18638623021270606,0.13784423496429926,0.0485419952484068
160000.0,80000.0,428.9694598126067,-4211.176179488888,-71432.48511218056,0.19205493009019295,0.14139101385775937,0.050663916232433576
165000.0,80000.0,452.725262395233,-4908.072710895765,-73055.85794430986,0.19730972307871378,0.14463710430163992,0.052672618777073854
170000.0,80000.0,476.2377558750262,-5630.273388997273,-74695.0458681233,0.20218942779289328,0.14761428736499704,0.05457514042789624
175000.0,80000.0,499.52147785651766,-6376.2663029221585,-76349.10393932635,0.20672842770537583,0.15035028622015537,0.05637814148522047
180000.0,80000.0,522.5898304067987,-7144.65763769293,-78017.16102355809,0.21095726603180917,0.15286937277037832,0.05808789326143085
185000.0,80000.0,545.3196760984717,-7979.253685758944,-79738.22105359934,0.2147993073270022,0.1551543146195122,0.05964499270748999
190000.0,80000.0,567.3249305157194,-9168.207226365164,-81785.37951647822,0.2177316475276578,0.15711689347701055,0.06061475405064726
195000.0,80000.0,589.1143040460615,-10379.612379209604,-83846.570237006,0.22043645411687599,0.15891942380524995,0.06151703031162603
200000.0,80000.0,610.6995273062879,-11612.24916014605,-85921.03072509129,0.22293467338678224,0.1605771294063984,0.062357543980383845
205000.0,80000.0,632.0914961364388,-12694.984401810361,-87838.05275113147,0.22550767076896303,0.16210351837157885,0.06340415239738417
210000.0,80000.0,748.9131218705247,-3853.035325465433,-83552.1470784159,0.2612569423278051,0.18744095385758497,0.07381598847022014
215000.0,80000.0,771.9031400916581,-4769.573430467572,-85365.29589404224,0.26343174509837086,0.18865486306314141,0.07477688203522945
220000.0,80000.0,794.5792325919522,-5548.759810436983,-87028.84988152311,0.26569942250047596,0.18973806549650776,0.0759613570039682
225000.0,80000.0,816.9625378220205,-6128.396066509886,-88481.43504156868,0.26817022410666363,0.1907042967748158,0.07746592733184784
230000.0,80000.0,839.0723380611238,-6736.4768416431325,-89951.79802602695,0.270463802700056,0.19156566261208285,0.07889814008797313
235000.0,80000.0,860.9262587791134,-7371.169086972193,-91438.79317935763,0.2725951516415376,0.19233285841673925,0.08026229322479833
240000.0,80000.0,882.5404428437765,-8030.793944247242,-92941.37121515453,0.2745777597293022,0.1930153556799027,0.08156240404939952
245000.0,80000.0,903.9297032001955,-8713.81086717965,-94458.56929198728,0.2764237865171186,0.19362156071909412,0.08280222579802446
250000.0,80000.0,925.107657063235,-9418.803665423562,-95989.50229088972,0.27814421439062986,0.1941589503208223,0.08398526406980755
255000.0,80000.0,946.0868441830203,-10144.468204965873,-97533.35512810366,0.2797489808484447,0.19463418800745774,0.08511479284098694
260000.0,80000.0,966.8788313460254,-10889.601540013362,-99089.37596250835,0.28124709387075536,0.19505322399556696,0.0861938698751884
265000.0,80000.0,987.4943049451801,-11653.092285701248,-100656.87017856329,0.2826467327949127,0.1954213813808184,0.0872253514140943
270000.0,80000.0,1007.9431531785165,-12433.9120694343,-102235.19504339644,0.2839553367353418,0.19574343065267494,0.08821190608266685
275000.0,80000.0,1028.2345392071816,-13150.857922453099,-103743.50495153318,0.28530179827715785,0.19602365429005825,0.0892781439870996
280000.0,80000.0,1048.3769664119955,-13813.545493152458,-105191.74718322029,0.28667262943402966,0.19626590290110943,0.09040672653292023
285000.0,80000.0,1068.3783367265771,-14490.902980435989,-106649.1581127725,0.28796625364505507,0.1964736441335602,0.09149260951149488
290000.0,80000.0,1088.2460028891196,-15182.165699531557,-108115.25981220722,0.289187888754236,0.1966500053871722,0.09253788336706381
295000.0,80000.0,1107.986815339843,-15886.62120465633,-109589.6070029102,0.2903423309535378,0.1967978111983435,0.09354451975519429
300000.0,80000.0,1127.6071643934845,-16603.604903077605,-111071.7843144235,0.29143399457725433,0.19691961603303687,0.09451437854421746
85000.0,85000.0,3.162213914048891,-3520.8702470610733,49919.58109558683,0.0024218141099531256,0.001974390321436799,0.00044742378851632663
90000.0,85000.0,27.039643911020903,2736.6229667461594,-51635.04814578365,0.019757766927184527,0.016020936641140866,0.003736830286043661
95000.0,85000.0,56.810569648837145,2565.299243479065,-52967.43797282559,0.039688974866349126,0.031845862853472594,0.007843112012876532
100000.0,85000.0,86.1862664350806,2352.871709248371,-54325.517681719764,0.057679354628367964,0.04584188305126827,0.011837471577099697
105000.0,85000.0,114.78779820592206,2059.9310134158877,-55733.91811661507,0.07372051139911628,0.05808420756984885,0.015636303829267437
110000.0,85000.0,142.75240199321638,1700.7498072945164,-57183.71887044093,0.08812399719412657,0.06888316045847641,0.019240836735650163
115000.0,85000.0,170.19696104564662,1287.483948747249,-58667.322532032966,0.10114273277190508,0.07848464026084233,0.022658092511062752
120000.0,85000.0,197.16027540610276,824.1686422346975,-60182.207098603314,0.11294848872003242,0.0870583057735585,0.025890182946473925
125000.0,85000.0,223.67737900056147,378.44741605839226,-61662.095364963505,0.1237713154030572,0.09474458072422857,0.02902673467882863
130000.0,85000.0,249.77998575898164,-74.38148106590961,-63132.92592566619,0.13370831327109095,0.10166055586446139,0.03204775740662956
135000.0,85000.0,275.4968737887307,-567.3251259720128,-64628.82820373251,0.14281778151416874,0.10790453313408752,0.034913248380081224
140000.0,85000.0,300.8542174090975,-1097.6613894538605,-66148.10086840866,0.15118886800101541,0.11355956059110558,0.03762930740990983
145000.0,85000.0,325.87587511978404,-1662.9089875424688,-67689.19311721405,0.15889899999745666,0.11869620847152482,0.04020279152593184
150000.0,85000.0,350.58364017866427,-2260.8014214189025,-69250.68838838681,0.16601569323010026,0.12337476847737298,0.04264092475272728
155000.0,85000.0,374.99745933291285,-2889.2642293770623,-70831.29014336066,0.1725980419753446,0.12764701032515166,0.04495103165019293
160000.0,85000.0,399.1356243276156,-3546.3950699279667,-72429.80941870497,0.17869795313687953,0.1315575953008038,0.04714035783607573
165000.0,85000.0,423.01494006422763,-4230.446233320341,-74045.1538958252,0.18436117357499224,0.13514522181403651,0.04921595176095572
170000.0,85000.0,446.65087266425303,-4939.80924291769,-75676.31827682356,0.18962814949699267,0.13844355987304283,0.05118458962394984
175000.0,85000.0,470.0576801849654,-5673.001260763587,-77322.37578797725,0.19453474868078968,0.14148201806868446,0.05305273061210522
180000.0,85000.0,493.1259858133958,-6441.397475406819,-78990.43592212925,0.19906340254546473,0.14425053026651394,0.05481287227895079
185000.0,85000.0,515.5049697451933,-7312.483146499901,-80734.30196656243,0.20305541002503552,0.146671436534274,0.05638397349076152
190000.0,85000.0,537.6542844753014,-8486.454414568667,-82772.09650910541,0.2063444542313618,0.14889980397049316,0.057444650260868646
195000.0,85000.0,559.5864098551423,-9683.013375065202,-84824.00835941575,0.2093876232732175,0.15095398161724907,0.05843364165596843
200000.0,85000.0,581.3129376421875,-10900.954485212511,-86889.28405325781,0.21220715604676654,0.15285022935111423,0.05935692669565232
205000.0,85000.0,602.8446491175232,-11969.156491777569,-88797.22280736099,0.21507344029934725,0.15460299537448072,0.06047044492486653
210000.0,85000.0,624.1915847029197,-13056.575190896343,-90717.17199431022,0.2177480672777222,0.1562251516362403,0.06152291564148191
215000.0,85000.0,645.3631065232667,-14162.236921580276,-92648.52307598767,0.22024671301808998,0.15772819433367424,0.06251851868441574
220000.0,85000.0,761.0593246605711,-5267.330235300615,-88265.76889706288,0.2544906974113686,0.18173382598753557,0.07275687142383302
225000.0,85000.0,783.9791735717553,-5791.165948537469,-89683.47871783591,0.25734334310136553,0.183004960522038,0.07433838257932754
230000.0,85000.0,806.6019604908184,-6345.896108954883,-91120.4975680968,0.25999740857119646,0.1841524645928354,0.07584494397836106
235000.0,85000.0,828.9468289703801,-6929.529787080479,-92575.5811169253,0.2624695021689755,0.1851885820249685,0.07728092014400703
240000.0,85000.0,851.0313122643915,-7540.243524503283,-94047.58970281456,0.2647745755742197,0.18612417455017732,0.07865040102404236
245000.0,85000.0,872.8714991577765,-8176.364087591239,-95535.47755474452,0.2669261161413888,0.1869688996564745,0.07995721648491427
250000.0,85000.0,894.4821797169266,-8836.35330943964,-97038.28331839977,0.26893631380544997,0.18773136268901125,0.08120495111643872
255000.0,85000.0,915.8769737413921,-9518.794730895199,-98555.1217068095,0.27081620631556663,0.18841924733962268,0.08239695897594396
260000.0,85000.0,937.068444265655,-10222.38179637189,-100085.17612273243,0.27257580594748504,0.18903942793335787,0.08353637801412717
265000.0,85000.0,958.0681981023042,-10945.907397360366,-101627.69212335022,0.27422421033947975,0.18959806633069912,0.08462614400878063
270000.0,85000.0,978.8869751204563,-11688.254587472533,-103181.97161717033,0.27576969967962056,0.19010069578533234,0.08566900389428822
275000.0,85000.0,999.534727704874,-12368.13831869309,-104667.11769918317,0.27733852966517636,0.19055229370684346,0.0867862359583329
280000.0,85000.0,1020.0206916330744,-12995.098070160253,-106093.03004385016,0.2789187697897759,0.19095734495802144,0.08796142483175448
285000.0,85000.0,1040.3534494326882,-13637.991259000439,-107528.90078687528,0.2804125420754508,0.19131989705372604,0.08909264502172476
290000.0,85000.0,1060.5409871336874,-14295.9873380965,-108974.2108363103,0.2818256241624563,0.19164360841158637,0.09018201575086995
295000.0,85000.0,1080.5907452051167,-14968.31249866786,-110428.47656166741,0.28316332958659174,0.19193179062543916,0.09123153896115258
300000.0,85000.0,1100.509664359901,-15654.244906570297,-111891.24681660644,0.28443055142150586,0.19218744558346493,0.09224310583804093
90000.0,90000.0,3.1161915841133805,-4016.0839247477998,52248.19754703263,0.0022769895647283887,0.0018354623983269426,0.00044152716640144616
95000.0,90000.0,26.665364200908925,3197.6978768945264,-53985.001326940925,0.018628944862086643,0.014947597542659482,0.0036813473194271615
100000.0,90000.0,55.86182376756369,2966.6296718266094,-55354.73145510837,0.03738500432320865,0.02971252031333939,0.0076724840098692584
105000.0,90000.0,84.43851229010511,2671.1052781709295,-56764.74670114317,0.05422919861778449,0.04272705070925096,0.01150214790853353
110000.0,90000.0,112.4639349107598,2318.249230719026,-58210.594230800605,0.06942630278814636,0.05426788737759836,0.015158415410548
115000.0,90000.0,139.9792210539847,1912.3389896144217,-59689.60063149099,0.08318527464709242,0.06455002921860882,0.018635245428483604
120000.0,90000.0,167.02150792645773,1457.2368243515957,-61199.35198478025,0.09568269706043628,0.07375019880588127,0.02193249825455501
125000.0,90000.0,193.62441342108104,1020.4389957924141,-62673.66312762974,0.10714158244501071,0.08201483739448222,0.02512674505052849
130000.0,90000.0,219.8184433544683,577.118108864699,-64138.55118195956,0.11766976924709804,0.0894661959114645,0.028203573335633544
135000.0,90000.0,245.63134343532772,94.15971727407305,-65628.2126767037,0.12733546866553724,0.09620702794912056,0.031128440716416683
140000.0,90000.0,271.0884045212998,-425.80592978480854,-67141.0037061155,0.13623059487328068,0.10232424316300043,0.03390635171028025
145000.0,90000.0,296.21272824028586,-980.3762630102574,-68675.42266438142,0.14443507450988446,0.10789177851905847,0.036543295990825994
150000.0,90000.0,321.025458853219,-1567.3522792652366,-70230.09517454077,0.15201868538094898,0.11297287472163306,0.03904581065931592
155000.0,90000.0,345.545986259998,-2184.717428960197,-71803.76089310012,0.15904257257371887,0.11762189577073064,0.041420676802988235
160000.0,90000.0,369.79212425342894,-2830.6190776433796,-73395.26192352711,0.1655605054085229,0.12188579435852478,0.04367471104999812
165000.0,90000.0,393.78026747198805,-3503.3521829132515,-75003.53261432078,0.17161992489151168,0.1258053003645977,0.04581462452691398
170000.0,90000.0,417.5255299631318,-4201.344883834303,-76627.59055239643,0.17726282083002962,0.12941589112135413,0.04784692970867549
175000.0,90000.0,440.9322955283201,-4934.541265054722,-78273.6507906592,0.18248112287430926,0.13271560838758448,0.04976551448672478
180000.0,90000.0,463.6850089746673,-5735.759066634608,-79962.22441664663,0.18717877023570598,0.1356383770993154,0.05154039313639058
185000.0,90000.0,486.19426490454134,-6593.2964499277,-81697.62278120482,0.19151003696591018,0.1383319569227865,0.05317808004312369
190000.0,90000.0,508.47329240399665,-7753.777589984355,-83726.98599374022,0.19514518351642773,0.1408183208975513,0.054326862618876426
195000.0,90000.0,530.5343791479364,-8936.924568614602,-85770.51535538412,0.19851685237187078,0.14311690832153667,0.055399944050334105
200000.0,90000.0,552.3889536774893,-10141.548817541101,-87827.46801096319,0.2016485120166058,0.14524496668367065,0.05640354533293515
205000.0,90000.0,574.0476591965797,-11196.54344355571,-89727.15215222232,0.20479970277570947,0.14721784083082867,0.0575818619448808
210000.0,90000.0,595.5204198903298,-12270.876331405714,-91638.92270712857,0.20774618503909212,0.1490492185089676,0.05869696653012452
215000.0,90000.0,616.816500634706,-13363.583933990565,-93562.1774587441,0.2105044515667815,0.15075133966744708,0.05975311189933441
220000.0,90000.0,637.9445608531992,-14303.76567126729,-95326.35354454206,0.21332234024427424,0.15233517553115464,0.0609871647131196
225000.0,90000.0,658.9127031791284,-15030.578869370656,-96870.92429335666,0.2162899265238641,0.15381058234416095,0.06247934417970316
230000.0,90000.0,773.4223467745965,-6029.0759354419715,-92335.29745965124,0.249302401608454,0.176577343356628,0.07272505825182599
235000.0,90000.0,796.2733981067651,-6560.066596896446,-93757.47912306027,0.25212411108571714,0.17788926423996743,0.07423484684574971
240000.0,90000.0,818.8427749559031,-7120.351404586079,-95197.9696278663,0.2547600130294726,0.17908440427359468,0.07567560875587792
245000.0,90000.0,841.147881538639,-7708.120319981535,-96655.63769998847,0.25722496076032586,0.18017370713948208,0.07705125362084378
250000.0,90000.0,863.2047171688195,-8321.709414442768,-98129.44338402673,0.2595323864007274,0.18116693826697428,0.07836544813375312
255000.0,90000.0,885.0280152115138,-8959.586418002553,-99618.4290112516,0.2616944594463121,0.1820728299560013,0.07962162949031079
260000.0,90000.0,906.6313658647803,-9620.337950062836,-101121.71121878926,0.2637222251588301,0.18289920634754495,0.08082301881128515
265000.0,90000.0,928.0273249233296,-10302.658207973713,-102638.47387998356,0.2656257256577733,0.1836530913519856,0.08197263430578772
270000.0,90000.0,949.2275103564216,-11005.338922932162,-104167.9618268326,0.2674141061345847,0.18434080211878343,0.08307330401580129
275000.0,90000.0,970.2426882636216,-11647.010420583363,-105629.22526286461,0.2692109369719388,0.1849680302008635,0.08424290677107532
280000.0,90000.0,991.0828495468759,-12237.133647124923,-107032.11477945308,0.2710058839225971,0.18553991221482102,0.08546597170777609
285000.0,90000.0,1011.7572784480233,-12844.49304140557,-108445.77690087848,0.2727048490757238,0.18606109150845657,0.08664375756726722
290000.0,90000.0,1032.2746139411247,-13468.190150123031,-109869.6500938269,0.27431418578860056,0.1865357721081806,0.08777841368041997
295000.0,90000.0,1052.6429048338223,-14107.38789728249,-111303.21118580156,0.2758397396248915,0.18696776602095463,0.08887197360393687
300000.0,90000.0,1072.8696593171878,-14761.305431012472,-112745.9721443828,0.2772868959587755,0.18736053480102954,0.08992636115774594
95000.0,95000.0,3.064150670794561,-4170.67166976264,54662.20520639835,0.002140675576949816,0.00170807249776293,0.00043260307918688594
100000.0,95000.0,26.12462258699395,3301.460749047372,-56430.774531845396,0.017483659903779734,0.013895507288201029,0.003588152615578705
105000.0,95000.0,54.73090877587276,3009.0145126907737,-57838.86592956827,0.03514999544688157,0.02769459398568938,0.007455401461192189
110000.0,95000.0,82.79816670186676,2660.509336994146,-59281.99416437866,0.051113013218935965,0.03995308886545666,0.011159924353479303
115000.0,95000.0,110.36563685235399,2260.026232644799,-60757.608604597,0.06558684741947267,0.05089401862582391,0.014692828793648756
120000.0,95000.0,137.46884108318056,1811.2594726507668,-62263.40032959327,0.07875266868266376,0.06070089107303921,0.018051777609624543
125000.0,95000.0,164.14001292020578,1381.5613437014108,-63733.274160186615,0.09082646354398527,0.06952592512341323,0.021300538420572043
130000.0,95000.0,190.40846946155784,945.9808240020066,-65193.324484998746,0.1019264822474651,0.07749632456717861,0.024430157680286488
135000.0,95000.0,216.3009339228156,471.29712797282264,-66677.81429501699,0.11213056285346118,0.0847191148503089,0.027411448003152275
140000.0,95000.0,241.84181630190722,-39.95110460164142,-68185.15694037602,0.12153324875042691,0.09128491077276484,0.030248337977662076
145000.0,95000.0,267.05345837352513,-585.4403291533818,-69713.90020572086,0.13021684242755824,0.09727087946137196,0.03294596296618628
150000.0,95000.0,291.95634819238035,-1163.0397879924276,-71262.71236749526,0.1382532724955039,0.10274309105061975,0.035510181444884145
155000.0,95000.0,316.56930844263036,-1770.7919219664473,-72830.36995122903,0.14570563460319247,0.10775839883098622,0.03794723577220625
160000.0,95000.0,340.9096622797234,-2406.8951229087543,-74415.74695181797,0.15262947013711725,0.11236595445441049,0.040263515682706766
165000.0,95000.0,364.99337974129844,-3069.6885069049604,-76017.8053168156,0.1590738327728842,0.11660843765542454,0.042465395117459656
170000.0,95000.0,388.73860524324436,-3767.685054702568,-77641.8656591891,0.1650411694274925,0.12049311814601886,0.04454805128147364
175000.0,95000.0,411.8650482041413,-4530.034986769315,-79306.14686673082,0.17045155737327028,0.1239666973826454,0.04648485999062488
180000.0,95000.0,434.73424533378136,-5319.138485286734,-80987.14905330421,0.17549202550425902,0.12716962240586752,0.0483224030983915
185000.0,95000.0,457.360174952851,-6164.541804903478,-82714.96362806467,0.1801524006646865,0.13012808374487456,0.050024316919811934
190000.0,95000.0,479.7558206536851,-7312.894652016752,-84736.74665751046,0.1841238056415997,0.13286520671689794,0.05125859892470175
195000.0,95000.0,501.9332582374557,-8483.941143304604,-86772.71321456537,0.1878148041717621,0.13540147241366488,0.05241333175809723
200000.0,95000.0,523.9037336902398,-9676.51169621505,-88822.1323101344,0.19125003792212172,0.1377550724696733,0.05349496545244842
205000.0,95000.0,545.6777332573928,-10719.515741231153,-90714.32233826947,0.19467832642823668,0.13994220931419987,0.05473611711403681
210000.0,95000.0,567.265046534874,-11781.935160373105,-92618.64697523319,0.19788935087288143,0.14197735132079403,0.055911999552087394
215000.0,95000.0,588.674823376122,-12862.818368883309,-94534.51148055207,0.20090038239646613,0.14387345046886854,0.057026931927597585
220000.0,95000.0,609.9156253103652,-13791.274967722013,-96291.35935482626,0.2039497419160487,0.14564212870878102,0.05830761320726768
225000.0,95000.0,630.9954720801904,-14506.4709036602,-97828.66931478762,0.2071260178087858,0.14729383808950236,0.05983217971928345
230000.0,95000.0,651.921883830455,-15237.624081632675,-99375.95255102043,0.21013834417614252,0.14883799880219728,0.06130034537394524
235000.0,95000.0,672.7019194153577,-15984.000380802783,-100932.75023800174,0.21299766369378584,0.15028311856472049,0.06271454512906535
240000.0,95000.0,785.9748309183119,-7111.117584495572,-96477.51099030973,0.24453407209506106,0.17189604485015486,0.0726380272449062
245000.0,95000.0,808.7588503427828,-7649.079564350599,-97904.04972771913,0.24732032037392981,0.17323598316811678,0.07408433720581303
250000.0,95000.0,831.2752694189135,-8214.871980433003,-99347.98248777063,0.24993243217646224,0.17446567705471133,0.07546675512175091
255000.0,95000.0,853.5399685933854,-8806.843266287935,-100808.27704142996,0.252383740240681,0.17559493585659366,0.07678880438408733
260000.0,95000.0,875.5675961434013,-9423.470001086258,-102283.9812506789,0.2546863515047904,0.17663255923812815,0.07805379226666226
265000.0,95000.0,897.3716854082575,-10063.344717541244,-103774.21544846328,0.25685127874979363,0.17758645644467808,0.07926482230511556
270000.0,95000.0,918.9647588864132,-10725.165075813013,-105278.16567238313,0.25888855610023453,0.17846374965302836,0.08042480644720618
275000.0,95000.0,940.3584208834234,-11327.47422812396,-106714.82764257747,0.26091902019744495,0.1792708637721181,0.08164815642532686
280000.0,95000.0,961.5634401534008,-11879.652224046295,-108094.00139002893,0.26293397183249356,0.18001360467150834,0.08292036716098522
285000.0,95000.0,982.5898237725833,-12450.408327651327,-109484.78645478208,0.26484317464587437,0.18069722749775194,0.08414594714812243
290000.0,95000.0,1003.4468833114313,-13038.774135611136,-110886.57758475696,0.26665357363266845,0.1813264964769548,0.08532707715571364
295000.0,95000.0,1024.1432942259612,-13643.847400500032,-112298.81087531251,0.26837156106843774,0.18190573738489016,0.08646582368354758
300000.0,95000.0,1044.687149265345,-14264.786476404115,-113720.96029775258,0.27000302818906335,0.18243888368573077,0.08756414450333258
100000.0,100000.0,3.0021173590141643,-4164.220205337479,57116.86237166407,0.0020091390304856696,0.0015883572368720906,0.000420781793613579
105000.0,100000.0,25.617112349748822,3248.6796843738703,-58914.38769726633,0.01645215478046054,0.012962611830864298,0.003489542949596242
110000.0,100000.0,53.70976577825013,2902.8156409380026,-60355.86522441375,0.03315614436361378,0.02591689080276351,0.0072392535608502735
115000.0,100000.0,81.31326874527997,2506.0799495091196,-61829.1375315568,0.04832193337052722,0.03749680726787413,0.010825126102653085
120000.0,100000.0,108.46158248594315,2062.0045785380935,-63331.99713841369,0.062135091872524445,0.04789241439887439,0.014242677473650052
125000.0,100000.0,135.1855954877882,1637.8019307299692,-64798.436293293766,0.07480460944165096,0.05726150146105524,0.017543107980595718
130000.0,100000.0,161.51346332433127,1208.4001857304538,-66254.62488391847,0.0864588597282839,0.06573604530904814,0.020722814419235763
135000.0,100000.0,187.4709043635288,740.4740538070037,-67734.89121637063,0.09718505437628415,0.07342718678936683,0.023757867586917322
140000.0,100000.0,213.08145789383127,236.47162095844396,-69237.70523690098,0.10708024866132461,0.0804291092773092,0.026651139384015407
145000.0,100000.0,238.3667101247629,-301.36214702465804,-70761.6638418904,0.11622901467494663,0.08682209048841213,0.029406924186534497
150000.0,100000.0,263.34649263183167,-870.964766289515,-72305.47797893095,0.12470533568454205,0.09267492499428309,0.032030410690258956
155000.0,100000.0,288.0390570874588,-1470.4380629042862,-73867.96128931518,0.13257417091347343,0.09804686292940651,0.03452730798406692
160000.0,100000.0,312.4612295194652,-2098.032129975618,-75448.02008123476,0.13989275511005278,0.10298917329056177,0.03690358181949101
165000.0,100000.0,336.54491495816853,-2760.8288443504716,-77050.08052771905,0.14667523438525198,0.10751969463655824,0.03915553974869375
170000.0,100000.0,360.0450874336152,-3484.310906904022,-78690.06931681502,0.15285917445602165,0.1115992975045182,0.041259876951503446
175000.0,100000.0,383.27422576302115,-4235.980520645797,-80347.67532540363,0.15861916170648357,0.11536118485145691,0.043257976855026664
180000.0,100000.0,406.2470575017054,-5014.30601982263,-82021.94126238914,0.16399241546150076,0.11883647414599514,0.04515594131550561
185000.0,100000.0,428.97726215943396,-5848.864735418872,-83742.9779596368,0.16897248129781628,0.12205257945925109,0.04691990183856519
190000.0,100000.0,451.4775627974218,-6986.333469068137,-85757.95841816759,0.17327099212843514,0.1250337299240852,0.04823726220434993
195000.0,100000.0,473.75980818389985,-8146.4799488744175,-87787.11246804651,0.17727278306076363,0.12780140495923922,0.04947137810152441
200000.0,100000.0,495.835046624456,-9328.155151056591,-89829.72196941037,0.18100361835961243,0.13037470128269915,0.05062891707691328
205000.0,100000.0,517.7135924350422,-10360.286386755615,-91715.11649172226,0.1847017197178968,0.1327706437366702,0.05193107598122662
210000.0,100000.0,539.4050858990446,-11411.871066499356,-93612.6694165621,0.18817045569461244,0.13500444960026914,0.0531660060943433
215000.0,100000.0,560.918547441602,-12481.971066073398,-95521.79441629587,0.19142784131314536,0.13708975422046635,0.05433808709267901
220000.0,100000.0,582.262426661578,-13399.707627195865,-97271.94226699742,0.19470278628230278,0.1390388043313039,0.05566398195099889
225000.0,100000.0,603.4446467817897,-14104.25673469386,-98802.59795918367,0.19808238281630197,0.14086262426897103,0.05721975854733094
230000.0,100000.0,624.4726450093235,-14824.84491903035,-100343.27807439397,0.20129044730715479,0.1425711593600605,0.05871928794709427
235000.0,100000.0,645.3534092383534,-15560.745439211256,-101893.52839950703,0.2043383026824923,0.14417340001200518,0.06016490267048713
240000.0,100000.0,666.0935114763824,-16311.274806456233,-103452.92175403514,0.207236354587984,0.14567748942973657,0.06155886515824743
245000.0,100000.0,686.6991383301786,-17075.789613661414,-105021.05600853838,0.20999417913057633,0.14709081739124946,0.06290336173932687
250000.0,100000.0,798.6938364672089,-8335.841007410258,-100648.90062963142,0.24013645113265453,0.16762757905222253,0.072508872080432
255000.0,100000.0,821.4128338870071,-8880.565275751273,-102079.66579734455,0.2428840486986735,0.16898556504139975,0.07389848365727375
260000.0,100000.0,843.877135101518,-9451.777949442141,-103526.98621840135,0.24546818498536607,0.17023948660510752,0.07522869838025856
265000.0,100000.0,866.1012795570871,-10047.966926062945,-104989.91682878934,0.2479008696155406,0.17139816160877644,0.07650270800676415
270000.0,100000.0,888.0987207104304,-10667.73304611526,-106467.58315382204,0.2501930495765696,0.17246953838806703,0.0777235111885026
275000.0,100000.0,909.8819255642801,-11229.52974131488,-107878.92483832181,0.2524627793416951,0.17346079442060744,0.07900198492108765
280000.0,100000.0,931.4624634526489,-11742.653800924527,-109233.68987557784,0.2547030335194651,0.17437842232808334,0.08032461119138176
285000.0,100000.0,952.8510854063677,-12275.737117737764,-110600.9294485861,0.2568275187859023,0.1752283050216121,0.08159921376429022
290000.0,100000.0,974.0577952446075,-12827.7392945608,-111979.99330910051,0.2588437876946603,0.1760157815179091,0.08282800617675123
295000.0,100000.0,995.0919133815316,-13397.691008320719,-113370.27563020046,0.26075879391722984,0.17674570471724546,0.08401308919998438
300000.0,100000.0,1015.9621342043723,-13984.688042745285,-114771.2112767158,0.26257894811236937,0.17742249223756854,0.08515645587480083
105000.0,105000.0,2.9461052958533855,-4158.394950768765,59571.12815576952,0.001892086026916677,0.001483264352507417,0.0004088216744092602
110000.0,105000.0,25.157696407379376,3200.9004263674433,-61394.87473352035,0.015530364019513593,0.012139491974905605,0.003390872044607989
115000.0,105000.0,52.78315205168076,2806.4478133748053,-62866.72011664075,0.031367377008512894,0.024340426968601676,0.007026950039911217
120000.0,105000.0,79.96272151401843,2365.623037457932,-64367.54810158879,0.04580876411511467,0.035308426333420725,0.010500337781693944
125000.0,105000.0,106.72599272584716,1945.503243488114,-65831.43547281993,0.05905655979338912,0.04520666988485267,0.013849889908536452
130000.0,105000.0,133.0999924251504,1520.8992122156487,-67284.62549236522,0.07124900511738422,0.054171751088787294,0.017077254028596923
135000.0,105000.0,159.1094574141374,1058.3835710702988,-68761.51026808107,0.08248245946789301,0.062318789623204675,0.020163669844688335
140000.0,105000.0,184.77707205714535,560.3154939431115,-70260.61531628555,0.09285638937503922,0.06974541786658023,0.02311097150845899
145000.0,105000.0,210.1236768210331,28.862389387446456,-71780.58600663285,0.10245754494829708,0.07653491913012889,0.02592262581816819
150000.0,105000.0,235.1684518951937,-533.9810028998472,-73320.1756268124,0.11136188085483306,0.08275871997611103,0.028603160878722028
155000.0,105000.0,259.9290792976317,-1126.3757530463045,-74878.23484565393,0.11963614425290518,0.08847838576809226,0.03115775848481292
160000.0,105000.0,284.35122467309293,-1753.9726339983463,-76458.29539624897,0.12730755844369013,0.09372394008139266,0.033583618362297465
165000.0,105000.0,308.225126663089,-2438.586827038729,-78073.99176689921,0.13433271663709997,0.09847206130643525,0.03586065533066472
170000.0,105000.0,331.81420619226094,-3152.8225560048595,-79708.20159750304,0.14087359445136446,0.10284887533676813,0.03802471911459633
175000.0,105000.0,355.1339400505598,-3895.0702347417828,-81359.91889671361,0.14697322198537274,0.10689127875384402,0.04008194323152872
180000.0,105000.0,378.19870366518285,-4663.834818820993,-83028.20926176311,0.15266995241732012,0.11063169477841131,0.04203825763890881
185000.0,105000.0,401.02186735738815,-5488.72579483164,-84743.20362176978,0.15796095961113502,0.11409871256146825,0.043862247049666764
190000.0,105000.0,423.61588267755985,-6616.448201533785,-86752.09262595861,0.16257805552529384,0.11731762158471865,0.04526043394057519
195000.0,105000.0,445.99235999151915,-7766.794560882001,-88775.12160055125,0.16688268087284616,0.12031086053183683,0.04657182034100933
200000.0,105000.0,468.16213833521056,-8938.637613138097,-90811.5860082113,0.1709016770688814,0.12309839603482407,0.04780328103405733
205000.0,105000.0,490.1353484219669,-9960.923764115432,-92690.82735257215,0.17486278720686002,0.12569804362678916,0.04916474358007086
210000.0,105000.0,511.92146957283865,-11002.667164424784,-94582.22947776549,0.17858284752510772,0.12812574082992054,0.05045710669518719
215000.0,105000.0,533.5293812429661,-12062.94435073153,-96485.21521920721,0.18208058584319198,0.13039578041696076,0.05168480542623122
220000.0,105000.0,554.967409733124,-12970.889387755102,-98229.24336734693,0.18557560306688733,0.13252101038795416,0.05305459267893317
225000.0,105000.0,576.2433706032903,-13665.689457257802,-99753.80591078612,0.189153488294134,0.1345130060125114,0.054640482281622604
230000.0,105000.0,597.36460724264,-14376.580846765428,-101288.42552922839,0.19255253205773099,0.13638221833396533,0.05617031372376566
235000.0,105000.0,618.3380259962864,-15102.845296386222,-102832.65331024138,0.19578441967981938,0.13813810276420277,0.05764631691561661
240000.0,105000.0,639.1701282021206,-15843.80666697945,-104386.06666686216,0.19885989736868723,0.1397892307772004,0.059070666591486826
245000.0,105000.0,659.8670394502853,-16598.827897170326,-105948.26743573145,0.2017888614534127,0.1413433872049185,0.060445474248494196
250000.0,105000.0,680.4345363421701,-17367.30822041433,-107518.88013775896,0.20458043786595612,0.14280765522752636,0.06177278263842975
255000.0,105000.0,788.646611092378,-9020.752446392682,-103392.59527899542,0.23319538482028923,0.1622447175104194,0.07095066730986982
260000.0,105000.0,811.5599827391306,-9545.261795130427,-104810.72612195653,0.2360677256005571,0.1637199884484831,0.07234773715207402
265000.0,105000.0,834.2161073698188,-10096.52483353886,-106245.57802096178,0.2387744982550142,0.16508820684428074,0.07368629141073346
270000.0,105000.0,856.6293958284734,-10673.042833838743,-107696.2142711492,0.24132758656359027,0.16635816832389946,0.0749694182396908
275000.0,105000.0,878.8132023061918,-11193.176960156066,-109081.51685009754,0.24384221440468906,0.16753782214633153,0.07630439225835753
280000.0,105000.0,900.7799194446197,-11666.138377759547,-110411.18023609972,0.2463130689835117,0.16863436518454597,0.07767870379896574
285000.0,105000.0,922.5410633493764,-12160.479411664885,-111754.20588229055,0.24865788149580767,0.16965432408003697,0.0790035574157707
290000.0,105000.0,944.1073497406527,-12675.08562697214,-113109.89726685759,0.25088482797457573,0.17060362723104328,0.08028120074353245
295000.0,105000.0,965.4887623005347,-13208.918720744376,-114477.60545046523,0.2530014381712681,0.17148766801802068,0.0815137701532474
300000.0,105000.0,986.6946141342704,-13761.010130035866,-115856.72508127242,0.25501465572869375,0.17231136045654297,0.08270329527215078
110000.0,110000.0,2.895278382581637,-4153.108951788483,62025.056905132195,0.0017873149628330875,0.0013903667752783895,0.00039694818755469795
115000.0,110000.0,24.73984754024889,3157.4441441858944,-63872.65990988382,0.014702117906264875,0.011408535278040352,0.0032935826282245225
120000.0,110000.0,51.93852212736306,2718.6063012457453,-65372.24606172141,0.029754358825855226,0.022934030354122475,0.006820328471732751
125000.0,110000.0,78.72908048677198,2301.324370624294,-66834.35976835982,0.04356453878287116,0.03334782334651969,0.01021671543635147
130000.0,110000.0,105.13745693444366,1880.2955211821536,-68285.31529926116,0.05628053819284412,0.04279098776330633,0.01348955042953779
135000.0,110000.0,131.1874339895278,1421.993134910881,-69759.56679068069,0.06800766203716978,0.05138250254176919,0.01662515949540059
140000.0,110000.0,156.9008610102345,928.6895450643788,-71255.69403433477,0.07884770161711116,0.05922334407052782,0.019624357546583343
145000.0,110000.0,182.29784670292895,402.47605710462085,-72772.38996430961,0.08888950595725295,0.06639970881001027,0.022489797147242682
150000.0,110000.0,207.3969290757982,-154.71937611699104,-74308.44961007312,0.098210928886373,0.0729855736982046,0.025225355188168402
155000.0,110000.0,232.1575343880171,-747.1164236462209,-75866.51026477889,0.10685388625425979,0.07902510924155487,0.02782877701270492
160000.0,110000.0,256.4051658925631,-1392.8627471734362,-77457.9142169834,0.11479576245771082,0.08451274451974645,0.030283017937964368
165000.0,110000.0,280.35418662150096,-2069.664591363893,-79068.72786960243,0.12218581890832177,0.08956782645006298,0.03261799245825879
170000.0,110000.0,304.02082259941415,-2775.834449660935,-80697.89653103809,0.12907375654321515,0.09423405960259375,0.034839696940621404
175000.0,110000.0,327.4201451709316,-3509.8049022231135,-82344.44056388945,0.13550378674547203,0.09854974154851963,0.036954045196952404
180000.0,110000.0,350.5661719173544,-4270.118120595143,-84007.44882537196,0.14151534700427298,0.10254855279866806,0.03896679420560492
185000.0,110000.0,373.47195717121997,-5086.416454193124,-85717.07278387071,0.14710915674341407,0.1062602141171316,0.04084894262628247
190000.0,110000.0,396.14967335858216,-6205.433970707469,-87720.52123169217,0.1520368952753393,0.10971103627237529,0.042325859002964025
195000.0,110000.0,418.6106842353788,-7346.988839520607,-89738.05552470038,0.15663692810465388,0.11292438204353353,0.04371254606112035
200000.0,110000.0,440.86561094488957,-8509.97646173148,-91768.98528858217,0.16093713289247408,0.11592105625459768,0.04501607663787639
205000.0,110000.0,462.92439170407556,-9523.36326277614,-93642.66453923509,0.16515488968513445,0.11871963646708454,0.04643525321804991
210000.0,110000.0,484.79633582435383,-10556.181074267195,-95528.488171417,0.16912029533258913,0.12133675450446853,0.0477835408281206
215000.0,110000.0,506.49017268445846,-11607.522040816315,-97425.88877551019,0.1728527623939951,0.12378733704758248,0.04906542534641263
220000.0,110000.0,528.0140961972563,-12506.53399548534,-99164.33374717835,0.17656268208027504,0.12608481200867605,0.050477870071598985
225000.0,110000.0,549.375805246927,-13192.4162543196,-100683.32265894975,0.18033413527701195,0.12824128617209335,0.0520928491049186
230000.0,110000.0,570.5825405161902,-13894.41578631621,-102212.38486644762,0.18391968923545388,0.13026769861278292,0.05365199062267095
235000.0,110000.0,591.6411180740631,-14611.823720297427,-103751.07732518589,0.18733137554368298,0.1321739536176182,0.05515742192606479
240000.0,110000.0,612.5579600517847,-15343.9721546144,-105298.982596634,0.19058026602543304,0.1339690361984691,0.056611229826963955
245000.0,110000.0,633.3391226972249,-16090.231239488596,-106855.70702468036,0.19367656337168032,0.13566111276900897,0.05801545060267135
250000.0,110000.0,653.9903220654776,-16850.006505190337,-108420.87906574397,0.19662968191986696,0.13725761913516424,0.05937206278470272
255000.0,110000.0,674.5169575747866,-17622.736412222206,-109994.14775763889,0.19944831978874558,0.13876533760301665,0.06068298218572893
260000.0,110000.0,694.9241336319071,-18407.890102281643,-111575.18131392603,0.20214052341237013,0.14019046472299923,0.061950058689370896
265000.0,110000.0,801.7161688464521,-10209.01843996899,-107541.19902498063,0.22947216466821432,0.15865659215119085,0.07081557251702347
270000.0,110000.0,824.5567842405427,-10741.094438983579,-108964.05902436475,0.23229216706129643,0.16012963946052575,0.07216252760077069
275000.0,110000.0,847.1522511091583,-11218.415884647518,-110322.6036779047,0.23505732538642693,0.16150194694929035,0.07355537843713658
280000.0,110000.0,869.5158081293141,-11650.105954551313,-111626.47247159458,0.23776407822463358,0.16278143324089633,0.07498264498373725
285000.0,110000.0,891.6597576016096,-12104.63520943257,-112944.61575589536,0.24033426277559042,0.16397528467302663,0.07635897810256378
290000.0,110000.0,913.5955467995676,-12580.813132844982,-114276.28945802811,0.24277669447241512,0.16509003361635755,0.07768666085605758
295000.0,110000.0,935.3338409829709,-13077.530537771061,-115620.80033610691,0.2450994938305526,0.16613162728721595,0.07896786654333665
300000.0,110000.0,956.8845890550388,-13593.752738275973,-116977.50171142249,0.24731015103803622,0.16710548834265396,0.08020466269538226
115000.0,115000.0,2.848948471121048,-4148.290640996594,64478.69334937713,0.0016930410045232363,0.0013077338414806548,0.0003853071630425815
120000.0,115000.0,24.35816854839345,3117.74952903291,-66348.09404435442,0.013954222369907012,0.010755619412693688,0.0031986029572133243
125000.0,115000.0,51.1654564547498,2702.2074712939793,-67809.12033044126,0.028312276712551834,0.021672507702966585,0.0066397690095852495
130000.0,115000.0,77.59779592191023,2283.6707758786506,-69258.51826507584,0.04153843781656903,0.031582334522551984,0.009956103294017048
135000.0,115000.0,103.67804519943593,1828.5167007413402,-70730.80206203666,0.05374677470374563,0.040607833075010306,0.013138941628735322
140000.0,115000.0,129.4272415106642,1338.933117109089,-72224.60430180682,0.06504132898985793,0.04885323131264001,0.01618809767721792
145000.0,115000.0,154.86477885396494,816.9370008123515,-73738.66437449228,0.07551298016668787,0.0564075572301573,0.019105422936530565
150000.0,115000.0,179.96384410294138,259.7397867059044,-75274.7251333088,0.08522024108106613,0.06333152793206025,0.02188871314900588
155000.0,115000.0,204.585205122037,-347.13866730814334,-76841.83666706759,0.09416332015689645,0.06963964459130373,0.02452367556559272
160000.0,115000.0,228.89416705074098,-986.5066267229267,-78429.25414170182,0.10247874818451373,0.07544494743185093,0.027033800752662804
165000.0,115000.0,252.90770514826852,-1656.5986645800876,-80035.87416536256,0.11022391152476428,0.08079919802726625,0.029424713497498034
170000.0,115000.0,276.6415866766804,-2355.774985625234,-81660.67186601576,0.11744974736642727,0.08574761276070779,0.03170213460571948
175000.0,115000.0,300.1104764773205,-3082.510446358676,-83302.69402897418,0.12420160031214592,0.09032984173103578,0.033871758581110134
180000.0,115000.0,323.3280316648801,-3835.384706852463,-84961.0529417828,0.13051994819412002,0.09458077927237103,0.03593916892174899
185000.0,115000.0,346.3069867256453,-4644.073380532907,-86665.92086283307,0.13640898014788946,0.0985312386998181,0.037877741448071364
190000.0,115000.0,369.05923013554707,-5755.3400659030885,-88664.52504118942,0.14163994897889506,0.10220851689913107,0.03943143207976399
195000.0,115000.0,391.5958734678119,-6889.029159347556,-90677.14322459222,0.14652844991401867,0.10563686902287885,0.040891580891139825
200000.0,115000.0,413.92731383531213,-8044.059361127554,-92703.09960070472,0.15110335998256355,0.1088379094245476,0.04226545055801595
205000.0,115000.0,436.06329040574167,-9049.41779780286,-94571.76112362678,0.15557180808207338,0.11183095175227638,0.043740856329797004
210000.0,115000.0,458.0129356357928,-10074.154693877557,-96452.53418367347,0.15977695625351346,0.11463329861314388,0.04514365764036958
215000.0,115000.0,479.78482179122284,-11117.378533712821,-98344.86158357051,0.16373887643618695,0.11726048924227589,0.046478387193911064
220000.0,115000.0,501.3870032512134,-12008.251661873801,-100078.21978867112,0.16765884602662964,0.11972651204543955,0.047932333981190095
225000.0,115000.0,522.827055036094,-12685.986276246244,-101592.11642265391,0.17161943421768136,0.12204398763658798,0.04957544658109338
230000.0,115000.0,544.1121079460054,-13379.840773615448,-103116.08798350966,0.17538729753655596,0.12422432699281837,0.0511629705437376
235000.0,115000.0,565.2488806532845,-14089.116412058414,-104649.69775753652,0.17897479925330584,0.1262778685448385,0.05269693070846734
240000.0,115000.0,586.2437090522794,-14813.15425856295,-106192.53391160184,0.1823933232660544,0.1282139973701592,0.05417932589589519
245000.0,115000.0,607.1025731362065,-15551.332393834542,-107744.2077461466,0.18565336604878568,0.13004124912706472,0.05561211692172097
250000.0,115000.0,627.8311216407619,-16303.063349360775,-109304.35209335049,0.18876461865326577,0.1317674009352433,0.056997217718022464
255000.0,115000.0,648.4346946680387,-17067.79175452399,-110872.6198465775,0.19173603997929034,0.13339955105449355,0.05833648892479679
260000.0,115000.0,668.9183444812447,-17844.992173950537,-112448.68260871909,0.19457592236276675,0.1349441889209693,0.05963173344179745
265000.0,115000.0,689.2868546404875,-18634.167117389283,-114032.22944836829,0.1972919503909759,0.13640725685902694,0.060884693531948975
270000.0,115000.0,709.5447576319882,-19434.84520627324,-115622.96575392078,0.19989125373472705,0.1377942045863648,0.062097049148362254
275000.0,115000.0,814.8990719731794,-11305.246514789353,-111602.18532174334,0.22610811228690864,0.15535316882948386,0.07075494345742478
280000.0,115000.0,837.670129506731,-11694.556531299953,-112879.56658206247,0.22905606124283034,0.1568196264971343,0.07223643474569605
285000.0,115000.0,860.2071681630671,-12108.204511041055,-114172.15906940066,0.2318566626252505,0.15819118680058103,0.07366547582466948
290000.0,115000.0,882.5223864213517,-12544.92181217944,-115479.16988261216,0.2345193871881782,0.15947500067385179,0.0750443865143264
295000.0,115000.0,904.627149428839,-13003.526459400775,-116799.86028712548,0.23705296089508315,0.16067758252483103,0.07637537837025213
300000.0,115000.0,926.5320589666778,-13482.91586746549,-118133.54116716594,0.23946543404039702,0.1618048758959016,0.07766055814449543
120000.0,120000.0,2.80654402494406,-4143.880578594195,66932.07463837863,0.0016078031210431983,0.0012338125976217504,0.00037399052342144794
125000.0,120000.0,24.008157854292676,3145.3484168464493,-68757.46973947097,0.013284853798392305,0.010169302144140132,0.0031155516542521727
130000.0,120000.0,50.455229388637235,2728.3438564182725,-70205.91008973858,0.027008903842961635,0.020535298896474253,0.006473604946487382
135000.0,120000.0,76.55663631839946,2275.390177113557,-71676.81863930402,0.03968701643985078,0.029985124646415985,0.009701891793434794
140000.0,120000.0,102.33262863213156,1788.593377741694,-73168.87913891143,0.051425419313375485,0.03862617729501786,0.012799242018357623
145000.0,120000.0,127.77015381786555,1266.5959970580298,-74682.94000183872,0.0623014810891335,0.04653867920854703,0.015762801880586465
150000.0,120000.0,152.765244351511,698.5854125571495,-76225.75911715179,0.07234059161904155,0.053760000448543434,0.018580591170498116
155000.0,120000.0,177.43414747998088,96.65133791801054,-77789.78041380124,0.08166665045968043,0.06039757841480326,0.021269072044877164
160000.0,120000.0,201.794587697123,-537.362879499211,-79373.851799687,0.09034593150216448,0.06651275677753096,0.02383317472463352
165000.0,120000.0,225.8630281824294,-1201.7450690273545,-80976.9031681421,0.09843712124349993,0.07215893849675806,0.026278182746741874
170000.0,120000.0,249.65478103728697,-1894.90277212215,-82597.93923257635,0.10599234668184389,0.07738280330666247,0.028609543375181415
175000.0,120000.0,273.18410615854,-2615.3529595118307,-84236.03309969489,0.11305804303468867,0.08222531036699822,0.030832732667690446
180000.0,120000.0,296.4643000927085,-3361.712790358317,-85890.32049397395,0.11967568939278385,0.08672252877309716,0.032953160619686686
185000.0,120000.0,319.5077760357151,-4163.691292285628,-87590.99455767852,0.12585287490281133,0.09090632922160374,0.034946545681207586
190000.0,120000.0,342.3261359907343,-5268.081856963632,-89585.30116060228,0.13138014843325202,0.09480496299353541,0.036575185439716607
195000.0,120000.0,364.9302359665488,-6394.75545947894,-91593.53466217434,0.13655062636233517,0.09844354895240054,0.03810707740993463
200000.0,120000.0,387.3302449871295,-7542.654521338525,-93615.03407583658,0.14139415178509013,0.1018444850393941,0.03954966674569603
205000.0,120000.0,409.5356985871272,-8540.78734693877,-95479.17959183673,0.14610771075013543,0.10502779747159562,0.04107991327853981
210000.0,120000.0,431.55554738518924,-9558.223071940301,-97355.38941996268,0.15054734582945245,0.10801143828589091,0.04253590754356154
215000.0,120000.0,453.3982012555,-10594.087069428002,-99243.11691839251,0.1547337653879943,0.11081153985301084,0.043922225534983456
220000.0,120000.0,475.07156955599726,-11477.556766176276,-100971.84797886017,0.15885922573846745,0.11344263338711567,0.04541659235135177
225000.0,120000.0,496.58309781794765,-12147.85782693344,-102481.0986418334,0.16300478230549145,0.11591783720230053,0.04708694510319092
230000.0,120000.0,517.9398012547838,-12834.260669502488,-104000.41291843905,0.16695100274760266,0.11824901944665864,0.048701983300944024
235000.0,120000.0,539.1482954073342,-13536.077277637247,-105529.36079852328,0.1707105688148681,0.12044693922248019,0.05026362959238791
240000.0,120000.0,560.214824206935,-14252.658282478747,-107067.53642654922,0.17429516419919358,0.12252136933581459,0.05177379486337899
245000.0,120000.0,581.1452857067377,-14983.390286499285,-108614.55642906205,0.1777155677293318,0.12448120337756158,0.05323436435177023
250000.0,120000.0,601.94525570417,-15727.693406766339,-110170.05837922895,0.18098173653162056,0.12633454939626756,0.05464718713535299
255000.0,120000.0,622.6200094534734,-16485.019016838763,-111733.69938552422,0.1841028803765541,0.12808881206018505,0.05601406831636904
260000.0,120000.0,643.1745416460747,-17254.847668808245,-113305.15479300515,0.18708752826637962,0.12975076490741874,0.057336763358960874
265000.0,120000.0,663.6135848179028,-18036.687178938082,-114884.11698683629,0.18994358817847828,0.13132661403590656,0.05861697414257172
270000.0,120000.0,683.9416263262601,-18830.070862068926,-116470.29428879307,0.19267840075936726,0.13282205437984765,0.059856346379519615
275000.0,120000.0,704.1629240242787,-19554.305901475018,-117983.15993842189,0.19538241601875303,0.13424231954826332,0.06114009647048971
280000.0,120000.0,724.2815207480678,-20219.47184220096,-119432.9511513756,0.19805060074329253,0.13559222605845078,0.06245837468484175
285000.0,120000.0,828.1832950337491,-12171.187316490104,-115436.83582280632,0.22322508104478808,0.1523020304627002,0.0709230505820879
290000.0,120000.0,850.8878686060051,-12567.411664975458,-116718.53854060966,0.22611290612186505,0.15375852840352602,0.07235437771833902
295000.0,120000.0,873.3686876381394,-12986.906485633517,-118014.78530352094,0.22886183936485976,0.155125533730866,0.07373630563399378
300000.0,120000.0,895.6370238691871,-13428.499517604534,-119324.84344850283,0.23148050473577597,0.1564095231162858,0.07507098161949016
