higher_gross,lower_gross,order_wk,gap_household,gap_per_person,order_pct_payor_net,line_7e,lag
60000.0,0.0,325.5887692307692,-5706.3680000000095,-23821.712000000007,0.3399039550291106,0.2930997853334256,0.04680416969568496
65000.0,0.0,353.858,-6533.867999999995,-25629.212,0.3434392422192152,0.2931714995857498,0.050267742633465395
70000.0,0.0,382.1272307692308,-7011.367999999995,-27086.712,0.3486378805158348,0.2932326308954607,0.055405249620374075
75000.0,0.0,410.3964615384615,-7338.8680000000095,-28394.212000000007,0.35412762497407174,0.2932853608927491,0.06084226408132265
80000.0,0.0,438.6656923076923,-7666.367999999995,-29701.712,0.3590526680308516,0.2933313101177923,0.06572135791305933
85000.0,0.0,466.934923076923,-7993.8680000000095,-31009.212000000007,0.36349587933680144,0.29337170750567876,0.07012417183112268
90000.0,0.0,491.5178461538461,-8704.744000000006,-32572.296000000002,0.36478881039035177,0.2912233717697461,0.07356543862060566
95000.0,0.0,515.7486153846154,-9452.243999999999,-34159.796,0.36571681041830023,0.2891092234056315,0.07660758701266873
100000.0,0.0,539.9793846153846,-10199.744000000006,-35747.296,0.36656563968668404,0.2872113252321918,0.07935431445449226
105000.0,0.0,564.2101538461537,-10947.244000000013,-37334.79600000001,0.3673450151813941,0.28549811217936233,0.08184690300203179
110000.0,0.0,588.4409230769229,-11694.744000000013,-38922.29600000001,0.3680631262404522,0.28394387736164206,0.08411924887881012
115000.0,0.0,612.6716923076923,-12442.243999999999,-40509.796,0.36872692341078095,0.28252747330708383,0.08619945010369712
120000.0,0.0,636.9024615384615,-13189.743999999999,-42097.296,0.36934234415077505,0.2812313440440202,0.08811100010675482
125000.0,0.0,661.1332307692307,-13873.243999999999,-43620.796,0.37016940246679625,0.2800407937180281,0.09012860874876816
130000.0,0.0,682.172,-14852.711999999992,-45329.60799999999,0.3693520892118991,0.2776442816442817,0.09170780756761743
135000.0,0.0,701.0181538461538,-16060.211999999992,-47190.44133333333,0.36743770947045873,0.27456949172968576,0.09286821774077297
140000.0,0.0,719.8643076923076,-17267.712000000007,-49051.27466666667,0.36564179104477607,0.27171789437008215,0.09392389667469392
145000.0,0.0,738.7104615384615,-18475.212000000014,-50912.108000000015,0.36395366839265325,0.26906603905746546,0.0948876293351878
150000.0,0.0,757.5566153846153,-19682.712000000014,-52772.94133333335,0.3623639190146351,0.2665936493327197,0.09577026968191543
155000.0,0.0,776.4027692307693,-20890.211999999992,-54633.774666666664,0.36086418748910654,0.26428310334895655,0.09658108414014999
160000.0,0.0,795.2489230769231,-22097.711999999992,-56494.60799999999,0.359447038575874,0.26211901320960423,0.09732802536626978
165000.0,0.0,814.0950769230768,-23305.212000000014,-58355.44133333335,0.35810583393605633,0.26008788184119336,0.09801795209486297
170000.0,0.0,832.9412307692306,-24512.712000000014,-60216.27466666668,0.35683462815432393,0.2581778212250542,0.0986568069292697
175000.0,0.0,851.7873846153847,-25720.211999999992,-62077.10799999999,0.35562808062722556,0.2563783195573152,0.09924976106991035
180000.0,0.0,870.6335384615384,-26927.712000000014,-63937.94133333335,0.3544813805631244,0.254680047703697,0.09980133285942738
185000.0,0.0,888.8626153846152,-28230.388000000006,-65872.55866666666,0.3530613950326357,0.2528991267426845,0.10016226828995123
190000.0,0.0,903.6703076923076,-30167.888000000006,-68323.392,0.34965515804512165,0.25026552480773734,0.09938963323738431
195000.0,0.0,918.478,-32105.388,-70774.22533333334,0.34642075295841357,0.24776854599406528,0.09865220696434829
200000.0,0.0,933.2856923076922,-34042.888000000006,-73225.05866666666,0.343345497251445,0.24539782771384072,0.09794766953760425
205000.0,0.0,948.0933846153846,-35810.388,-75505.89199999999,0.3408179904531141,0.24314402951214217,0.09767396094097194
210000.0,0.0,962.9010769230769,-37577.888,-77786.72533333334,0.3384034819751017,0.24099871007489265,0.09740477190020908
215000.0,0.0,977.7087692307692,-39345.388,-80067.55866666666,0.3360945597096573,0.23895422157883853,0.09714033813081877
220000.0,0.0,992.5164615384614,-40942.888000000006,-82178.392,0.33425204815843834,0.23700361859627853,0.09724842956215982
225000.0,0.0,1007.3241538461539,-42310.388,-84059.22533333334,0.3329690270127674,0.23514057926774523,0.0978284477450222
230000.0,0.0,1022.131846153846,-43677.888000000006,-85940.05866666666,0.33173257105765747,0.23335933685744892,0.09837323420020855
235000.0,0.0,1036.9395384615384,-45045.388,-87820.89199999999,0.3305401904621788,0.23165462013026067,0.09888557033191814
240000.0,0.0,1051.7472307692308,-46412.888,-89701.72533333334,0.3293895697946843,0.23002160125166132,0.09936796854302299
245000.0,0.0,1066.5549230769232,-47780.38799999999,-91582.55866666666,0.3282785530159313,0.22845585012604835,0.09982270288988293
250000.0,0.0,1081.3626153846153,-49147.888000000006,-93463.392,0.3272051299955776,0.22695329426389627,0.10025183573168134
255000.0,0.0,1096.1703076923077,-50515.388000000006,-95344.22533333334,0.3261674243746406,0.22551018341219475,0.10065724096244583
260000.0,0.0,1110.9779999999998,-51882.888000000006,-97225.05866666666,0.3251636826197324,0.22412305830139193,0.10104062431834046
265000.0,0.0,1125.0415384615383,-53327.78000000003,-99157.48666666668,0.32397797031142267,0.22264145773393615,0.10133651257748652
270000.0,0.0,1138.5030769230768,-54835.28,-101131.65333333334,0.3226592254281074,0.22109828057543207,0.1015609448526753
275000.0,0.0,1151.9646153846154,-56262.53,-103025.56999999999,0.3215200533521551,0.21961167896056666,0.10190837439158845
280000.0,0.0,1165.4261538461537,-57620.03,-104849.73666666666,0.3205331450400454,0.21817859765844383,0.10235454738160155
285000.0,0.0,1178.887692307692,-58977.53000000003,-106673.90333333335,0.3195746106136215,0.21679619753575416,0.10277841307786736
290000.0,0.0,1192.3492307692306,-60385.03,-108548.06999999999,0.31856138579651055,0.2154618367829193,0.10309954901359125
295000.0,0.0,1205.8107692307692,-61867.53,-110497.23666666666,0.3174563860582211,0.21417305406402426,0.10328333199419681
300000.0,0.0,1219.2723076923075,-63350.03000000004,-112446.40333333336,0.31638317487683804,0.21292755336440936,0.10345562151242868
60000.0,5000.0,324.83565692569783,-979.6916797274243,-22272.261119818286,0.33911773057892564,0.2924218225908228,0.04669590798810286
65000.0,5000.0,353.16190019379843,-1801.262379844964,-24075.808253229974,0.3427636379091506,0.2925947806079523,0.0501688573011983
70000.0,5000.0,381.48011895749784,-2273.667628420226,-25529.911752280146,0.34804748110869177,0.2927360572839544,0.05531142382473736
75000.0,5000.0,409.7918960009063,-2596.742815905738,-26834.461877270493,0.3536059505006784,0.29285331471671605,0.06075263578396234
80000.0,5000.0,438.09842352869714,-2920.363953015498,-28139.375968677,0.35858835232948605,0.2929519832247859,0.06563636910470017
85000.0,5000.0,464.18809960808994,-3474.5376407586446,-29597.991760505764,0.3613575534955751,0.2916458989369856,0.06971165455858946
90000.0,5000.0,488.5890525504721,-4204.33853475091,-31173.692356500607,0.3626151535377799,0.289488067232858,0.07312708630492187
95000.0,5000.0,512.9722868821998,-4935.982164251218,-32750.62144283415,0.36374811874509105,0.28755291835059277,0.07619520039449829
100000.0,5000.0,537.3404328300944,-5669.194985670176,-34328.59665711345,0.36477418416664376,0.2858076849061506,0.07896649926049315
105000.0,5000.0,561.6956245763892,-6403.755044055528,-35907.47002937035,0.36570785961714386,0.28422572572079946,0.0814821338963444
110000.0,5000.0,586.0396119321928,-7139.480359051951,-37487.12023936797,0.36656113334304474,0.2827851584988867,0.08377597484415805
115000.0,5000.0,610.3738431418298,-7876.220313249702,-39067.4468754998,0.3673439986502144,0.28146784295852534,0.08587615569168905
120000.0,5000.0,634.6995271653202,-8613.849174806695,-40648.3661165378,0.3680648534916544,0.2802586139448104,0.08780623954684402
125000.0,5000.0,657.7086971312515,-9424.395498349848,-42256.563665566566,0.3682520013871026,0.2785902402237226,0.08966176116338004
130000.0,5000.0,676.7691674500945,-10609.606585190173,-44102.53772346012,0.36642680425448415,0.2754453265975151,0.09098147765696907
135000.0,5000.0,695.8138847646532,-11796.455984476073,-45949.60398965071,0.36470989892763184,0.272531122953225,0.09217877597440682
140000.0,5000.0,714.8445243561384,-12984.769466961596,-47797.64631130773,0.36309208473196064,0.2698231415066287,0.09326894322533191
145000.0,5000.0,733.8625320906087,-14174.396662576677,-49646.56444171778,0.3615651524604704,0.2673002414383994,0.09426491102207096
150000.0,5000.0,752.8691623895409,-15365.207111487762,-51496.27140765851,0.3601217580949133,0.2649440759877651,0.09517768210714822
155000.0,5000.0,771.8655089006145,-16557.087074336094,-53346.69138289073,0.3587553145853042,0.26273864564185245,0.09601666894345173
160000.0,5000.0,790.8525294551457,-17749.93693666483,-55197.75795777656,0.3574598989244961,0.2606699344062497,0.0967899645182464
165000.0,5000.0,809.8310665164474,-18943.669082289467,-57049.412721526314,0.356230172178772,0.2587256116761401,0.0975045605026319
170000.0,5000.0,828.8018640417623,-20138.20613965673,-58901.604093104484,0.3550613105030576,0.25689478630797813,0.09816652419507949
175000.0,5000.0,847.7655814707878,-21333.47952703808,-60754.28635135872,0.35394894548293204,0.25516780253108845,0.09878114295184359
180000.0,5000.0,866.722805396274,-22529.428238787506,-62607.41882585834,0.3528891124103969,0.253536069623806,0.0993530427865909
185000.0,5000.0,882.4622326876769,-24091.027800481606,-64714.65186698774,0.3505191258398359,0.2510780903228163,0.0994410355170196
190000.0,5000.0,897.4374321845819,-26011.107052803476,-67153.87136853565,0.34724348527887267,0.24853937109136073,0.09870411418751193
195000.0,5000.0,912.4040874887781,-27932.074901167085,-69593.68326744472,0.34412986591970274,0.24613004787935747,0.09799981804034527
200000.0,5000.0,927.362836074355,-29853.865048267086,-72034.04336551139,0.3411665438662756,0.24384047387728028,0.09732606998899532
205000.0,5000.0,942.3142535391305,-31606.41763193043,-74304.91175462029,0.3387405243807471,0.24166193793787252,0.09707858644287456
210000.0,5000.0,957.2588609342971,-33359.6784628331,-76576.2523085554,0.3364205726374572,0.2395865538234894,0.09683401881396783
215000.0,5000.0,972.1971310762849,-35113.59836806638,-78848.03224537759,0.334199893672993,0.23760716482096036,0.09659272885203266
220000.0,5000.0,987.1294940019988,-36698.13262379213,-80950.22174919475,0.33243786672951314,0.23571726129251822,0.09672060543699493
225000.0,5000.0,1002.056341700061,-38053.24046319365,-82822.7936421291,0.33122776202068577,0.23391090916127907,0.0973168528594067
230000.0,5000.0,1016.9780322277354,-39408.88464831552,-84695.72309887702,0.33005990235949023,0.23218268767602537,0.09787721468346486
235000.0,5000.0,1031.894893304621,-40765.031096319406,-86568.98739754627,0.32893213337771704,0.23052763508034013,0.09840449829737691
240000.0,5000.0,1046.8072254590847,-42121.648552255196,-88442.56570150347,0.3278424430932407,0.22894120103914978,0.0989012420540909
245000.0,5000.0,1061.71530479106,-43478.70830172977,-90316.43886781984,0.32678895050821494,0.22741920486206815,0.09936974564614678
250000.0,5000.0,1076.619385404691,-44836.183917912145,-92190.5892786081,0.32576989526478556,0.22595779871589067,0.09981209654889489
255000.0,5000.0,1091.5197015559581,-46194.05103818036,-94065.00069212024,0.324783628248592,0.22455343514467968,0.10023019310391235
260000.0,5000.0,1106.1378652201893,-47581.26201710032,-95958.97467806688,0.32374706046395696,0.22314663409727442,0.10060042636668254
265000.0,5000.0,1119.7016809922095,-49078.12517681022,-97926.05011787348,0.32244025270231896,0.2215847201732159,0.10085553252910306
270000.0,5000.0,1133.261723362084,-50575.38077034327,-99893.38718022885,0.3211737915153986,0.2200804051882567,0.1010933863271419
275000.0,5000.0,1146.8181973703568,-51992.757473482896,-101780.72164898859,0.32008365802158806,0.21863056071643822,0.10145309730514984
280000.0,5000.0,1160.371293466432,-53340.73547949108,-103598.54031966072,0.3191428808093145,0.21723228085804663,0.10191059995126789
285000.0,5000.0,1173.921188783808,-54689.04636648398,-105416.58091098932,0.3182282835291055,0.2158828627999251,0.10234542072918038
290000.0,5000.0,1187.4680482838673,-56087.6729784778,-107284.83198565186,0.3172572743694752,0.21457978937866135,0.10267748499081386
295000.0,5000.0,1201.0120257837607,-57561.59931848888,-109228.28287899258,0.3161930105840746,0.21332071340996692,0.1028722971741077
300000.0,5000.0,1214.5532648818587,-59035.81045228671,-111171.9236348578,0.3151586528916095,0.21210344357899763,0.10305520931261186
60000.0,10000.0,323.83283415324985,3848.5147519379825,-20697.623498708017,0.33807081662254546,0.29151906682309037,0.04655174979945509
65000.0,10000.0,352.2256387794167,3033.8664330593383,-22496.555711293775,0.3418549431483303,0.29181908763829056,0.05003585551003975
70000.0,10000.0,380.60219395037956,2567.528170839476,-23946.61455277368,0.3472464968053292,0.2920623647573894,0.055184132047939816
75000.0,10000.0,408.9655070423605,2249.812732405495,-25247.591511729668,0.35289286647919926,0.29226274484913894,0.06063012163006032
80000.0,10000.0,435.23903361272426,1714.7594957233232,-26693.46033618445,0.35624791040235576,0.29103993811868806,0.0652079722836677
85000.0,10000.0,459.8990969564659,1011.9060834724514,-28251.195944351697,0.3580186839587743,0.2889511507628465,0.06906753319592779
90000.0,10000.0,484.514464511334,304.4043091787389,-29812.03046054751,0.3595911247354509,0.2870738817121983,0.07251724302325263
95000.0,10000.0,509.09177111258623,-407.0558042910343,-31375.503869527354,0.3609964490213,0.28537764755567335,0.07561880146562666
100000.0,10000.0,533.6364003063924,-1121.9143681351925,-32941.24291209013,0.36225969733593216,0.28383753545203144,0.07842216188390072
105000.0,10000.0,558.1527660498854,-1839.712330811919,-34508.94155387461,0.36340118113868647,0.28243299048882914,0.08096819064985733
110000.0,10000.0,582.6445215878839,-2560.069754860073,-36078.34650324004,0.3644375428227577,0.2811469054839275,0.08329063733883019
115000.0,10000.0,607.1147165625333,-3282.6694774965363,-37649.246318331025,0.3653825440380976,0.27996492906647275,0.08541761497162487
120000.0,10000.0,630.3102457476516,-4137.834442244224,-39308.52296149615,0.3655194912331648,0.27832047806526516,0.08719901316789963
125000.0,10000.0,649.6970200748522,-5325.1099122153755,-41167.87327481025,0.3637662524174529,0.27519667853680485,0.08856957388064807
130000.0,10000.0,669.0440569210866,-6480.518080206988,-42993.978720137995,0.3622441557240814,0.27230120346808573,0.08994295225599569
135000.0,10000.0,688.3555822393249,-7639.6194471102135,-44822.546298073474,0.36080063982869304,0.26960991139499335,0.09119072843369969
140000.0,10000.0,707.6352432751297,-8802.034699386502,-46653.323132924335,0.3594302634436464,0.2671019471727501,0.09232831627089633
145000.0,10000.0,726.8862043486939,-9967.434747735824,-48486.089831823876,0.3581280005507879,0.2647592013822258,0.09336879916856211
150000.0,10000.0,746.1112242229216,-11135.532680816155,-50320.65512054411,0.3568892169108179,0.2625658730109629,0.09432334389985497
155000.0,10000.0,765.3127190593918,-12306.077217823258,-52156.85147854884,0.3557096438644456,0.26050811310968797,0.09520153075475762
160000.0,10000.0,784.4928140000296,-13478.847343996917,-53994.53156266461,0.35458535132035485,0.2585737324611542,0.09601161885920062
165000.0,10000.0,803.6533857018991,-14653.647887002495,-55833.56525800166,0.3535127211062929,0.2567519602399717,0.09676076086632118
170000.0,10000.0,822.796097623725,-15830.3058471326,-57673.837231421734,0.35248842138747993,0.25503324358285273,0.0974551778046272
175000.0,10000.0,841.9224294653692,-17008.667335601604,-59515.24489040107,0.35150938254735464,0.2534090802030469,0.09810030234430772
180000.0,10000.0,857.9097433383608,-18513.48669281046,-61574.29112854031,0.3493008444798989,0.25095804917528164,0.09834279530461726
185000.0,10000.0,873.1399781416188,-20128.042273271647,-63716.828182181096,0.3468162721727859,0.24842572313674563,0.09839054903604025
190000.0,10000.0,888.3486599325753,-22023.839367012173,-66139.85957800811,0.34372678668740636,0.24602229562905517,0.09770449105835119
195000.0,10000.0,903.5373967609725,-23921.710736858862,-68564.27382457258,0.34078563156877023,0.2437381701540255,0.09704746141474474
200000.0,10000.0,918.7076405915873,-25821.505378474918,-70989.9702523166,0.33798239305229355,0.24156467967255182,0.09641771337974173
205000.0,10000.0,933.8607057935052,-27553.08659747547,-73246.85773165032,0.33570166639311094,0.2394939767476587,0.09620768964545223
210000.0,10000.0,948.9977850620089,-29286.330353551064,-75504.85356903405,0.3335172870279157,0.23751893890772444,0.09599834812019128
215000.0,10000.0,964.1199631795947,-31021.12382932214,-77763.88255288142,0.3314233079724527,0.23563308682549172,0.09579022114696095
220000.0,10000.0,979.2282289506926,-32587.364189127955,-79853.8761260853,0.3297769395521966,0.2338305133329477,0.09594642621924893
225000.0,10000.0,994.3234855867446,-33924.95749897856,-81714.77166598571,0.3286716815710613,0.23210582163415416,0.09656585993690714
230000.0,10000.0,1009.4065597714155,-35263.8177837728,-83576.51185584853,0.3276025833413239,0.23045407135505877,0.09714851198626515
235000.0,10000.0,1024.4782095975777,-36603.86620185191,-85439.04413456794,0.32656795306228514,0.2288707312946763,0.09769722176760884
240000.0,10000.0,1039.5391315365605,-37945.03032019772,-87302.32021346515,0.32556619813596455,0.22735163792626784,0.09821456020969671
245000.0,10000.0,1054.589966574581,-39287.24347624356,-89166.29565082904,0.32459581851956243,0.22589295884842156,0.09870285967114087
250000.0,10000.0,1069.6313056301942,-40630.444214459785,-91030.92947630653,0.3236554005351704,0.224491160510688,0.0991642400244824
255000.0,10000.0,1084.3904942680745,-42002.98859612025,-92915.12573074683,0.32266231994220557,0.22308677541872998,0.09957554452347558
260000.0,10000.0,1098.1100306711571,-43483.65681019965,-94871.40454013311,0.32139745476031095,0.22152713953422576,0.0998703152260852
265000.0,10000.0,1111.8200485409338,-44965.31495174287,-96828.34330116192,0.32017058069732196,0.22002497497422996,0.100145605723092
270000.0,10000.0,1125.5210650990462,-46447.9092296992,-98785.9061531328,0.3189800382879541,0.21857716266992724,0.10040287561802688
275000.0,10000.0,1139.2135607604941,-47851.139680908615,-100663.8097872724,0.3179611595213104,0.21718080523656239,0.10078035428474799
280000.0,10000.0,1152.8979823504608,-49185.45983555207,-102472.52322370138,0.3170874576424673,0.21583320762310435,0.10125425001936297
285000.0,10000.0,1166.574745989559,-50520.57641708586,-104281.76761139058,0.3162367990045944,0.21453185975391872,0.10170493925067567
290000.0,10000.0,1180.2442396867036,-51906.44907258279,-106141.51604838853,0.31532728069140104,0.21327442092724797,0.10205285976415307
295000.0,10000.0,1193.9068256735954,-53368.04012994608,-108076.74341996406,0.3143224093199704,0.21205870576651148,0.10226370355345893
300000.0,10000.0,1207.5628425103755,-54830.31437892096,-110012.42625261398,0.31334474142190194,0.21088267154706253,0.10246206987483941
60000.0,15000.0,322.97115860133556,8501.400494538902,-19176.533003640732,0.33717125571711404,0.2907433738534286,0.04642788186368546
65000.0,15000.0,351.41249189985274,7691.79915758469,-20972.100561610205,0.34106573802048146,0.29114539511172555,0.04992034290875591
70000.0,15000.0,379.83259055602383,7229.98941782648,-22419.14038811568,0.3465443408880295,0.2914717948898123,0.055072545998217204
75000.0,15000.0,406.2899676173585,6714.056632205284,-23852.262245196478,0.3505841662078845,0.29035069974304106,0.060233466464843455
80000.0,15000.0,431.2091413624597,6038.150701695813,-25392.032865536123,0.3529493995096475,0.28834518994454894,0.06460420956509855
85000.0,15000.0,456.05664214046817,5354.7907826086885,-26936.772811594208,0.3550274395195081,0.28653696524218675,0.06849047427732136
90000.0,15000.0,480.843109395078,4665.0833770881145,-28485.744415274592,0.35686636249973674,0.2848986109172788,0.07196775158245794
95000.0,15000.0,505.5771760363956,3969.926307785143,-30038.34912814324,0.35850425328323143,0.2834074981015542,0.07509675518167724
100000.0,15000.0,530.2659201675781,3270.0556974281208,-31594.096201714583,0.3599716429336039,0.2820448002200612,0.07792684271354272
105000.0,15000.0,554.9152000339382,2566.0808035295704,-33152.57946431362,0.3612932720038161,0.28079473747387007,0.08049853452994604
110000.0,15000.0,579.5299059597464,1858.51021981363,-34713.45985345758,0.3624893860576991,0.279643991591875,0.08284539446582412
115000.0,15000.0,602.9117943640517,1022.726613861385,-36359.81559075908,0.3628530807202418,0.27802679318692747,0.08482628753331434
120000.0,15000.0,622.6248726996097,-194.61323924059252,-38260.54215949373,0.36106271194802836,0.27492691637834743,0.08613579556968093
125000.0,15000.0,642.2742290775202,-1354.5801759379028,-40101.686783958605,0.3596102215597673,0.27205255540737555,0.08755766615239174
130000.0,15000.0,661.8666401225114,-2484.4694272588167,-41910.77961817254,0.3583580479833674,0.26937999190985407,0.08897805607351333
135000.0,15000.0,681.4079544596507,-3619.672736196335,-43723.415157464224,0.35715905020136207,0.2668887170611147,0.09027033314024735
140000.0,15000.0,700.903246307847,-4759.662383983916,-45539.24158932261,0.35601086981331603,0.2645609071165765,0.09144996269673955
145000.0,15000.0,720.3569395452288,-5903.97828729621,-47357.952191530814,0.35491111111865625,0.2623809984054236,0.09253011271323264
150000.0,15000.0,739.7729086636378,-7052.217498981656,-49179.27833265443,0.35385739484053286,0.2603353404787984,0.09352205436173444
155000.0,15000.0,759.1545614836118,-8204.025605704366,-51002.983737136245,0.35284739424597056,0.2584119111645925,0.09443548308137806
160000.0,15000.0,778.504907362036,-9359.089634348253,-52828.85975623217,0.3518788587419456,0.2566000810249858,0.09527877771695975
165000.0,15000.0,797.8266137766624,-10517.132167227115,-54656.721444818075,0.3509496285651507,0.2548904175148463,0.0960592110503044
170000.0,15000.0,817.1220535344643,-11677.906432415723,-56486.40428827715,0.3500576431549595,0.2532745212548112,0.09678312190014832
175000.0,15000.0,833.3572539890449,-13156.945585139314,-58528.26372342621,0.3479333529302267,0.2508310597545226,0.09710229317570412
180000.0,15000.0,848.8425240986558,-14713.977493739789,-60622.11832915986,0.3456090955959324,0.248305681989211,0.0973034136067214
185000.0,15000.0,864.2932323763724,-16305.603832857261,-62749.36922190484,0.34330229335613216,0.2459086476744401,0.09739364568169206
190000.0,15000.0,879.71195744759,-18179.55642545063,-65157.83761696708,0.3403850064533207,0.24363041790372317,0.09675458854959754
195000.0,15000.0,895.101027644044,-20056.593125019426,-67568.36208334628,0.3376037008728565,0.241462375949297,0.0961413249235595
200000.0,15000.0,910.4625506527134,-21936.49473211782,-69980.79648807854,0.3349491155379392,0.239396718482338,0.0955523970556012
205000.0,15000.0,925.7984390477328,-23649.06233903578,-72225.00822602386,0.33280346501824765,0.23742636183189375,0.0953771031863539
210000.0,15000.0,941.1104323571907,-25364.115034852162,-74470.87668990144,0.33074534328120675,0.2355448609122558,0.09520048236895096
215000.0,15000.0,956.4001162013242,-27081.487915062273,-76718.29194337485,0.3287695539581268,0.2337463388659212,0.0950232150922056
220000.0,15000.0,971.6689389457533,-28631.03034964166,-78797.15356642778,0.3272311800966224,0.23202542580582272,0.09520575429079967
225000.0,15000.0,986.9182262382096,-29952.604471226194,-80647.36964748413,0.32622388759069826,0.23037720531318748,0.09584668227751078
230000.0,15000.0,1002.1491937360702,-31276.083851448697,-82498.85590096579,0.3252472074638667,0.22879716756939486,0.09645003989447185
235000.0,15000.0,1017.3629582820611,-32601.35233866566,-84351.53489244377,0.3242998588892087,0.2272811681817943,0.0970186907074144
240000.0,15000.0,1032.5605477444706,-33928.30303457506,-86205.33535638338,0.3233806228895515,0.22582539191262122,0.09755523097693028
245000.0,15000.0,1047.7429097044303,-35256.83739073925,-88060.19159382617,0.3224883396892493,0.22442632064321882,0.09806201904603046
250000.0,15000.0,1062.6431233159594,-36614.71517514021,-89934.61011676014,0.32154087477847154,0.22302450078473826,0.09851637399373328
255000.0,15000.0,1076.5183803501045,-38079.188443589126,-91880.09229572609,0.32031995844692523,0.2214672808556813,0.09885267759124394
260000.0,15000.0,1090.378373719784,-39545.24913314248,-93826.63275542832,0.31913453502017125,0.21996739433523985,0.0991671406849314
265000.0,15000.0,1104.2239328277353,-41012.81098591552,-95774.17399061035,0.3179831288860954,0.2185217324559005,0.09946139643019491
270000.0,15000.0,1118.055828054556,-42481.79388232618,-97722.66258821746,0.31686434123694374,0.21712740719005136,0.09973693404689238
275000.0,15000.0,1131.874775917113,-43871.87330462024,-99591.79886974682,0.31591286180203015,0.21578173200162,0.10013112980041014
280000.0,15000.0,1145.6814436952507,-45193.47985569392,-101392.03657046262,0.31510265592523823,0.21448220457709793,0.1006204513481403
285000.0,15000.0,1159.4764535896466,-46516.298826676764,-103193.08255111784,0.3143125834541859,0.21322649130250534,0.10108609215168055
290000.0,15000.0,1173.2603864653322,-47890.26980760545,-105044.89653840363,0.313461396181236,0.21201241328379253,0.10144898289744345
295000.0,15000.0,1187.0337852282596,-49340.33633626101,-106972.44089084068,0.31251292922849616,0.21083793373457632,0.10167499549391984
300000.0,15000.0,1200.7971578762022,-50791.44558087495,-108900.68038724996,0.3115891460792778,0.20970114657770084,0.10188799950157695
60000.0,20000.0,312.099712926249,12113.270144329901,-18349.453237113397,0.3258218243759275,0.2809567390098496,0.04486508536607792
65000.0,20000.0,340.5765971466102,11307.366103247463,-20142.55593116836,0.3305488880896595,0.28216785181989246,0.04838103626976703
70000.0,20000.0,367.2178246989158,10660.553768687249,-21712.930820875168,0.3350351238589986,0.2817916133100706,0.05324351054892801
75000.0,20000.0,392.39610884537655,10011.595319919164,-23234.736453387224,0.3385952733451082,0.2804216049139627,0.05817366843114552
80000.0,20000.0,417.47574284652546,9352.37725603865,-24763.381829307567,0.3417084625849099,0.2791618053086174,0.0625466572762925
85000.0,20000.0,442.47137075449285,8684.42255846726,-26297.851627688495,0.3444516827610858,0.2780014411970619,0.0664502415640239
90000.0,20000.0,467.39487484332193,8008.966983705483,-27837.322010863016,0.3468855133355133,0.2769305579947671,0.0699549553407462
95000.0,20000.0,492.25599736219385,7327.023725668165,-29381.117516221224,0.3490582192456835,0.2759401477171541,0.0731180715285294
100000.0,20000.0,517.0628015569154,6639.431361919196,-30928.679092053873,0.351008690351953,0.27502215213125075,0.07598653822070223
105000.0,20000.0,541.8220184338825,5946.889917123779,-32479.540055250814,0.35276858495084845,0.27416940717140137,0.07859917777944708
110000.0,20000.0,565.3902660573749,5130.487669966991,-34112.97488668867,0.353645201599609,0.2728211075589575,0.0808240940406515
115000.0,20000.0,585.4296484012904,3947.083433734202,-35991.07771084386,0.3523317232356367,0.269965074996161,0.0823666482394757
120000.0,20000.0,605.3813243108766,2754.557728331165,-37875.26151444589,0.3510631076632718,0.26731283638603975,0.08375027127723206
125000.0,20000.0,625.254621082621,1617.8805925925917,-39700.87960493827,0.3500809197057965,0.2648434418583322,0.08523747784746433
130000.0,20000.0,645.0575887210947,509.8892269938442,-41495.37384867077,0.3492570320331621,0.26253870114818667,0.08671833088497544
135000.0,20000.0,664.7972113439232,-604.6900202319885,-43294.26001348799,0.34845255184670676,0.26038274675276435,0.08806980509394241
140000.0,20000.0,684.4795779444589,-1725.2238937762668,-45097.115929184176,0.3476687705430166,0.25836167687575756,0.08930709366725903
145000.0,20000.0,704.1100213448069,-2851.1577801400854,-46903.57185342672,0.3469064519362155,0.25646326181621387,0.09044319012000163
150000.0,20000.0,723.6932320441169,-3982.0038674118405,-48713.30257827455,0.34616596357584867,0.25467670113352425,0.09148926244232441
155000.0,20000.0,743.2333520990958,-5117.331381694035,-50526.020921129355,0.3454473764767402,0.2529924217037586,0.0924549547729816
160000.0,20000.0,762.7340530065227,-6256.75848732164,-52341.47232488109,0.34475054114301396,0.251401908904054,0.09334863223895995
165000.0,20000.0,782.1986006804825,-7399.945529229808,-54159.43035281988,0.3440751456930477,0.2498975647894196,0.0941775809036281
170000.0,20000.0,798.6816877166519,-8853.204477468185,-56184.10298497879,0.3421577327692629,0.2475587596937716,0.09459897307549131
175000.0,20000.0,814.4219931326159,-10383.712714207955,-58260.2751428053,0.3400277293014049,0.2451317614948486,0.09489596780655629
180000.0,20000.0,830.1147278970926,-11919.168298702367,-60339.74553246824,0.3379840102308937,0.24282737703161955,0.09515663319927414
185000.0,20000.0,845.7634412111306,-13490.202114042404,-62453.26807602827,0.33594215264908617,0.2406365528385174,0.09530559981056877
190000.0,20000.0,861.3713377734239,-15344.480871563923,-64848.62058104262,0.33328851095465534,0.2385511043875186,0.09473740656713675
195000.0,20000.0,876.9413185888445,-17202.70286676017,-67246.60191117345,0.3307544349302777,0.23656361440217008,0.0941908205281076
200000.0,20000.0,892.4760161103799,-19064.594324520483,-69647.02954968033,0.3283320681566624,0.23466734510699497,0.09366472304966741
205000.0,20000.0,907.9778246117097,-20759.906240382203,-71879.73749358814,0.3263973597766326,0.23285616223693015,0.09354119753970244
210000.0,20000.0,923.4489265288788,-22458.41164099661,-74114.57442733107,0.32453835565551764,0.23112446901052008,0.09341388664499756
215000.0,20000.0,938.8913153816857,-24159.90320030469,-76351.40213353645,0.3227507752709413,0.2294671485770509,0.09328362669389043
220000.0,20000.0,954.3068157819268,-25694.19115867962,-78420.09410578641,0.321384098005014,0.2278795136967552,0.09350458430825881
225000.0,20000.0,969.6971009514862,-27001.10150104543,-80260.53433403028,0.3205314783410129,0.226357262616389,0.09417421572462392
230000.0,20000.0,985.0637081044847,-28310.474357133586,-82102.61623808906,0.3197021184446156,0.2248964402690206,0.09480567817559502
235000.0,20000.0,1000.4080519912834,-29622.162592906534,-83946.24172860435,0.3188952255940632,0.22349340406397353,0.09540182153008966
240000.0,20000.0,1015.7314368555894,-30936.030567018694,-85791.32037801246,0.31811002798467,0.2221447936461813,0.09596523433848866
245000.0,20000.0,1030.7726754407677,-32279.241754160175,-87655.96116944011,0.3172650137939969,0.22079129987526946,0.09647371391872744
250000.0,20000.0,1044.8036531059752,-33727.52007697857,-89590.64671798571,0.31614290180801335,0.21928040377742816,0.09686249803058519
255000.0,20000.0,1058.8136219755568,-35177.983314542085,-91526.78887636139,0.3150518761081884,0.21782496060645087,0.09722691550173754
260000.0,20000.0,1072.8037236333478,-36630.51274213182,-93464.30849475454,0.31399074464551147,0.2164219737004938,0.09756877094501767
265000.0,20000.0,1086.7750184255412,-38084.9980837437,-95403.13205582913,0.31295836875155764,0.21506865840879325,0.09788971034276439
270000.0,20000.0,1100.7284925606891,-39541.33677368834,-97343.19118245889,0.3119536609212666,0.213762423675908,0.09819123724535858
275000.0,20000.0,1114.6650644778656,-40919.18329430198,-99204.17219620133,0.31110953080885145,0.21250085551190412,0.09860867529694733
280000.0,20000.0,1128.5855905695125,-42228.94858077068,-100996.5157205138,0.31040069557240846,0.21128170212703823,0.09911899344537023
285000.0,20000.0,1142.490870333992,-43540.29948526484,-102789.9163235099,0.30970810654736086,0.21010286053870927,0.09960524600865159
290000.0,20000.0,1156.3816510230672,-44903.15829360101,-104634.32219573401,0.30895188402303064,0.20896236448339436,0.09998951953963628
295000.0,20000.0,1170.2586318411406,-46342.45228852137,-106554.68485901425,0.30809649863612026,0.20785837348765324,0.10023812514846703
300000.0,20000.0,1184.1224677458924,-47783.11335442719,-108475.95890295146,0.30726231000645676,0.2067891629706291,0.10047314703582766
60000.0,25000.0,200.90059208977772,4921.290671438612,-24601.6825837415,0.20973360346654168,0.18085365952268612,0.02887994394385557
65000.0,25000.0,228.5818250994078,4032.6389044401367,-26449.95042840715,0.22185161504678655,0.18938013678492777,0.03247147826185878
70000.0,25000.0,255.22584496427925,3386.116970386771,-28020.131717776065,0.23285803909364894,0.19585242810552092,0.03700561098812802
75000.0,25000.0,326.95778461876745,7578.7386944535465,-26314.21723506488,0.2821290985301955,0.23365681930866783,0.04847227922152769
80000.0,25000.0,355.180814456363,7246.433797563484,-27624.920499658252,0.2907193822088915,0.23750581698126222,0.05321356522762927
85000.0,25000.0,382.9214774911425,6863.962753180553,-28969.067862580207,0.2980937434715283,0.24058669022207013,0.05750705324945815
90000.0,25000.0,410.26221643358224,6439.899603194281,-30340.94329590439,0.3044834832590634,0.2430795685536926,0.06140391470537079
95000.0,25000.0,437.26769927325915,5980.96981852068,-31736.063152353454,0.31006607387187773,0.24511578157700697,0.06495029229487076
100000.0,25000.0,463.98936459228344,5492.52301169921,-33150.86102356777,0.3149797253106885,0.24679275560327665,0.06818696970741187
105000.0,25000.0,489.42915998718496,4870.761732768966,-34654.53520952126,0.31865672919940674,0.24765789886860784,0.0709988303307989
110000.0,25000.0,511.464465484406,3894.933504479952,-36394.254028380616,0.3199152246970483,0.24679997220954228,0.07311525248750603
115000.0,25000.0,533.2169545108504,2889.6923632301696,-38153.58145588046,0.32090832596932056,0.2458877091497661,0.07502061681955446
120000.0,25000.0,554.7226503593888,1858.7847314781611,-39930.01987704847,0.32168593530376066,0.24494393718528767,0.07674199811847299
125000.0,25000.0,576.0117076166152,869.3466862297137,-41657.47857388077,0.3225097449333124,0.2439852790399791,0.07852446589333331
130000.0,25000.0,597.1095605118089,-103.97661267014337,-43362.194106480674,0.32329627082823026,0.24302383415214038,0.08027243667608988
135000.0,25000.0,618.0378117793749,-1094.9384808432806,-45078.66868526276,0.32394367632337445,0.24206837857045205,0.0818752977529224
140000.0,25000.0,638.8149279592972,-2101.6183981313516,-46805.62196345482,0.3244742542576723,0.2411252304947842,0.08334902376288808
145000.0,25000.0,659.4567885892371,-3122.36489261761,-48541.95295977898,0.3249063467351408,0.2401988807167096,0.08470746601843118
150000.0,25000.0,679.9771238961088,-4155.750020702952,-50286.70971183588,0.3252551300475357,0.23929245582548966,0.08596267422204604
155000.0,25000.0,700.3878665331946,-5200.532786446041,-52039.064888997935,0.3255332263100249,0.23840806119063468,0.08712516511939022
160000.0,25000.0,720.6994364318272,-6255.629516988236,-53798.29604269273,0.32575118382607837,0.2375470366779177,0.08820414714816066
165000.0,25000.0,738.1191544151701,-7611.478846720594,-55758.028929180975,0.32468538728308394,0.2358150207022981,0.08887036658078584
170000.0,25000.0,754.7668054941648,-9047.62313450512,-57771.29178770399,0.3233444598882574,0.2339469366830582,0.0893975232051992
175000.0,25000.0,771.3079552898306,-10494.843555755899,-59791.938735204516,0.3220272719066965,0.23215492622925604,0.08987234567744046
180000.0,25000.0,787.7515905444211,-11952.20548927848,-61819.34669088623,0.32073571602860956,0.23043519896216275,0.09030051706644682
185000.0,25000.0,804.1057145743227,-13449.8765901687,-63883.96075814638,0.31939546160176896,0.22878409948274706,0.0906113621190219
190000.0,25000.0,820.3774782091431,-15235.11317214738,-66233.28514613217,0.31742684733373594,0.22719812566240302,0.09022872167133292
195000.0,25000.0,836.573290352651,-17028.24870922255,-68587.87550418227,0.3155288957915845,0.2256739385898708,0.08985495720171369
200000.0,25000.0,852.6989117720732,-18828.684081602667,-70947.33241910236,0.31369851084315764,0.22420836659931942,0.08949014424383822
205000.0,25000.0,868.7595350107666,-20465.87926477853,-73141.29587455293,0.31229927738549346,0.2227984051437132,0.08950087224178024
210000.0,25000.0,884.7598527619356,-22109.34621865698,-75339.44051047189,0.31094140619632504,0.2214412137984475,0.08950019239787754
215000.0,25000.0,900.7041166015649,-23758.64277933551,-77541.47155092425,0.30962364563432404,0.22013411133124672,0.08948953430307732
220000.0,25000.0,916.5961876300806,-25243.367392369895,-79577.12129294717,0.30868420315636075,0.2188745695191317,0.08980963363722905
225000.0,25000.0,932.4395802940122,-26503.154555320987,-81386.14606824791,0.3082160778268287,0.21766020620606846,0.09055587162076023
230000.0,25000.0,948.2375004356735,-27767.670860588216,-83198.32360509272,0.30775018426093187,0.21648877795724972,0.09126140630368215
235000.0,25000.0,963.9928784387753,-29036.61154826563,-85013.450730211,0.30728733723095036,0.215358172564556,0.09192916466639436
240000.0,25000.0,979.453875400688,-30336.16786422672,-86848.98827418506,0.3067485049768171,0.21421073636393978,0.09253776861287732
245000.0,25000.0,993.9143891566739,-31739.774433604194,-88753.89265377005,0.3059202769912429,0.21289626236240564,0.09302401462883728
250000.0,25000.0,1008.3345832821059,-33147.57424455926,-90661.59252774008,0.3051078738139184,0.21162637966237835,0.09348149415154006
255000.0,25000.0,1022.7168505008623,-34559.318453808606,-92571.92200057297,0.30431121756496693,0.21039893428670553,0.0939122832782614
260000.0,25000.0,1037.0633978845287,-35974.77752590728,-94484.72804863876,0.30353018112533836,0.20921190193353414,0.09431827919180422
265000.0,25000.0,1051.376264515804,-37393.73939625465,-96399.869295537,0.30276459718743126,0.20806337913421097,0.09470121805322029
270000.0,25000.0,1065.657337172918,-38816.007839914804,-98317.21492464378,0.3020142658843469,0.2069515750175219,0.09506269086682498
275000.0,25000.0,1079.9083642889937,-40161.151019842946,-100156.39371126254,0.3014087327549634,0.2058748036508765,0.0955339291040869
280000.0,25000.0,1094.1309684037249,-41439.50019191089,-101927.79315930784,0.30092446375152526,0.20483147692643283,0.09609298682509243
285000.0,25000.0,1108.3266572939867,-42720.64854732365,-103701.058729583,0.30044682139660295,0.20382009795903056,0.09662672343757239
290000.0,25000.0,1122.4968339440545,-44054.4501757166,-105526.09314851165,0.29989883646985055,0.2028392549627154,0.09705958150713515
295000.0,25000.0,1136.6428054941603,-45465.769134505594,-107427.8057877043,0.2992463879730011,0.20188761557328203,0.0973587723997191
300000.0,25000.0,1150.7657912874727,-46879.47861200111,-109331.11210603465,0.2986067446051324,0.20096392158537826,0.09764282301975416
60000.0,30000.0,170.68369310867644,4434.539907592058,-25811.4520030352,0.17818815582515912,0.15365196388150362,0.0245361919436555
65000.0,30000.0,197.8459337762668,3491.9129370214578,-27695.703316748928,0.19202069070721617,0.16391543809135609,0.028105252615860082
70000.0,30000.0,224.70296544035676,2867.544230086809,-29251.115788038696,0.2050101623457944,0.1724301133772881,0.032580048968506276
75000.0,30000.0,251.300094638953,2366.14566674082,-30674.548163602685,0.21684471970504968,0.17958887528483256,0.03725584442021712
80000.0,30000.0,277.6740833758878,1841.5404953820325,-32113.451611175213,0.22727927491808853,0.18567785010475496,0.041601424813333565
85000.0,30000.0,353.3030443559629,6439.452437309854,-30137.343649889997,0.27503661524024214,0.2219776509896824,0.053058964250559754
90000.0,30000.0,381.7833763274235,6133.906962341753,-31430.207299868733,0.2833473998291019,0.22620591095467418,0.057141488874427715
95000.0,30000.0,409.8056035663702,5780.718595192207,-32754.83287796843,0.29059273017354176,0.2297215663991554,0.060871163774386366
100000.0,30000.0,436.4848446337019,5287.859666194709,-34172.57216396676,0.29630824962078983,0.23216329038247718,0.06414495923831265
105000.0,30000.0,459.8665325480638,4452.055209288337,-35818.941801904344,0.2994091425485875,0.23269880203669882,0.0667103405118887
110000.0,30000.0,482.82734391105356,3572.4795910392786,-37494.492214070386,0.30200302981144866,0.23298153263960866,0.06902149717184
115000.0,30000.0,505.42326421689404,2654.9553028466835,-39195.341739532116,0.30418112600073477,0.23307092457946235,0.07111020142127242
120000.0,30000.0,527.7007708768253,1704.315995479541,-40918.267944443534,0.3060158367970884,0.2330121266736432,0.07300371012344517
125000.0,30000.0,549.698769471381,788.6078493133246,-42596.57337522102,0.3077770947849689,0.23283972510273215,0.07493736968223674
130000.0,30000.0,571.4500753552825,-116.75633876092616,-44255.98283393719,0.3094033164843628,0.23258041325001322,0.0768229032343496
135000.0,30000.0,592.9825604716756,-1044.8778866560315,-45930.563865867254,0.31081100051434235,0.23225492712276768,0.07855607339157467
140000.0,30000.0,614.3200504318422,-1993.2789307987114,-47618.664561962374,0.31203253323489677,0.23187946504497398,0.0801530681899228
145000.0,30000.0,635.4830330852637,-2959.8287348428566,-49318.86443132514,0.31309476870137637,0.23146674035774925,0.08162802834362712
150000.0,30000.0,656.4892232312231,-3942.6849596630927,-51029.93524787197,0.31402010475502573,0.23102676976816816,0.08299333498685757
155000.0,30000.0,677.3540164315797,-4940.246466825993,-52750.80958598056,0.3148273247714453,0.2305674691317466,0.0842598556396987
160000.0,30000.0,695.4074823738672,-6230.1860088280955,-54666.60261398196,0.31431939470682246,0.22921065061383517,0.0851087440929873
165000.0,30000.0,712.6734690150722,-7602.023398142788,-56636.99420685842,0.313492286319107,0.22768560854232975,0.08580667777677728
170000.0,30000.0,729.7929227687978,-8989.100207755313,-58617.54541326678,0.3126455704268171,0.22620605126235357,0.08643951916446355
175000.0,30000.0,746.7785661542736,-10390.093295665836,-60607.37413854046,0.31178605474993454,0.22477185895222515,0.08701419579770939
180000.0,30000.0,763.6416902963825,-11803.82838488651,-62605.697531354235,0.3109192888550526,0.22338250655595,0.08753678229910261
185000.0,30000.0,780.3923507238422,-13260.259700430703,-64642.81840838371,0.3099763757081133,0.22203717492306907,0.08793920078504425
190000.0,30000.0,797.0395318837229,-15006.452859803117,-66966.11384796532,0.30839674726139643,0.22073483552733,0.08766191173406643
195000.0,30000.0,813.5912860524547,-16762.570426255013,-69296.02555893324,0.3068608131220295,0.21947431509372936,0.08738649802830015
200000.0,30000.0,830.0548511745935,-18527.859653552558,-71632.05171046495,0.30536801107260053,0.21825434488116574,0.08711366619143479
205000.0,30000.0,846.4367512667247,-20131.642043970918,-73803.73997074385,0.3042747447598912,0.2170735982021941,0.08720114655769709
210000.0,30000.0,862.7428823235831,-21743.304414057653,-75980.68155080167,0.3032037271787778,0.21593071889656687,0.08727300828221093
215000.0,30000.0,878.9785861112999,-23362.2912201351,-78162.50608818664,0.3021553351983552,0.21482434282955573,0.08733099236879946
220000.0,30000.0,895.1487137946089,-24818.097941070984,-80178.87723547722,0.30146128813667555,0.2137531140010271,0.08770817413564846
225000.0,30000.0,911.2576809952722,-26050.265352201983,-81969.48884289789,0.3012144424814887,0.21271569648486358,0.08849874599662513
230000.0,30000.0,927.309515598467,-27288.374553469737,-83764.06164374306,0.3009580133260119,0.21171078314009362,0.08924723018591829
235000.0,30000.0,943.0600310912472,-28557.8209422206,-85579.5259029103,0.30061467494686644,0.2106817274868315,0.08993294746003494
240000.0,30000.0,957.8215974987479,-29930.118035840525,-87463.55729865692,0.2999736388270981,0.20947966500367968,0.09049397382341842
245000.0,30000.0,972.5296128053457,-31307.984443954338,-89351.3015707328,0.2993381842313776,0.20831564756668192,0.09102253666469567
250000.0,30000.0,987.1873190741064,-32691.082992003212,-91242.53393609871,0.29870900886724355,0.20718805230725018,0.09152095655999337
255000.0,30000.0,1001.7977018392348,-34079.103184429885,-93137.0473977165,0.2980866876801559,0.20609533199205665,0.09199135568809924
260000.0,30000.0,1016.3635149862783,-35471.758617137355,-95034.65101952148,0.29747169018043007,0.20503601270653185,0.09243567747389822
265000.0,30000.0,1030.8873027917416,-36868.78468536916,-96935.16839834268,0.2968643952782401,0.20400869124069723,0.09285570403754287
270000.0,30000.0,1045.3714194934,-38269.93654839668,-98838.43630702769,0.29626510400833217,0.20301203228834647,0.0932530717199857
275000.0,30000.0,1059.8180467081713,-39594.73731806046,-100664.05348680355,0.295801407760618,0.20204476554393144,0.09375664221668653
280000.0,30000.0,1074.2292089687646,-40853.47644295878,-102422.3795700691,0.2954507805649368,0.20110568276081767,0.09434509780411912
285000.0,30000.0,1088.6067876119582,-42115.708264066634,-104183.03411747432,0.295101130101235,0.20019363481851238,0.09490749528272263
290000.0,30000.0,1102.9525332189944,-43431.25072093487,-105995.89575538647,0.29467716201178745,0.19930752883400185,0.0953696331777856
295000.0,30000.0,1117.268076781193,-44824.934190466214,-107885.85140174071,0.2941455616119953,0.19844632534267204,0.09569923626932325
300000.0,30000.0,1131.5549397406103,-46221.60044268682,-109777.79556988778,0.29362181206287896,0.19760903556679696,0.096012776496082
60000.0,35000.0,140.4660225882543,3892.708903656123,-27039.60824905514,0.14664190272212857,0.12644957368930865,0.020192329032819922
65000.0,35000.0,167.78732069862497,2966.623907134679,-28912.83158006944,0.16284710328642618,0.13901186470474314,0.023835238581683044
70000.0,35000.0,194.80277120393657,2358.7307596870814,-30457.260345034505,0.1777303992035214,0.1494856281005357,0.028244771102985705
75000.0,35000.0,221.55563483589424,1873.5285774106742,-31869.895133218775,0.19117847768457166,0.15833232108551618,0.03284615659905549
80000.0,35000.0,248.08138096900575,1364.7061752542795,-33298.27673465638,0.20305732426236894,0.16588950941808933,0.03716781484427961
85000.0,35000.0,274.4093660978481,835.3166286538763,-34740.36976572331,0.21362007615686365,0.17240934509071698,0.04121073106614667
90000.0,35000.0,300.5640963279665,287.9085725861951,-36194.475136435096,0.22306905029692797,0.17808364487778883,0.044985405419139146
95000.0,35000.0,325.9319776593044,-341.3317689546675,-37703.135364129004,0.23111802868146902,0.182705174833813,0.048412853847656034
100000.0,35000.0,403.97432479471746,4507.572333128293,-35559.6992960737,0.2742384450303565,0.21487116821452998,0.059367276815826514
105000.0,35000.0,428.4699794300908,3787.620415207115,-37128.833908021144,0.2789675265954828,0.21681171354136392,0.06215581305411888
110000.0,35000.0,452.4413865626597,3013.1467569942906,-38734.3163468297,0.28299695797508034,0.21831921700436424,0.0646777409707161
115000.0,35000.0,475.9582822122717,2191.4039045539394,-40371.31158178994,0.28644808512529296,0.21948344041571893,0.06696464470957403
120000.0,35000.0,499.0785590476911,1328.4126954375533,-42035.80572120086,0.2894176990128241,0.22037367166944005,0.06904402734338405
125000.0,35000.0,521.8506781993218,493.21308720714296,-43660.438793354464,0.29218491029588345,0.22104391569486767,0.07114099460101578
130000.0,35000.0,544.3155147591833,-337.94391056726454,-45270.37679187073,0.29471170403762487,0.22153663604362364,0.07317506799400122
135000.0,35000.0,566.5077862627265,-1197.4476741987455,-46899.21263429172,0.2969342837121999,0.2218854876748349,0.07504879603736497
140000.0,35000.0,588.4571700991438,-2082.2117552113777,-48544.88868830014,0.29889596043169764,0.22211733722275395,0.07677862320894369
145000.0,35000.0,610.1891861124222,-2989.5820898303937,-50205.63557804616,0.30063279764121864,0.22225377320505138,0.07837902443616726
150000.0,35000.0,631.7259000110364,-3917.263844374538,-51879.92341440891,0.302175003454792,0.2223122465592018,0.07986275689559019
155000.0,35000.0,650.5293125041542,-5129.208945090271,-53743.72014821941,0.3023594725547448,0.22143649191050258,0.08092298064424225
160000.0,35000.0,668.5214910294442,-6425.522378460126,-55663.76243713264,0.3021671117077612,0.22034885990169553,0.0818182518060657
165000.0,35000.0,686.3180190289668,-7742.18346650977,-57597.369829165735,0.3018989962187591,0.21926554391331177,0.08263345230544733
170000.0,35000.0,703.936389873687,-9077.372898658883,-59543.32945059848,0.3015685508723088,0.21819158027605282,0.08337697059625601
175000.0,35000.0,721.3920718169561,-10429.48197655889,-61500.56883586515,0.3011869892811372,0.21713081275312981,0.08405617652800737
180000.0,35000.0,738.6987927987495,-11797.082994452358,-63468.13618112747,0.30076370404283703,0.2160861435697609,0.08467756047307612
185000.0,35000.0,755.8687785003947,-13209.904481481266,-65476.18383914673,0.3002354703414864,0.21505972993598588,0.08517574040550052
190000.0,35000.0,772.9129523640969,-14914.810399656242,-67771.95445126339,0.2990615030874832,0.21405313863644276,0.08500836445104043
195000.0,35000.0,789.8411044832822,-16631.782579260966,-70075.76923766654,0.2979029983653431,0.21306746816382038,0.08483553020152274
200000.0,35000.0,806.6620348729566,-18359.905818734842,-72387.01806398245,0.29676205234913894,0.21210344558864982,0.08465860676048911
205000.0,35000.0,823.3836755424645,-19928.35518910602,-74535.15097756324,0.2959876887909339,0.2111615036604533,0.0848261851304806
210000.0,35000.0,840.0131949415979,-21506.385171596135,-76689.67096588998,0.29521556978793945,0.21024184236423582,0.08497372742370363
215000.0,35000.0,856.557087679668,-23093.320326836867,-78850.12773605048,0.29444778067847605,0.20934447819811028,0.08510330248036577
220000.0,35000.0,873.0212518845383,-24518.547249530355,-80846.11235117946,0.294009371971452,0.2084692837107878,0.0855400882606642
225000.0,35000.0,889.4110561435834,-25721.507606589643,-82617.25258921899,0.2939930834059565,0.20761601928258758,0.0863770641233689
230000.0,35000.0,905.4904759717548,-26956.747944459814,-84409.91281446577,0.29387665083778286,0.20672935472915496,0.0871472961086279
235000.0,35000.0,920.5912842720854,-28293.76388122543,-86270.42343897618,0.29345242143296246,0.20566215902007373,0.08779026241288873
240000.0,35000.0,935.623147322555,-29637.950123976596,-88135.71426747696,0.29302145702929383,0.20462476935437182,0.08839668767492201
245000.0,35000.0,950.5903251400852,-30988.86363095345,-90005.48993879485,0.29258541655564063,0.20361625655898083,0.0889691599966598
250000.0,35000.0,965.496733864608,-32346.097123603075,-91879.47893389461,0.2921457426213231,0.20263569429360043,0.08951004832772266
255000.0,35000.0,980.3459797707318,-33709.275549366226,-93757.43121773671,0.29170368963105325,0.20168216576758577,0.09002152386346748
260000.0,35000.0,995.141389320941,-35078.05295614447,-95639.11615558887,0.2912603479807107,0.20075476887652632,0.09050557910418439
265000.0,35000.0,1009.8860357875976,-36452.10972361217,-97524.320667234,0.2908166649275234,0.1998526200733551,0.09096404485416829
270000.0,35000.0,1024.5827628922366,-37831.15010472972,-99412.84758797903,0.2903734626306466,0.19897485722649907,0.09139860540414754
275000.0,35000.0,1039.2342058448949,-39134.65003765325,-101224.26420992806,0.2900563375352246,0.19812064166801535,0.09193569586720923
280000.0,35000.0,1053.842810111074,-40372.85519397064,-102968.90098080631,0.2898438045070106,0.19728915959510895,0.09255464491190163
285000.0,35000.0,1068.410848187616,-41615.279234010246,-104716.35034083272,0.28962638511948324,0.19647962295679802,0.09314676216268522
290000.0,35000.0,1082.940434629659,-42911.70224403779,-106516.46568085109,0.2893305054326556,0.195691269932105,0.09363923550055059
295000.0,35000.0,1097.4335395377532,-44286.919333595986,-108394.11040722321,0.28892368047350087,0.1949233650857454,0.09400031538775547
300000.0,35000.0,1111.8920006861397,-45665.73937416378,-110274.15710093507,0.28851956948243557,0.19417519927082946,0.0943443702116061
60000.0,40000.0,110.87167595689334,3208.2035841825564,-28293.714038766848,0.11574637923626689,0.09980830880407267,0.015938070432194223
65000.0,40000.0,138.3054477689202,2293.81585263335,-30159.139193132985,0.13423327486321404,0.11458612076961078,0.019647154093603264
70000.0,40000.0,165.4371862959008,1698.0166594393304,-31695.505321928995,0.15093839262017442,0.126951385505384,0.023987007114790404
75000.0,40000.0,192.30768920439112,1225.04896192233,-33099.98378694033,0.16594067353044328,0.13743059533049776,0.028510078199945527
80000.0,40000.0,218.95072298995643,728.4244756211192,-34520.23344447447,0.17921356202546412,0.14641013316544588,0.03280342886001825
85000.0,40000.0,245.39447512239258,211.07469739447697,-35954.29996329223,0.19103278874754914,0.15417950686729032,0.036853281880258826
90000.0,40000.0,271.1350748921045,-379.4029265554782,-37437.11837925887,0.20122777270233974,0.1606470066814347,0.040580766020905046
95000.0,40000.0,294.9781178006414,-1167.226464067644,-39051.500737600305,0.2091686786299847,0.16535360835704965,0.04381507027293505
100000.0,40000.0,318.4538720270674,-1993.2480245193437,-40691.34844456811,0.2161827851880875,0.16938342687909153,0.04679935830899598
105000.0,40000.0,341.60139753842657,-2853.405371337991,-42353.95334244721,0.22240927375964165,0.17285501412944398,0.04955425963019766
110000.0,40000.0,420.3065934392247,2064.435002345017,-40164.55975999187,0.2628970091879435,0.20281302530380912,0.060083983884134384
115000.0,40000.0,444.82200849698336,1346.5381683519154,-41732.32431598727,0.2677092033429951,0.20512525665853584,0.06258394668445924
120000.0,40000.0,468.85601487198653,578.574831352249,-43333.46654065371,0.271891521950968,0.20702857217267842,0.06486294977828957
125000.0,40000.0,492.46743380043756,-169.33760008883837,-44899.90816161444,0.275733191466056,0.20859785081638554,0.06713534064967047
130000.0,40000.0,515.7058787235118,-920.0393280891294,-46456.20931361463,0.2792214334880167,0.20989250253297181,0.06932893095504489
135000.0,40000.0,538.6134891525273,-1705.14784347151,-48035.448323869554,0.28231352591694686,0.21096006022665348,0.07135346569029338
140000.0,40000.0,561.2262869612023,-2520.9168713693216,-49635.12767580143,0.28506453584807495,0.2118388470281243,0.07322568881995065
145000.0,40000.0,583.575247670712,-3364.1249575803085,-51253.09973327542,0.2875204335546672,0.21255997925861578,0.07496045429605144
150000.0,40000.0,603.2647166271372,-4483.920186112082,-53055.46321896327,0.28856109560772264,0.21229640010158857,0.07626469550613407
155000.0,40000.0,622.108732141886,-5691.642572578203,-54916.44480994069,0.2891498730442227,0.2117622873934832,0.07738758565073947
160000.0,40000.0,640.6969020133284,-6925.972905948205,-56795.165032187346,0.2895905890225916,0.21117770153325902,0.07841288748933259
165000.0,40000.0,659.052804456854,-8184.459051821526,-58689.98912943623,0.2899055169820402,0.21055482681524423,0.07935069016679597
170000.0,40000.0,677.197206808832,-9464.941207215816,-60599.477233032434,0.29011340122473256,0.20990352372415574,0.08020987750057681
175000.0,40000.0,695.1484722778785,-10765.50959843499,-62522.356160511874,0.2902300755003045,0.2092317876319701,0.0809982878683344
180000.0,40000.0,712.9228980515219,-12084.469317976065,-64457.49597353926,0.29026896159196297,0.20854611000359544,0.08172285158836753
185000.0,40000.0,730.5349979039803,-13451.310933320405,-66434.89038376881,0.2901727455018885,0.20785176452149753,0.08232098098039095
190000.0,40000.0,747.9977396502647,-15112.685791706812,-68701.64028935976,0.289421114811996,0.2071530349897412,0.08226807982225481
195000.0,40000.0,765.3227456451332,-16788.385168240493,-70977.93987371554,0.2886554515215253,0.20645339780014382,0.08220205372138145
200000.0,40000.0,782.5204628671625,-18477.32257714946,-73263.06481298819,0.28788063467277303,0.20575566872177165,0.08212496595100138
205000.0,40000.0,799.6003078379867,-20008.518700183733,-75386.36222834437,0.2874381094786219,0.20506212151849101,0.0823759879601309
210000.0,40000.0,816.5707906159798,-21551.088491272443,-77517.24208907018,0.2869769340238098,0.2043745842014543,0.08260234982235551
215000.0,40000.0,833.43962130667,-23104.230099440683,-79655.16982784901,0.2865009820746868,0.20369451743691055,0.08280646463777627
220000.0,40000.0,850.2138018998689,-24497.215317747992,-81629.65997338721,0.2863284546606901,0.20302307864841382,0.0833053760122763
225000.0,40000.0,866.6660425728227,-25693.682287760807,-83396.47128672908,0.28647476369811287,0.2023066303971323,0.08416813330098058
230000.0,40000.0,882.1485349883077,-26991.003076550347,-85230.51847925545,0.28630103119042327,0.2014002380507543,0.08490079313966897
235000.0,40000.0,897.5442032405222,-28297.353578320035,-87070.58548043524,0.28610581512545036,0.2005133893922907,0.08559242573315967
240000.0,40000.0,912.8585248721096,-29612.164128634948,-88916.29251397852,0.2858919595834043,0.1996460494160163,0.086245910167388
245000.0,40000.0,928.0965261608932,-30934.911994601454,-90767.29109128952,0.28566197396403226,0.19879808933930254,0.08686388462472971
250000.0,40000.0,943.2628276536108,-32265.116639358836,-92623.2608544611,0.2854180750761572,0.19796930562142911,0.08744876945472807
255000.0,40000.0,958.3616842953537,-33602.33554861756,-94483.90679396692,0.28516222341765907,0.197159435613293,0.08800278780436607
260000.0,40000.0,973.397020888517,-34946.160542928585,-96348.95679017427,0.28489615452618033,0.19636817044351765,0.08852798408266269
265000.0,40000.0,988.3724635033716,-36296.2145109837,-98218.15943554435,0.28462140613528114,0.1955951656321845,0.08902624050309665
270000.0,40000.0,1003.2913673694286,-37652.148508913786,-100091.28210083107,0.2843393417512905,0.19484004983197997,0.08949929191931053
275000.0,40000.0,1018.1568416991639,-38933.389178621306,-101887.85921396942,0.28417352207878316,0.19410243202312816,0.090071090055655
280000.0,40000.0,1032.971771830652,-40150.13644494655,-103618.19072485292,0.28410353557774654,0.19338190742930653,0.09072162814844001
285000.0,40000.0,1047.738839020961,-41371.86145715442,-105351.84073299149,0.28402258645134787,0.19267806237388768,0.09134452407746019
290000.0,40000.0,1062.460538176048,-42648.304745025365,-107138.6362582388,0.283858866732455,0.19199047825702484,0.09186838847543013
295000.0,40000.0,1077.1391937638402,-44004.22456389497,-109003.4161374852,0.28358074455751775,0.191318734802502,0.09226200975501575
300000.0,40000.0,1091.776974124061,-45364.395406432,-110871.03003250988,0.28330001686380235,0.19066241269747577,0.09263760416632658
60000.0,45000.0,81.80812433390378,2515.9009455796186,-29532.01804123146,0.08540498826265804,0.0736448733703171,0.01176011489234094
65000.0,45000.0,109.31873775590742,1609.5047414679866,-31392.115510639214,0.10610003011165482,0.09057061951607906,0.015529410595575763
70000.0,45000.0,136.53399743977656,1022.3917485903803,-32922.69083922429,0.12456825803786965,0.10477197135453015,0.019796286683339506
75000.0,45000.0,163.49207988206473,558.5323225883476,-34321.09712322564,0.14107592870968455,0.11683783400950147,0.02423809470018308
80000.0,45000.0,190.2248539168188,71.24082220277342,-35735.12479014936,0.15570112393632263,0.1272014351586155,0.028499688777707116
85000.0,45000.0,216.33817212490476,-480.4740841562889,-37192.10139438874,0.1684132632283401,0.13592364978124605,0.03248961344709406
90000.0,45000.0,240.83382305015658,-1200.4263879300997,-38761.23626357128,0.1787391536231805,0.1426935736589962,0.03604557996418428
95000.0,45000.0,264.91421633993434,-1963.5654857932095,-40359.16232881334,0.18785039715919388,0.1485009189952631,0.03934947816393078
100000.0,45000.0,288.62351330479964,-2765.2986014472117,-41982.81773924935,0.19593241112075171,0.15351686399747946,0.04241554712327225
105000.0,45000.0,311.9998277489382,-3601.661899256811,-43629.559937789076,0.20313633258765812,0.15787621193165685,0.04526012065600127
110000.0,45000.0,335.07622689476193,-4469.216388091139,-45297.09626367863,0.2095863811695149,0.16168631266960787,0.04790006849990702
115000.0,45000.0,357.88153988121996,-5364.963837499512,-46983.42789661755,0.2153854353036479,0.16503352199126883,0.050351913312379065
120000.0,45000.0,437.0331383497111,-400.69759677643015,-44763.08373613549,0.2534373056115198,0.19297682818335807,0.06046047742816171
125000.0,45000.0,461.54903627472845,-1054.5442125746195,-46266.81481333429,0.25842193829548665,0.19550153046728586,0.0629204078282008
130000.0,45000.0,485.62116724826774,-1718.5425913265353,-47765.313732502225,0.2629325048355382,0.19764801271805768,0.06528449211748052
135000.0,45000.0,509.29966914107865,-2423.4783944742085,-49291.10426793402,0.26694872712858364,0.1994786447782237,0.06747008235035995
140000.0,45000.0,532.6274010180175,-3164.8942792725575,-50841.21485779957,0.2705382594840286,0.20104399446108498,0.06949426502294362
145000.0,45000.0,553.3629565307349,-4175.896505949946,-52571.04967558451,0.2726352048169543,0.2015555303829972,0.0710796744339571
150000.0,45000.0,573.2056931947618,-5279.751892891145,-54362.78660021197,0.2741828890004472,0.2017182537433178,0.07246463525712937
155000.0,45000.0,592.7188335955108,-6417.885291213257,-56177.37553242671,0.2754897442043517,0.20175813245899923,0.07373161174535245
160000.0,45000.0,611.9337153255203,-7587.0375912922755,-58012.643732479395,0.2765898266513139,0.20169717550852573,0.07489265114278815
165000.0,45000.0,630.8778252987336,-8784.350154078085,-59866.68544100327,0.2775118486089503,0.20155345724812704,0.07595839136082325
170000.0,45000.0,649.5753735742333,-10007.305133426125,-61737.82209390195,0.27828012148408837,0.20134188160666253,0.07693823987742585
175000.0,45000.0,668.0477675370402,-11253.676161294206,-63624.569445814006,0.27891531340743636,0.20107478358874586,0.0778405298186905
180000.0,45000.0,686.3140060547,-12521.487355457575,-65525.61024192293,0.2794350615024304,0.20076240585745372,0.07867265564497669
185000.0,45000.0,704.3910089345991,-13839.979055948075,-67470.77137558325,0.2797882011893194,0.20041327867960404,0.07937492250971537
190000.0,45000.0,722.2938937422264,-15455.579035954841,-69707.00469558778,0.27947558243493487,0.20003452458722532,0.07944105784770955
195000.0,45000.0,740.0362095380082,-17087.878193193537,-71954.37080041357,0.27911817259057603,0.1996321040026998,0.07948606858787624
200000.0,45000.0,757.6301351572115,-18735.609928796388,-74212.02529081547,0.27872375804350286,0.19921101428053134,0.07951274376297152
205000.0,45000.0,775.0866481532906,-20227.63257720416,-76309.20705642065,0.27862600682295474,0.198775451776307,0.07985055504664773
210000.0,45000.0,792.4156693467293,-21732.914373086533,-78415.22825367557,0.2784878198863892,0.1983289444082224,0.0801588754781668
215000.0,45000.0,809.626186992305,-23250.520537946664,-80529.46569691565,0.2783149393869872,0.19787446054595634,0.08044047884103087
220000.0,45000.0,826.5002924831821,-24633.113566895438,-82497.02771621483,0.27834240163415824,0.19736051509489846,0.08098188653925978
225000.0,45000.0,842.4117092528417,-25885.826222850854,-84301.33615351844,0.27845754130196365,0.19664491965105566,0.081812621650908
230000.0,45000.0,858.2155638832636,-27149.72534128696,-86113.10223247585,0.27853359290190927,0.19593618535822038,0.08259740754368888
235000.0,45000.0,873.9187879965577,-28424.09003350437,-87931.84536062079,0.2785748560243304,0.1952354186034825,0.0833394374208479
240000.0,45000.0,889.5277301474118,-29708.26004981555,-89757.1253714949,0.27858514648942956,0.19454350518861316,0.0840416413008164
245000.0,45000.0,905.0482158677689,-31001.629534898413,-91588.53836155015,0.2785678564565522,0.19386114590764686,0.08470671054890533
250000.0,45000.0,920.4856004411143,-32303.641539270495,-93425.71303113153,0.27852600623174556,0.19318888629073613,0.08533711994100943
255000.0,45000.0,935.8448154131004,-33613.783182183935,-95268.30745974049,0.27846228903997333,0.19252714152917827,0.08593514751079506
260000.0,45000.0,951.1304096890058,-34931.58137748978,-97116.00625661107,0.2783791098168388,0.1918762174075057,0.08650289240933307
265000.0,45000.0,966.3465859390641,-36256.599047483716,-98968.51803660701,0.2782786189015134,0.19123632791718553,0.08704229098432786
270000.0,45000.0,981.4972329249754,-37588.43176094894,-100825.57317891716,0.2781627413702637,0.190607610104789,0.0875551312654747
275000.0,45000.0,996.5859542709785,-38846.45474096463,-102606.67183226097,0.2781529613912937,0.18999013660926986,0.08816282478202384
280000.0,45000.0,1011.6160941274994,-40040.82019588644,-104322.08213554216,0.2782299737771447,0.18938392626341055,0.08884604751373415
285000.0,45000.0,1026.5907601119934,-41240.95493349906,-106041.33862728391,0.27828973409682906,0.18878895306978138,0.08950078102704767
290000.0,45000.0,1041.5128438581614,-42496.55822389759,-107814.24082088294,0.2782622459111856,0.18820515380876132,0.09005709210242427
295000.0,45000.0,1056.3850394594542,-43832.34988136316,-109665.60192585998,0.27811675386404583,0.18763243449294184,0.09048431937110399
300000.0,45000.0,1071.2098600543745,-45173.06853949145,-111520.24769794551,0.27796315420697926,0.18707067584673592,0.09089247836024333
60000.0,50000.0,53.20028921591381,1833.9928234966355,-30751.059032682773,0.05553935031575022,0.047891680618162145,0.007647669697588073
65000.0,50000.0,80.76030567516199,932.734535258438,-32607.731224841573,0.07838245336397599,0.06690994670684507,0.011472506657130926
70000.0,50000.0,108.03343677417303,351.6401695555978,-34134.294135310134,0.09856546560675493,0.08290152163769844,0.015663943969056487
75000.0,50000.0,135.05523271124486,-105.59305298893014,-35528.282950339824,0.11653801453614988,0.09651575093431823,0.020022263601831652
80000.0,50000.0,161.54126935770506,-618.5452417570777,-36959.41774285192,0.13222329618449022,0.10802101237848699,0.024202283806003227
85000.0,50000.0,186.68952829967174,-1270.626311792541,-38483.305122875565,0.14533261681324797,0.11729562939904947,0.028036987414198494
90000.0,50000.0,211.37456065280128,-1970.8829470670607,-40039.3095463919,0.15687543215507982,0.12523901775153443,0.03163641440354539
95000.0,50000.0,235.64562907117272,-2714.19183155644,-41624.01546938483,0.16709607216037883,0.1320940527758719,0.03500201938450692
100000.0,50000.0,259.5452501179801,-3496.131242688469,-43234.47507680618,0.1761925979913181,0.13805033556457352,0.038142262426744566
105000.0,50000.0,283.11031081306794,-4312.864930399344,-44868.13086861343,0.18432699361166346,0.14325771828927963,0.04106927532238383
110000.0,50000.0,306.37297052583415,-5161.048320271657,-46522.753128528304,0.19163281971905186,0.1478359606857891,0.04379685903326275
115000.0,50000.0,329.3613948636431,-6037.752189139515,-48196.38904110687,0.19822102986498588,0.15188174003147673,0.046339289833509156
120000.0,50000.0,352.1003569681426,-6940.400130271562,-49887.32100186158,0.20418443807676387,0.15547381680601385,0.048710621270750015
125000.0,50000.0,374.61173335060244,-7802.71698649574,-51530.032239344364,0.2097456231781006,0.15867689334195145,0.05106872983614916
130000.0,50000.0,454.0613803334513,-2707.4537002794677,-49189.02338186685,0.24584491808018938,0.1848031665988813,0.06104175148130808
135000.0,50000.0,478.5663262283798,-3326.439327206899,-50657.513799818465,0.2508398873471099,0.1874412413295453,0.06339864601756459
140000.0,50000.0,500.536892880355,-4209.000395401497,-52301.72117861487,0.2542384780591004,0.18893120430430635,0.06530727375479403
145000.0,50000.0,521.5507241860154,-5191.061939612788,-54012.26220808906,0.2569617044884128,0.18996832295027316,0.06699338153813966
150000.0,50000.0,542.1445520403637,-6216.803842760564,-55751.92347685424,0.25932533695853144,0.1907874496230402,0.06853788733549124
155000.0,50000.0,562.3596168650286,-7281.937100995448,-57517.84564901084,0.2613790860351317,0.19142402710705064,0.06995505892808107
160000.0,50000.0,582.2319309660194,-8382.71643449238,-59307.531871342115,0.2631648245939277,0.19190728182749553,0.07125754276643217
165000.0,50000.0,601.7930815546056,-9515.856773279433,-61118.79209720016,0.2647179910994894,0.1922614352119602,0.0724565558875292
170000.0,50000.0,621.0708901698906,-10678.464677289769,-62949.69736654038,0.2660687116503762,0.19250665392357308,0.07356205772680313
175000.0,50000.0,640.0899575944418,-11867.981665136467,-64798.54202510485,0.26724270300253294,0.19265980062345728,0.07458290237907567
180000.0,50000.0,658.8721168082834,-13082.137106896931,-66663.81231961182,0.2682620037742392,0.19273503113133558,0.07552697264290362
185000.0,50000.0,677.4368115922509,-14349.908849364321,-68575.16014792341,0.26908183740377917,0.19274427241030537,0.0763375649934738
190000.0,50000.0,695.8014146399817,-15917.4901324003,-70779.38100328074,0.26922490595629983,0.19269760742889502,0.07652729852740481
195000.0,50000.0,713.9814961619069,-17504.261654120084,-72996.39535109392,0.26929116157249544,0.19260358677148823,0.07668757480100721
200000.0,50000.0,731.9910517431032,-19108.76787367568,-75225.23283079766,0.26929142246132826,0.19246948226492874,0.07682194019639951
205000.0,50000.0,749.8426964883769,-20559.696820167213,-77295.01879512535,0.2695513808239329,0.19230149443390146,0.07724988639003141
210000.0,50000.0,767.5478311338455,-22025.86281703846,-79374.9627930395,0.26974822737567733,0.19210492298454,0.07764330439113734
215000.0,50000.0,784.898662006152,-23528.876406318595,-81479.4718525596,0.26981467132713405,0.19183099783948365,0.0779836734876504
220000.0,50000.0,801.2916686094898,-24961.503719571454,-83480.39006139484,0.2698528354782715,0.19134093223716256,0.07851190324110893
225000.0,50000.0,817.5530799756348,-26177.816937492404,-85260.43220667547,0.2702405700601852,0.19084214755855078,0.07939842250163442
230000.0,50000.0,833.6915626566229,-27406.914738669642,-87048.9974074603,0.27057433597224095,0.19033719665155333,0.08023713932068763
235000.0,50000.0,849.7150385401919,-28647.97324677845,-88845.53641286616,0.2708595441296024,0.18982824665364909,0.0810312974759533
240000.0,50000.0,865.6307631484614,-29900.237887518422,-90649.54617335949,0.2711010177473695,0.18931713667216227,0.08178388107520723
245000.0,50000.0,881.445394260713,-31163.016251844238,-92460.56508291002,0.2713030640332007,0.1888054262640139,0.08249763776918681
250000.0,50000.0,897.1650522271192,-32435.671823338023,-94278.16879723921,0.27146953608808855,0.1882944363015216,0.08317509978656695
255000.0,50000.0,912.7953731239721,-33717.61845006532,-96101.96654839074,0.2716038864979961,0.18778528351524168,0.08381860298275443
260000.0,50000.0,928.3415557224079,-35008.31545982798,-97931.59788823251,0.27170921385268626,0.1872789097684906,0.08443030408419566
265000.0,50000.0,943.8084030946751,-36307.263333112176,-99766.72980375531,0.2717883032262202,0.1867761069283582,0.08501219629786202
270000.0,50000.0,959.2003595588767,-37613.99986083522,-101607.05415557067,0.271843661487566,0.18627753804492608,0.08556612344263992
275000.0,50000.0,974.5215435603388,-38847.84672468314,-103372.03539813595,0.2719946554727563,0.18578375542644052,0.08621090004631579
280000.0,50000.0,989.7757770016162,-40018.90644679032,-105071.90854620741,0.27222311910520514,0.18529521609742097,0.08692790300778416
285000.0,50000.0,1004.9666114607127,-41196.55966304429,-106776.1773570434,0.27242782805592647,0.18481229504447902,0.08761553301144745
290000.0,50000.0,1020.0973516759993,-42430.462680654484,-108534.61270211686,0.2725406429688474,0.18433529658731448,0.0882053463815329
295000.0,50000.0,1035.1710766245953,-43745.29528600047,-110372.00110568086,0.2725317083930853,0.18386446415706495,0.08866724423602038
300000.0,50000.0,1050.19065847708,-45065.758773342066,-112213.14343057523,0.27250898151196645,0.18339998871860988,0.08910899279335657
60000.0,55000.0,24.986613910547362,1193.0773219264884,-31942.771610458865,0.02608520223546402,0.022493316310305083,0.0035918859251589386
65000.0,55000.0,52.57479366628138,294.7480165228262,-33797.49114739464,0.05102681667951345,0.04355823833163329,0.007468578347880159
70000.0,55000.0,79.88561150567102,-282.42692818064097,-35321.441110530286,0.07288449510123507,0.061301750166679846,0.011582744934555224
75000.0,55000.0,106.74436659050525,-756.6163993578884,-36726.73409131511,0.09210880834194189,0.07628369884429488,0.01582510949764701
80000.0,55000.0,132.54523354918695,-1340.8262356549894,-38205.37398217985,0.10848972366689313,0.08863165660919861,0.019858067057694523
85000.0,55000.0,157.83490496566827,-1978.2004083409338,-39719.45676397048,0.12287009331509038,0.09916648613182967,0.023703607183260714
90000.0,55000.0,182.6677448375458,-2663.085061665668,-41265.21319952031,0.13557015245204285,0.10823028498646804,0.027339867465574805
95000.0,55000.0,207.09067248702218,-3390.6005861201265,-42839.39021582327,0.14684778194286507,0.11608722100518686,0.03076056093767822
100000.0,55000.0,231.14439473137423,-4156.513472707513,-44439.1654735482,0.15691264394296947,0.12294411568707765,0.03396852825589182
105000.0,55000.0,254.86440117044856,-4957.13280304378,-46062.078360439045,0.16593669340925063,0.1289648988056452,0.03697179460360542
110000.0,55000.0,278.28177407213525,-5789.226021268369,-47705.973839255435,0.17406209480665222,0.134280949591246,0.03978114521540621
115000.0,55000.0,301.42385193530686,-6649.94992349852,-49368.9564407422,0.18140725442708203,0.13899861924582277,0.04240863518125926
120000.0,55000.0,324.314776670876,-7536.793750999321,-51049.35232574273,0.1880714663419823,0.14320478573151008,0.04486668061047222
125000.0,55000.0,346.9759475387832,-8383.531980736981,-52681.67781223451,0.19427230880732102,0.1469710116322108,0.047301297175110224
130000.0,55000.0,369.42639986675863,-9216.184938627528,-54292.61311749487,0.2000205411550426,0.15035669510246585,0.04966384605257676
135000.0,55000.0,390.28637069672664,-10214.24797231087,-56013.821806617096,0.20456806902865968,0.1528644156264483,0.051703653402211364
140000.0,55000.0,466.8441898631551,-5419.734779002305,-53873.31301107806,0.23712489131128456,0.17621365431378347,0.06091123699750109
145000.0,55000.0,488.7012771157564,-6314.097704731757,-55525.3882948977,0.2407771810677051,0.17800332303675528,0.06277385803094981
150000.0,55000.0,510.0812931639433,-7258.076035720325,-57210.54051555674,0.24398843948197563,0.17950398774075588,0.06448445174121975
155000.0,55000.0,531.0310819504393,-8246.798001924748,-58925.52182635969,0.24681789853656283,0.18075997133763744,0.06605792719892539
160000.0,55000.0,551.5915489348258,-9276.009435548549,-60667.49611544222,0.24931558285043326,0.18180802049016848,0.06750756236026478
165000.0,55000.0,571.7985732244701,-10341.97890942554,-62433.97576469355,0.25152394445365756,0.1826787607067438,0.06884518374691376
170000.0,55000.0,591.683756595804,-11441.419838806818,-64222.7697176144,0.253479171723596,0.1833978406748874,0.07008133104870862
175000.0,55000.0,611.2750424500831,-12571.426109961787,-66031.94056505105,0.25521224428559414,0.1839868387361043,0.07122540554948983
180000.0,55000.0,630.5972303122722,-13729.418572294118,-67859.7688732726,0.25674978840738955,0.1844639858252411,0.07228580258214845
185000.0,55000.0,649.6724058769358,-14944.100313569113,-69735.72336745594,0.2580536541452678,0.1848447457136015,0.07320890843166633
190000.0,55000.0,668.5203023435308,-16461.41908104322,-71906.43587910534,0.25866908537609085,0.18514228351475046,0.07352680186134039
195000.0,55000.0,687.1586055168295,-18000.535551020163,-74091.6801924233,0.25917441846728345,0.1853678461065092,0.07380657236077426
200000.0,55000.0,705.6032126248381,-19559.796411787276,-76290.35409960138,0.25958362792624945,0.185531072674964,0.07405255525128546
205000.0,55000.0,723.8684528432448,-20967.711429072966,-78331.46411112517,0.2602142314815559,0.18564024949127422,0.0745739819902817
210000.0,55000.0,741.7574844535145,-22414.752141604913,-80398.6579194798,0.26068442702574146,0.18565001247368532,0.07503441455205614
215000.0,55000.0,758.6908955100849,-23961.17739172159,-82532.10808622425,0.2608055593925042,0.18542576077966394,0.07537979861284028
220000.0,55000.0,775.4648737588892,-25354.18365384596,-84506.61226097384,0.2611550864628044,0.18517373595021328,0.07598135051259111
225000.0,55000.0,792.0901547412024,-26532.654431685398,-86261.42611286679,0.2618238499727776,0.1848983141196177,0.07692553585315987
230000.0,55000.0,808.5765313083854,-27725.57126869836,-88025.87067087543,0.2624232604014183,0.18460327193075307,0.07781998847066521
235000.0,55000.0,824.9329548714247,-28932.003218142258,-89799.32530383802,0.2629598794412665,0.18429187354279047,0.078668005898476
240000.0,55000.0,841.1676238752582,-30151.09764174359,-91581.22158623891,0.2634395733572241,0.1839669438666637,0.07947262949056041
245000.0,55000.0,857.2880613397247,-31382.07214543906,-93371.0379220359,0.2638675966939775,0.18363093040840356,0.08023666628557397
250000.0,55000.0,873.3011830116251,-32624.20749156142,-95168.2948194508,0.264248664645186,0.18328595565378547,0.08096270899140051
255000.0,55000.0,889.2133574279685,-33876.84135226172,-96972.55072658433,0.2645870157917273,0.18293386157148311,0.08165315422024416
260000.0,55000.0,905.0304589887232,-35139.36278994322,-98783.39835170534,0.2648864666337227,0.1825762475264723,0.08231021910725037
265000.0,55000.0,920.7579149702044,-36411.20736786915,-100600.46140365595,0.26515045910940155,0.18221450266570244,0.08293595644369911
270000.0,55000.0,936.4007472711331,-37691.852808572585,-102423.39169745824,0.2653821021031977,0.18184983365239138,0.0835322684508063
275000.0,55000.0,951.9636095672449,-38900.56512977695,-104171.61657826115,0.26569860432317094,0.18148328847464013,0.08421531584853081
280000.0,55000.0,967.4508204530022,-40047.39519765822,-105855.33662351532,0.2660829715619278,0.1811157769313378,0.08496719463058999
285000.0,55000.0,982.8663930671188,-41201.67564579006,-107544.02358893657,0.26643686832864033,0.18074808829798059,0.08568878003065974
290000.0,55000.0,998.2140616295618,-42413.018115296014,-109287.4185686072,0.2666940579054405,0.18038090659268433,0.08631315131275616
295000.0,55000.0,1013.4973052592636,-43706.060777807026,-111110.28034361455,0.2668256081446362,0.18001482379487133,0.08681078434976486
300000.0,55000.0,1028.7193693921774,-45005.466107983986,-112937.38389706585,0.26693749877876377,0.1796503513130977,0.08728714746566607
60000.0,60000.0,2.883849441610323,-1591.9203419274709,32576.053105381685,0.0030106438659654043,0.0025729217446252284,0.00043772212134017595
65000.0,60000.0,24.715990300097133,94.96299121010816,-34829.85800585993,0.02398826924744624,0.020477208202234577,0.0035110610452116636
70000.0,60000.0,51.94746382330544,-490.4637623762392,-36359.30917491749,0.047394826191979704,0.03986287879717671,0.007531947394802993
75000.0,60000.0,78.4009387987021,-1006.802364934978,-37792.70157662332,0.06765150495801717,0.05602837691073208,0.011623128047285089
80000.0,60000.0,104.29524927853515,-1581.2940750323469,-39264.862716688236,0.08536680249462976,0.06974117795488693,0.015625624539742825
85000.0,60000.0,129.68986060391882,-2207.754497192451,-40771.66966479497,0.10095995735474798,0.08148316600700521,0.019476791347742772
90000.0,60000.0,154.63609485606418,-2880.8461349693243,-42309.564089979554,0.11476595921666077,0.09162158667010777,0.023144372546553008
95000.0,60000.0,179.17847864968036,-3595.9382204332505,-43875.45881362217,0.12705527412516113,0.10044069778991181,0.026614576335249315
100000.0,60000.0,203.35583181506286,-4348.993491233472,-45466.662327488986,0.13804834535748392,0.10816356996832442,0.0298847753891595
105000.0,60000.0,227.20215328062727,-5136.476058814762,-47080.81737254317,0.1479264027369408,0.11496742021128623,0.03295898252565457
110000.0,60000.0,250.74734690247124,-5955.275922142988,-48715.85061476199,0.15683962276933305,0.12099459967084096,0.03584502309849209
115000.0,60000.0,274.0178199911495,-6802.646720920457,-50369.93114728031,0.16491336060345216,0.12636059947802292,0.03855276112542924
120000.0,60000.0,297.0369798446578,-7676.154096155602,-52041.436064103735,0.1722529603203101,0.13115997207909214,0.04109298824121796
125000.0,60000.0,319.8256480049489,-8509.632607485313,-53664.92173832354,0.17907081886929366,0.13547077071663796,0.043600048152655696
130000.0,60000.0,341.1813919980948,-9456.13523219814,-55351.75682146543,0.18472769321332483,0.13886096540419,0.04586672780913484
135000.0,60000.0,361.93487542397725,-10465.272955906374,-57080.348637270916,0.1897076714399151,0.14175991625777182,0.04794775518214328
140000.0,60000.0,382.38507643340097,-11505.95205092631,-58829.96803395088,0.19422544321458984,0.14433396224366923,0.04989148097092061
145000.0,60000.0,402.5546226389105,-12575.819245553314,-60599.04616370221,0.19833377116755976,0.14662548245512413,0.05170828871243563
150000.0,60000.0,477.0159165655005,-7999.344677187939,-58603.896451458626,0.22817219657077964,0.1678678680964648,0.06030432847431483
155000.0,60000.0,498.7332288517432,-8908.244199418696,-60265.66279961246,0.23180618170864506,0.16976596515075965,0.062040216557885414
160000.0,60000.0,520.0125692319393,-9862.692799878307,-61957.795199918866,0.23504210142083035,0.17139939149654448,0.06364270992428586
165000.0,60000.0,540.8943003083274,-10858.49276793396,-63677.495178622645,0.23792970867145483,0.17280543373247786,0.06512427493897696
170000.0,60000.0,561.4139728519733,-11891.94682339477,-65422.297882263185,0.2405115017037478,0.17401544186060547,0.06649605984314233
175000.0,60000.0,581.6030221039641,-12959.785701187735,-67190.02380079182,0.24282393725661996,0.1750558979266869,0.06776803932993306
180000.0,60000.0,601.4893465666667,-14059.107957066677,-68978.73863804445,0.24489841540188126,0.1759492699391703,0.06894914546271097
185000.0,60000.0,621.0977917886537,-15218.329653980007,-70817.71976932,0.24670365141378528,0.17671469858949243,0.06998895282429285
190000.0,60000.0,640.4505568528741,-16683.142087301094,-72953.42805820073,0.2478081206943081,0.1773685528447916,0.0704395678495165
195000.0,60000.0,659.5675376027763,-18172.47608931127,-75105.48405954085,0.24876794327494017,0.17792488200776269,0.07084306126717749
200000.0,60000.0,678.4666178024156,-19684.471748548793,-77272.64783236587,0.2496003744382662,0.17839578551063698,0.07120458892762921
205000.0,60000.0,696.9628677826286,-21068.361750606622,-79297.74116707109,0.2505422861003058,0.17874015665846346,0.07180212944184236
210000.0,60000.0,714.5024850681173,-22551.741552915802,-81389.1610352772,0.2511058868056805,0.17882852286027462,0.0722773639454059
215000.0,60000.0,731.8504308855025,-24055.05518790774,-83493.87012527183,0.2515789528361377,0.17886589087461285,0.07271306196152483
220000.0,60000.0,749.0199079313808,-25406.929575136397,-85440.95305009093,0.25224915458775704,0.17885892623405064,0.0733902283537064
225000.0,60000.0,766.0229335495446,-26546.114910847362,-87169.57660723157,0.2532073810397409,0.1788134193342565,0.07439396170548437
230000.0,60000.0,782.8704698385507,-27701.47113679073,-88908.98075786048,0.25408036618944113,0.1787344111958195,0.07534595499362162
235000.0,60000.0,799.5725369902563,-28871.956153013336,-90658.47076867556,0.25487586195932266,0.17862629927090667,0.07624956268841598
240000.0,60000.0,816.1383123278027,-30056.615517908533,-92417.41034527235,0.2556008133189936,0.1784929267721175,0.07710788654687609
245000.0,60000.0,832.5762171048044,-31254.57342110033,-94185.21561406688,0.25626145443888276,0.17833765834081589,0.07792379609806688
250000.0,60000.0,848.8939927946319,-32465.0247493583,-95961.34983290553,0.2568633919030378,0.17816344434752773,0.07869994755551007
255000.0,60000.0,865.0987683250901,-33687.22809419065,-97745.31872946043,0.257411676921167,0.1779728756979027,0.0794388012232643
260000.0,60000.0,881.1971194879512,-34920.49957325308,-99536.66638216873,0.2579108681599479,0.17776823068145073,0.08014263747849718
265000.0,60000.0,897.1951215656516,-36164.20735717226,-101334.97157144817,0.2583650865510572,0.17755151512921818,0.08081357142183904
270000.0,60000.0,913.0983960617444,-37417.76680957858,-103139.84453971905,0.2587780632171587,0.1773244969271848,0.08145356628997388
275000.0,60000.0,928.9121522916964,-38600.38616166357,-104870.6741077757,0.25926480794253753,0.1770887357538686,0.08217607218866893
280000.0,60000.0,944.6412244816572,-39722.06265390763,-106537.62510260509,0.25980953114731264,0.17684560876516098,0.08296392238215167
285000.0,60000.0,960.2901049312119,-40852.07908715395,-108210.13605810262,0.2603168549149704,0.1765963328302861,0.0837205220846843
290000.0,60000.0,975.8629737188486,-42040.00073323975,-109937.91715549317,0.2607224907209647,0.17634198382487082,0.08438050689609389
295000.0,60000.0,991.3637253634587,-43310.422562200285,-111745.69837480018,0.2609984531186983,0.17608351340636094,0.08491493971233735
300000.0,60000.0,1006.795992799667,-44587.966748834646,-113558.22783255644,0.2612487060073713,0.17582176363019936,0.08542694237717197
65000.0,65000.0,2.8494389438944268,-1588.3416501650208,35090.10556655665,0.002765541973449866,0.0023413631420660863,0.00042417883138377984
70000.0,65000.0,24.25664404821714,397.19098101458803,-37023.37267932361,0.02213080955359753,0.018613799222408526,0.0035170103311890043
75000.0,65000.0,50.75559359140209,-114.41826649417635,-38453.612177662784,0.043796571113925056,0.03627193209214596,0.007524639021779099
80000.0,65000.0,76.71197637029184,-682.4544574896427,-39921.46963832642,0.06278959186612901,0.05129652244297072,0.011493069423158288
85000.0,65000.0,102.18151722510612,-1301.1222085889603,-41423.081472392645,0.07954547544003171,0.06419988033088685,0.015345595109144863
90000.0,65000.0,127.21256256798654,-1965.3934929294046,-42955.09566195293,0.09441309146557196,0.07537319690915752,0.019039894556414444
95000.0,65000.0,151.8472624596771,-2670.8847041935805,-44514.589802795716,0.10767473695705464,0.08511984873337942,0.022554888223675212
100000.0,65000.0,176.1225324891193,-3413.756621131586,-46099.00441408773,0.11956098811271806,0.09367836513884664,0.025882622973871422
105000.0,65000.0,200.0708418696354,-4190.632445557916,-47706.088297038616,0.13026179331043342,0.10123860279106535,0.029023190519368067
110000.0,65000.0,223.72086331142316,-4998.5302156120015,-49333.85347707466,0.13993486368189095,0.10795335076829002,0.031981512913600935
115000.0,65000.0,247.09801215053233,-5834.806736344646,-50980.53782422976,0.14871209318975354,0.1139467971323089,0.034765296057444633
120000.0,65000.0,270.2248961431393,-6697.1108011135075,-52644.57386740901,0.15670452324571477,0.11932079922084206,0.03738372402487271
125000.0,65000.0,292.07641329946284,-7628.053016855876,-54333.035344570584,0.16353398430738658,0.12371683467117452,0.039817149636212065
130000.0,65000.0,313.3399673380511,-8584.1433968427,-56026.262264561796,0.1696533595191497,0.12752949423608104,0.04212386528306866
135000.0,65000.0,334.27422132099525,-9574.480982616486,-57742.32065507765,0.17520937730831282,0.13092600033662555,0.04428337697168727
140000.0,65000.0,354.90374401214547,-10596.510622736881,-59479.50708182459,0.18026680753918461,0.13396093818872537,0.046305869350459244
145000.0,65000.0,375.25071941414694,-11647.925180928723,-61236.28345395248,0.18488146981610087,0.1366803774728618,0.04820109234323908
150000.0,65000.0,395.3352292588197,-12726.636157082743,-63011.25743805517,0.18910167252125934,0.1391234124784022,0.04997826004285713
155000.0,65000.0,465.46605756893985,-8600.530012830248,-61316.35334188683,0.21634393555137826,0.15844200854641716,0.05790192700496111
160000.0,65000.0,487.4949918573604,-9477.020846834523,-62956.51389788969,0.22034438030511916,0.1606813948466237,0.059662985458495466
165000.0,65000.0,509.0802628061771,-10399.652668157592,-64627.43511210506,0.22393528375288108,0.16264145428916227,0.06129382946371881
170000.0,65000.0,530.2615389383989,-11364.299950406508,-66326.36663360434,0.2271657015908317,0.16435945748072736,0.06280624411010433
175000.0,65000.0,551.0738965560844,-12367.314758167224,-68050.87650544482,0.2300777819156103,0.16586697819520496,0.06421080372040533
180000.0,65000.0,571.5484655714663,-13405.45958056749,-69798.806387045,0.23270788475771437,0.16719088347312305,0.06551700128459131
185000.0,65000.0,591.7129693274048,-14506.851189949899,-71599.23412663327,0.23503182920933166,0.16835413103797822,0.06667769817135344
190000.0,65000.0,611.5921781680112,-15916.913470526837,-73698.44231368456,0.2366420119109514,0.16937641541901846,0.06726559649193295
195000.0,65000.0,631.2082924197464,-17354.33758834639,-75815.89172556426,0.23807173599546538,0.17027469447524854,0.06779704152021684
200000.0,65000.0,650.389401975626,-18837.0021945349,-77963.50146302326,0.23927107687274968,0.17101317177409717,0.06825790509865251
205000.0,65000.0,668.6089876370104,-20249.665285750933,-80007.7768571673,0.24034971160333443,0.1714686401783578,0.06888107142497663
210000.0,65000.0,686.5995611885082,-21686.145636395144,-82067.93042426342,0.24129963897353665,0.1718448681282726,0.06945477084526405
215000.0,65000.0,704.3772681324051,-23144.76411422988,-84142.84274281992,0.2421348516580346,0.17215138812433053,0.06998346353370408
220000.0,65000.0,721.9567711269644,-24453.99580279569,-86061.4972018638,0.24313503985312937,0.17239650308867469,0.07073853676445468
225000.0,65000.0,739.3514164006614,-25552.452694331238,-87762.9684628875,0.24439116326107505,0.17258746320246715,0.0718037000586079
230000.0,65000.0,756.5733782471194,-26668.86866229959,-89476.41244153306,0.2455456533363097,0.17273061444675283,0.07281503888955687
235000.0,65000.0,773.6337848966863,-27802.086370744626,-91201.05758049642,0.2466074916837708,0.17283152383799766,0.07377596784577314
240000.0,65000.0,790.5428285060945,-28951.04583536618,-92936.19722357746,0.24758473763267771,0.17289508538852355,0.07468965224415416
245000.0,65000.0,807.3098615559525,-30114.774398180947,-94681.18293212063,0.24848463726791653,0.17292561006125096,0.07555902720666557
250000.0,65000.0,823.9434815761401,-31292.37791608143,-96435.41861072095,0.24931371786164425,0.17292690238274847,0.07638681547889578
255000.0,65000.0,840.4516058153364,-32483.032995205023,-98198.35533013669,0.25007786988631514,0.17290232589450036,0.07717554399181478
260000.0,65000.0,856.8415372200925,-33685.980129110394,-99969.48675274025,0.2507824184313621,0.17285485923342597,0.07792755919793615
265000.0,65000.0,873.1200228810173,-34900.517620374216,-101748.34508024948,0.25143218555118746,0.17278714431890557,0.07864504123228189
270000.0,65000.0,889.2933059307105,-36125.996183206094,-103534.49745547073,0.2520315448294489,0.17270152786930634,0.07933001696014255
275000.0,65000.0,905.3671717336936,-37281.56413969585,-105247.29275979723,0.2526932663308562,0.172600097264126,0.0800931690667302
280000.0,65000.0,921.3469890875817,-38377.16313489148,-106896.85875659433,0.25340279786135983,0.1724847115988906,0.08091808626246924
285000.0,65000.0,937.2377470529921,-39482.024306488805,-108552.5995376592,0.254067787814917,0.17235702864139563,0.08171075917352139
290000.0,65000.0,953.04408794386,-40645.66485383856,-110264.19323589237,0.2546259414154202,0.172218528283874,0.08240741313154623
295000.0,65000.0,968.770336937181,-41892.63495853316,-112056.33997235543,0.25505024331527176,0.17207053299153385,0.08297971032373791
300000.0,65000.0,984.4205286995482,-43147.51501524699,-113853.76001016467,0.25544260319778894,0.17191422566991477,0.08352837752787418
70000.0,70000.0,2.78406209573086,-1931.5424579560058,37256.305028029325,0.002540068935485652,0.002120133984213062,0.00041993495127259006
75000.0,70000.0,23.734092136664856,842.8455822131509,-39071.269611857904,0.020479946751405475,0.016961310415955312,0.0035186363354501628
80000.0,70000.0,49.726939594148234,278.6017177914182,-40536.59885480572,0.040702044056283776,0.03325190137976066,0.007450142676523115
85000.0,70000.0,75.24664648629266,-334.84876542555867,-42034.732510283706,0.058577426060664226,0.047276903210178564,0.011300522850485661
90000.0,70000.0,100.3386931042914,-992.7759171536891,-43562.51727810246,0.07446816586631204,0.059450481306949916,0.015017684559362122
95000.0,70000.0,125.04291169761143,-1691.0371834484104,-45117.19145563227,0.08866779951966447,0.07009434056612257,0.0185734589535419
100000.0,70000.0,149.3943368367997,-2425.988968972815,-46696.32597931521,0.10141652109025569,0.07946182148350707,0.021954699606748618
105000.0,70000.0,173.4239066316968,-3194.4137103035464,-48297.77580686903,0.11291255072273745,0.0877548863886987,0.02515766433403875
110000.0,70000.0,197.15904445640695,-3993.4593765336904,-49919.6395843558,0.12332074711894102,0.0951363192878249,0.02818442783111612
115000.0,70000.0,220.62414428132945,-4820.588994741731,-51560.22599649448,0.1327792078079816,0.10173863558076277,0.031040572227218843
120000.0,70000.0,242.97143460083078,-5763.970801513584,-53278.31386767572,0.14090012935478088,0.10728673108287083,0.03361339827191005
125000.0,70000.0,264.7450592521252,-6703.01383777897,-54972.17589185265,0.14823112169898314,0.11213990323800553,0.03609121846097761
130000.0,70000.0,286.1633662085894,-7643.009914306691,-56654.673276204456,0.1549389848382113,0.11646860651550241,0.0384703783227089
135000.0,70000.0,307.2528653853806,-8617.20199992042,-58359.96799994695,0.16104617043942596,0.12034247988942627,0.040703690549999685
140000.0,70000.0,328.0374935190605,-9623.10067401771,-60086.400449345136,0.1666205913787523,0.12382008117498872,0.042800510203763575
145000.0,70000.0,348.538918977236,-10658.45242636744,-61832.468284244955,0.17172089031362683,0.1269509385196287,0.04476995179399815
150000.0,70000.0,368.7768042429318,-11721.212358735094,-63596.80823915673,0.17639791576411268,0.12977717049235574,0.04662074527175694
155000.0,70000.0,388.7690327753387,-12809.520591364766,-65378.18039424317,0.18069593089215188,0.1323347758916866,0.048361155000465283
160000.0,70000.0,408.5319057626971,-13921.681800679507,-67175.45453378634,0.18465360898823294,0.134654668363253,0.04999894062497995
165000.0,70000.0,476.3564607180193,-10035.428085325984,-65640.452056884,0.2095406696979364,0.15218682237679712,0.05735384732113927
170000.0,70000.0,498.22645485508014,-10928.448695071682,-67291.63246338112,0.21344177138484743,0.1544298875352529,0.05901188384959452
175000.0,70000.0,519.6876658064446,-11863.982756129757,-68971.15517075318,0.21697377826256534,0.15642007954165868,0.06055369872090666
180000.0,70000.0,540.7745873266715,-12838.44291802618,-70676.62861201745,0.22017819647488895,0.15818882642709953,0.06198937004778943
185000.0,70000.0,561.5179384931893,-13879.634396708308,-72436.92293113888,0.22303818753190702,0.15976304305905892,0.0632751444728481
190000.0,70000.0,581.945166288942,-15232.70270595004,-74498.13513730002,0.22517075902602077,0.16116587123743095,0.06400488778858981
195000.0,70000.0,601.8986652471016,-16635.038814301428,-76592.19254286762,0.22701707479064828,0.1623681319792559,0.06464894281139238
200000.0,70000.0,620.8810758121957,-18138.36811553163,-78753.57874368776,0.2284152896222359,0.16325426236440493,0.06516102725783096
205000.0,70000.0,639.5912056911936,-19500.01460811586,-80763.84307207724,0.2299184795214948,0.1640268622435051,0.0658916172779897
210000.0,70000.0,658.0487128146875,-20887.933867272513,-82791.62257818168,0.2312656835293099,0.16469904827767926,0.06656663525163065
215000.0,70000.0,676.2714072507929,-22300.273645917536,-84835.68243061169,0.23247325585819503,0.16528225252881704,0.067191003329378
220000.0,70000.0,694.27546334564,-23565.351812053443,-86724.90120803563,0.2338127422589214,0.16578646651408535,0.06802627574483605
225000.0,70000.0,712.0756032945526,-24621.63725736653,-88398.25817157769,0.23537519663678005,0.16622044572424957,0.06915475091253048
230000.0,70000.0,729.6852565340912,-25697.733320454514,-90084.82221363635,0.23681912184202383,0.1665918816835529,0.07022724015847093
235000.0,70000.0,747.1166985907151,-26792.36334656563,-91783.74223104375,0.238154768614611,0.16690754724406345,0.07124722137054754
240000.0,70000.0,764.3811724101337,-27904.35806934611,-93494.23871289741,0.2393913462982766,0.16717341971588193,0.07221792658239468
245000.0,70000.0,781.4889946931683,-29032.64455191052,-95215.59636794034,0.2405371451810787,0.16739478556970863,0.07314235961137006
250000.0,70000.0,798.449649356149,-30176.236466960516,-96947.15764464033,0.241599642521005,0.1675763297594475,0.07402331276155749
255000.0,70000.0,815.2718698987075,-31334.225530534415,-98688.31702035628,0.24258559468717172,0.16772221216127606,0.07486338252589567
260000.0,70000.0,831.9637121851472,-32505.77393274469,-100438.51595516314,0.24350111744796532,0.16783613318239807,0.07566498426556725
265000.0,70000.0,848.5326189163013,-33690.10763270466,-102197.23842180311,0.24435175610979218,0.16792139023476454,0.07643036587502763
270000.0,70000.0,864.9854768780315,-34886.51040468471,-103964.00693645647,0.24514254694006843,0.16798092647875607,0.07716162046131236
275000.0,70000.0,881.3286678932363,-36014.068539103435,-105658.12902606896,0.2459839794881268,0.16801737300541233,0.07796660648271447
280000.0,70000.0,897.5681142707754,-37082.66611583937,-107289.69407722625,0.24686277170406917,0.1680330854325266,0.07882968627154258
285000.0,70000.0,913.7093194324593,-38161.48077902425,-108928.07051934951,0.2476896670284799,0.1680301757313091,0.07965949129717079
290000.0,70000.0,929.7574043045959,-39299.97995232203,-110622.90330154801,0.248404409988807,0.16801053996969387,0.08039387001911313
295000.0,70000.0,945.7171399804304,-40522.66744203522,-112398.86162802347,0.24898097873435654,0.16797588255039,0.08100509618396654
300000.0,70000.0,961.5929770918217,-41754.08038245054,-114180.6369216337,0.2495191903500168,0.16792773743224407,0.08159145291777273
75000.0,75000.0,2.7276380368098216,-2425.674355828218,39271.88376278119,0.002353655721453818,0.0019354453620723585,0.0004182103593814597
80000.0,75000.0,23.28073040459884,1295.6959620782727,-41114.36935861448,0.019055532520685342,0.015567588871960544,0.003487943648724798
85000.0,75000.0,48.83012374890558,685.3328698861878,-42610.4447534092,0.038012896215323784,0.03067960024821287,0.007333295967110912
90000.0,75000.0,73.96329090610345,31.682254234765423,-44135.37849717682,0.05489318671401384,0.043823106594017815,0.011070080119996023
95000.0,75000.0,98.71783180396403,-661.3454923877434,-45686.563661591834,0.07000071255999905,0.055337493573003854,0.0146632189869952
100000.0,75000.0,123.12694995197029,-1390.2972049950913,-47261.6981366634,0.08358487464102422,0.06549037884602159,0.018094495795002635
105000.0,75000.0,147.22007676228156,-2152.1120167227054,-48858.74134448181,0.0958518044465977,0.07449538740841774,0.02135641703817996
110000.0,75000.0,171.02339241951972,-2944.0671883699542,-50475.87812557997,0.10697319306928521,0.08252492860152766,0.024448264467757552
115000.0,75000.0,193.86645590219882,-3835.8885861713206,-52159.592390780876,0.11667550946922067,0.08939959301651537,0.0272759164527053
120000.0,75000.0,216.15015116619895,-4785.884278715297,-53882.08951914353,0.12534635731730062,0.09544349598045537,0.02990286133684525
125000.0,75000.0,238.0525110961836,-5711.538845996896,-55567.02589733126,0.13328592738511574,0.10083355525236672,0.03245237213274903
130000.0,75000.0,259.6019867586157,-6637.893377103959,-57240.4289180693,0.1405577129710021,0.10565811426887085,0.03489959870213126
135000.0,75000.0,280.82426762397415,-7598.276167106698,-58936.517444737794,0.14719365695929942,0.10999112648343418,0.03720253047586525
140000.0,75000.0,301.74260869565217,-8590.268695652165,-60653.67913043477,0.15326458986651081,0.11389489019028129,0.039369699676229525
145000.0,75000.0,322.3781122143797,-9611.676329704525,-62390.45088646968,0.15883177869928272,0.11742219211529338,0.04140958658398934
150000.0,75000.0,342.74997113053064,-10660.503002424812,-64145.502001616536,0.1639484366695881,0.12061800234690176,0.04333043432268635
155000.0,75000.0,362.87568026396013,-11734.929252548143,-65917.61950169876,0.16866096143339362,0.12352082541518895,0.04514013601820467
160000.0,75000.0,382.7712200461842,-12833.293115196837,-67705.69541013123,0.17300995638615493,0.12616378541620127,0.046846170969953665
165000.0,75000.0,402.4512169102502,-13954.073441333981,-69508.71562755598,0.17703107749396652,0.12857550366993323,0.04845557382403329
170000.0,75000.0,421.9290837190422,-15095.875293219608,-71325.75019547973,0.18075573898213224,0.13078081324592997,0.04997492573620227
175000.0,75000.0,487.4443298550444,-11449.789695075393,-69950.85979671693,0.20351192629748496,0.14671520196604795,0.05679672433143701
180000.0,75000.0,509.1677118322824,-12358.057969442627,-71612.20531296176,0.2073093505534051,0.14894309880109968,0.05836625175230542
185000.0,75000.0,530.5126992860064,-13336.679274255352,-73330.7861828369,0.21072272638151107,0.15094143465273432,0.05978129172877675
190000.0,75000.0,551.3374915810846,-14648.400875567197,-75364.4339170448,0.21332779899262158,0.15268927782863806,0.06063852116398352
195000.0,75000.0,571.1760039777614,-16062.695586312795,-77466.46372420853,0.21542946196833668,0.15408038952731626,0.06134907244102042
200000.0,75000.0,590.6920626449862,-17510.52548492144,-79590.85032328096,0.21730908514180905,0.15531637334165613,0.06199271180015292
205000.0,75000.0,609.909521945179,-18819.409717701375,-81565.93981180091,0.21924858985478715,0.15641482285390557,0.06283376700088159
210000.0,75000.0,628.8499399466554,-20157.106245547853,-83560.2374970319,0.22100402047300036,0.15739106330849462,0.06361295716450574
215000.0,75000.0,647.5328482406653,-21521.58378297079,-85572.3891886472,0.22259416543661875,0.15825848408807222,0.06433568134854653
220000.0,75000.0,665.9759845874078,-22740.9976029096,-87431.1650686064,0.2242822618051332,0.15902881651028272,0.06525344529485047
225000.0,75000.0,684.195494231218,-23753.668599953322,-89075.44573330221,0.2261594811668558,0.15971236689960377,0.06644711426725203
230000.0,75000.0,702.2061046994661,-24788.065111255506,-90734.21007417035,0.22790077170658363,0.16031821290621975,0.06758255880036387
235000.0,75000.0,720.0212780723425,-25842.78708047638,-92406.5247203176,0.22951769275184322,0.16085436948910403,0.06866332326273919
240000.0,75000.0,737.6533440399206,-26916.552219848265,-94091.53481323217,0.2310206393157903,0.1613279297541927,0.06969270956159762
245000.0,75000.0,755.1136165164522,-28008.183882288984,-95788.45592152598,0.23241897817836932,0.16174518486618902,0.0706737933121803
250000.0,75000.0,772.412496134659,-29116.60040199547,-97496.56693466366,0.2337211658811202,0.16211172647762495,0.07160943940349526
255000.0,75000.0,789.5595605752035,-30240.80570017884,-99215.20380011923,0.2349348513237368,0.1624325344982299,0.0725023168255069
260000.0,75000.0,806.5636443831149,-31379.880984156043,-100943.75398943736,0.23606696520975745,0.16271205252836693,0.07335491268139052
265000.0,75000.0,823.432909671504,-32532.977394163594,-102681.65159610906,0.23712379822687152,0.16295425287679519,0.07416954535007633
270000.0,75000.0,840.1749089037073,-33699.309474014444,-104428.37298267629,0.23811106954901723,0.1631626927555339,0.07494837679348332
275000.0,75000.0,856.7966407703248,-34797.89935988624,-106103.18290659084,0.23913694741434946,0.1633405629777276,0.07579638443662187
280000.0,75000.0,873.3046000312386,-35838.57159675121,-107716.1310645008,0.24018945267544084,0.16349073026606906,0.07669872240937178
285000.0,75000.0,889.7048220696139,-36890.44850476016,-109336.54900317345,0.2411824925556593,0.16361577410002662,0.07756671845563268
290000.0,75000.0,906.0029228010559,-38002.9460286902,-111014.04735246013,0.24205789644112488,0.16371801888233034,0.07833987755879454
295000.0,75000.0,922.2041344932067,-39200.52001270652,-112773.26334180436,0.24279065937595262,0.16379956208292942,0.0789910972930232
300000.0,75000.0,938.3133379764872,-40407.66285044531,-114538.85856696355,0.24347846746405485,0.1638622989171872,0.07961616854686765
80000.0,80000.0,2.678445606480068,-2920.558343073928,41286.96110461738,0.0021923370303315523,0.0017791524645772254,0.0004131845657543269
85000.0,80000.0,22.88367011459553,1754.4016919179412,-43153.56553872138,0.01781430212147113,0.014377638175522784,0.0034366639459483452
90000.0,80000.0,48.04132677112818,1103.2979841973283,-44676.80134386844,0.035654734776260126,0.028464393055223847,0.007190341721036279
95000.0,80000.0,72.82999327224383,413.8193003133638,-46225.62046645775,0.051643672998420605,0.0408257475977392,0.010817925400681404
100000.0,80000.0,97.28110906815624,-310.7646569117496,-47797.84310460783,0.06603939518987108,0.05174315363062195,0.014296241559249127
105000.0,80000.0,121.42264055771017,-1067.5453819981485,-49391.53025466543,0.07905565228661131,0.06144152922230478,0.017614123064306528
110000.0,80000.0,144.76147720356698,-1907.8063708290283,-51040.870913886014,0.0905466628325673,0.06985261139699235,0.020694051435574956
115000.0,80000.0,167.55524308027293,-2804.7547196516243,-52728.00314643442,0.10084051549635938,0.07726643822651016,0.02357407726984921
120000.0,80000.0,189.94165598377776,-3744.0677776871016,-54443.37851845806,0.11014794369528765,0.08387084432557015,0.02627709936971749
125000.0,80000.0,211.95110813185056,-4658.584754287556,-56120.88983619171,0.1186717160746201,0.08977760274067503,0.028894113333945065
130000.0,80000.0,233.61104172888759,-5573.451660195686,-57786.63444013045,0.1264852945086177,0.09507978906344632,0.031405505445171386
135000.0,80000.0,254.94629841406834,-6522.08496493689,-59474.88997662459,0.13362975468363653,0.09985543910647128,0.033774315577165245
140000.0,80000.0,275.9794201858276,-7502.140300673927,-61184.09353378262,0.14017865368507304,0.10417039175447168,0.03600826193060136
145000.0,80000.0,296.7309094857226,-8511.485413484857,-62912.8236089899,0.14619571355183006,0.10808051955155062,0.038115194000279434
150000.0,80000.0,317.21945476522353,-9548.17670441675,-64659.78446961117,0.1517363619853706,0.11163349427324397,0.040102867712126636
155000.0,80000.0,337.46212676420214,-10610.438816522976,-66423.79254434865,0.15684899772287358,0.11487019580358272,0.04197880191929086
160000.0,80000.0,357.4745498438389,-11696.64681624074,-68203.7645441605,0.1615760356021037,0.11782584488146611,0.0437501907206376
165000.0,80000.0,377.2710519960275,-12805.310592413123,-69998.70706160874,0.1659547742330058,0.12053092025136658,0.04542385398163923
170000.0,80000.0,396.86479656252163,-13935.061157497752,-71807.70743833184,0.1700181199796601,0.12301190613749748,0.04700621384216262
175000.0,80000.0,416.26789821376474,-15084.638585768465,-73629.92572384565,0.17379519389728312,0.1252919051834628,0.048503288713820314
180000.0,80000.0,435.4915253389988,-16252.881364744127,-75464.58757649608,0.17731184282022566,0.12739114397531526,0.049920698844910405
185000.0,80000.0,498.53595389093607,-12894.760795342649,-74292.0071968951,0.19802137732893357,0.14184341337642356,0.05617796395251001
190000.0,80000.0,519.3358217271107,-14209.074540380505,-76327.38302692033,0.20094546349343528,0.1438266266686359,0.057118836824799374
195000.0,80000.0,539.7549997366248,-15562.980027391022,-78389.15335159401,0.20357845633954202,0.14560426213558803,0.057974194203954
200000.0,80000.0,559.8223624739976,-16953.474302704242,-80475.31620180282,0.2059524634314692,0.14719950470585078,0.05875295872561842
205000.0,80000.0,579.5639363989661,-18207.850614507508,-82414.06707633834,0.20834004260321137,0.1486325220095591,0.05970752059365228
210000.0,80000.0,599.0032425844115,-19493.662771221192,-84373.77518081413,0.2105146498046079,0.14992091322071868,0.060593736583889224
215000.0,80000.0,618.1615911020228,-20808.69452538964,-86352.96301692643,0.2124975803933059,0.15108008280209614,0.06141749759120976
220000.0,80000.0,637.0583348522676,-21980.93317536416,-88180.2887835761,0.21454359849176474,0.15212355307726677,0.06242004541449797
225000.0,80000.0,655.711089210658,-22948.54672209156,-89794.53114806104,0.2167440168513024,0.15306322672852982,0.06368079012277258
230000.0,80000.0,674.1359227432441,-23939.864034702594,-91424.57602313507,0.21879060292998898,0.1539096081147534,0.06488099481523557
235000.0,80000.0,692.3475233415688,-24953.357572476845,-93069.40504831789,0.22069626409546758,0.15467199057311945,0.06602427352234813
240000.0,80000.0,710.3593433954547,-25987.6282868727,-94728.08552458181,0.22247261668521867,0.15535861550345573,0.06711400118176294
245000.0,80000.0,728.183727025804,-27041.39238931636,-96399.76159287756,0.22413013625978837,0.15597680795069205,0.06815332830909632
250000.0,80000.0,745.8320219116702,-28113.469721186324,-98083.64648079089,0.22567828794198988,0.15653309253728084,0.06914519540470904
255000.0,80000.0,763.3146778448245,-29202.77350413824,-99779.01566942548,0.22712563979601036,0.1570332929053618,0.07009234689064855
260000.0,80000.0,780.6413338139956,-30308.30128334445,-101485.20085556296,0.22847996171673848,0.1574826172713326,0.0709973444454059
265000.0,80000.0,797.8208951466245,-31429.126904751058,-103201.58460316737,0.22974831190242515,0.15788573224499733,0.07186257965742782
270000.0,80000.0,814.8616020077382,-32564.39339119522,-104927.59559413014,0.23093711265629535,0.1582468266996399,0.07269028595665544
275000.0,80000.0,831.7710903649588,-33633.056602044264,-106582.45440136283,0.23215217010952413,0.15856966718107177,0.07358250292845236
280000.0,80000.0,848.5564463689707,-34644.879577627056,-108176.16971841804,0.23338284077547464,0.15885764609951786,0.07452519467595678
285000.0,80000.0,865.2242549644551,-35668.927483696665,-109778.03498913112,0.23454626439645493,0.159113823747548,0.07543244064890692
290000.0,80000.0,881.7806434332405,-36754.56308294297,-111437.62538862866,0.23558640077237403,0.1593409650217835,0.07624543575059053
295000.0,80000.0,898.2313204755101,-37926.19267054694,-113179.54511369797,0.23647928524006,0.1595415715891521,0.0769377136509079
300000.0,80000.0,914.5816113535448,-39108.26241923135,-114928.42494615423,0.2373204345399031,0.15971791012474418,0.07760252441515891
85000.0,85000.0,2.6351782617074377,-3416.058539217571,43301.62764052162,0.002051413145833104,0.0016453252678640168,0.00040608787796908726
90000.0,85000.0,22.53303659251742,2217.935805621819,-45189.54279625212,0.016723298405921728,0.013350780534284056,0.003372517871637672
95000.0,85000.0,47.342141374030916,1530.5827028992062,-46736.94486473386,0.03357026354548948,0.02653821904456047,0.007032044500929011
100000.0,85000.0,71.8218886959005,808.9764243736572,-48307.1823837509,0.04875637352724316,0.038201569209390225,0.010554804317852932
105000.0,85000.0,95.65649850493503,20.275844513234915,-49922.14943699118,0.062279875071294594,0.04840350630820736,0.013876368763087232
110000.0,85000.0,118.96033499434702,-823.6251605879224,-51573.91677372529,0.07440834088778547,0.05740263371539703,0.017005707172388446
115000.0,85000.0,141.83080087137205,-1712.596709377307,-53255.73113958487,0.08535866028542399,0.06540386688403521,0.019954793401388782
120000.0,85000.0,164.30022950508567,-2643.276131471095,-54965.35075431406,0.09527837553545727,0.07254858814463211,0.022729787390825165
125000.0,85000.0,186.39781583380113,-3548.627153284673,-56636.75143552311,0.10436439267775695,0.07895381727019044,0.025410575407566513
130000.0,85000.0,208.14998813248462,-4453.9012342215865,-58296.10082281439,0.11269977804155724,0.08471712988705113,0.027982648154506115
135000.0,85000.0,229.58072815727553,-5392.604271643329,-59977.73618109555,0.12033442562057009,0.08992044427840624,0.030413981342163846
140000.0,85000.0,250.71184784091452,-6362.467824544874,-61680.14521636325,0.1273444565887274,0.09463296715925462,0.03271148942947277
145000.0,85000.0,271.5632292664867,-7361.424156285386,-63401.949437523595,0.13379590331813243,0.09891350705960401,0.03488239625852842
150000.0,85000.0,292.15303348222017,-8387.584517849114,-65141.889678566076,0.1397462790432932,0.10281230706447746,0.03693397197881575
155000.0,85000.0,312.4978827774272,-9439.220191147586,-66898.81346076506,0.1452458685487043,0.10637250860429298,0.03887335994441132
160000.0,85000.0,332.61302027301303,-10514.745891606639,-68671.66392773775,0.1503387953879029,0.10963132941733651,0.04070746597056639
165000.0,85000.0,352.512450053523,-11612.705194433598,-70459.4701296224,0.15506390896795372,0.11262101817836376,0.04244289078958996
170000.0,85000.0,372.2090605535441,-12731.757702431409,-72261.3384682876,0.1594555255664749,0.11536963322753567,0.04408589233893924
175000.0,85000.0,391.714733487471,-13870.667717303033,-74076.44514486869,0.16354405024025573,0.11790168172390367,0.04564236851635206
180000.0,85000.0,410.93832151116317,-15038.914562839025,-75911.10970855935,0.16731492309953713,0.12020877522209494,0.04710614787744219
185000.0,85000.0,429.5874747876611,-16297.90262208326,-77816.6017480555,0.1706346408454249,0.122226197111895,0.0484084437335299
190000.0,85000.0,486.61721260567685,-13844.3098890096,-77340.0399260064,0.18828572426554555,0.134765423912439,0.05352030035310654
195000.0,85000.0,507.63565252369176,-15135.892137536051,-79360.26142502403,0.19146405790426432,0.13693974980407114,0.05452430810019318
200000.0,85000.0,528.2719752992299,-16467.214568880096,-81406.97637925339,0.19434542449121633,0.1389036564569889,0.05544176803422743
205000.0,85000.0,548.5544490525554,-17665.33729853423,-83308.2248656895,0.19719283776676758,0.14067995971046576,0.05651287805630181
210000.0,85000.0,568.508620727956,-18897.60344429256,-85232.23562952838,0.19979757152413263,0.14228859801435143,0.05750897350978121
215000.0,85000.0,588.1576358348651,-20161.605873174034,-87177.40391544937,0.20218350072825644,0.1437470486708888,0.05843645205736764
220000.0,85000.0,607.5225141402194,-21285.158529417182,-88972.2723529448,0.2045967523188159,0.14507067621503744,0.05952607610377847
225000.0,85000.0,626.6223882328729,-22206.271623781213,-90555.51441585415,0.20712880369012007,0.14627302521102778,0.06085577847909229
230000.0,85000.0,645.4747106654256,-23153.13009079575,-92155.92006053051,0.2094886155122401,0.14736606730915391,0.062122548203086186
235000.0,85000.0,664.0954343983938,-24124.074822567054,-93772.38321504471,0.21169048264548396,0.14836041049610968,0.06333007214937428
240000.0,85000.0,682.4991704767363,-25117.586270419415,-95403.89084694628,0.2137472784065617,0.14926547696367107,0.06448180144289065
245000.0,85000.0,700.699326221224,-26132.270072992716,-97049.51338199514,0.21567061942533583,0.15008965482321782,0.06558096460211801
250000.0,85000.0,718.7082266871826,-27166.844424533017,-98708.39628302201,0.2174710087036141,0.15084042793841515,0.06663058076519895
255000.0,85000.0,736.5372217075703,-28220.128942412673,-100379.7526282751,0.21915796010399238,0.1515244873826718,0.06763347272132059
260000.0,85000.0,754.1967804777894,-29291.034830309916,-102062.85655353995,0.2207401069689084,0.152147827411295,0.06859227955761338
265000.0,85000.0,771.6965753416637,-30378.556164466994,-103757.037442978,0.22222529713645342,0.1527158283393711,0.06950946879708231
270000.0,85000.0,789.045556190124,-31481.762156227123,-105461.67477081809,0.22362067626190277,0.1532333283110741,0.07038734795082865
275000.0,85000.0,806.2520166771387,-32519.540265577554,-107095.94351038503,0.22502964757365088,0.15370468561544492,0.07132496195820595
280000.0,85000.0,823.3236532839721,-33501.590058466885,-108669.81003897791,0.22644293600417076,0.15413383293287305,0.0723091030712977
285000.0,85000.0,840.2676181169835,-34496.9177158337,-110252.52847722245,0.22778098255086698,0.15452432467387342,0.07325665787699356
290000.0,85000.0,857.0905662011498,-35554.83111508041,-111893.6374100536,0.22898992298255444,0.15487937838805338,0.07411054459450106
295000.0,85000.0,873.7986979273409,-36699.68541555654,-113617.70694370437,0.23004685632667882,0.1552019110690581,0.07484494525762073
300000.0,85000.0,890.3977972229945,-37855.87908880855,-115349.3360592057,0.2310450915775616,0.15549457105491502,0.07555052052264657
90000.0,90000.0,2.5968263200945216,-3912.069937289838,45315.9533751401,0.001927281362233856,0.0015295519986058077,0.00039772936362804834
95000.0,90000.0,22.22113683409077,2685.498230745434,-47222.83451283637,0.01575698517536863,0.012456331285549568,0.003300653889819063
100000.0,90000.0,46.55151980630313,1948.3580598555272,-48803.42796009632,0.031601553915506043,0.02476043359444952,0.006841120321056524
105000.0,90000.0,70.365426908421,1157.5043984757795,-50419.83040101615,0.04581340594406851,0.0356058755910425,0.01020753035302601
110000.0,90000.0,93.71994575896633,318.87435893248767,-52068.08376071167,0.05862076357089372,0.04522323948133189,0.013397524089561831
115000.0,90000.0,116.64935087832066,-563.9675086546631,-53745.81167243644,0.07020359648936864,0.05379169101550738,0.016411905473861253
120000.0,90000.0,139.1845899387148,-1487.8026463736605,-55450.86843091577,0.08071371335801461,0.06145849900490107,0.019255214353113538
125000.0,90000.0,161.3536778509009,-2385.717503506312,-57117.31166900421,0.0903421454801084,0.06834569782873519,0.021996447651373208
130000.0,90000.0,183.18203612872355,-3283.0682426127605,-58771.3788284085,0.09918124424666158,0.07455516325955375,0.024626080987107835
135000.0,90000.0,204.69278619610634,-4213.450235604949,-60447.46682373663,0.10728944477738832,0.08017252329093376,0.02711692148645456
140000.0,90000.0,225.90700376774987,-5174.671608154022,-62144.11440543602,0.11474529377903994,0.0852702026358337,0.029475091143206247
145000.0,90000.0,246.84394020023808,-6164.730219175224,-63859.98681278348,0.12161700995714923,0.08990981543254868,0.03170719452460055
150000.0,90000.0,267.52121571101577,-7181.7935660543735,-65593.86237736959,0.12796408106790316,0.09414406226802753,0.03382001879987563
155000.0,90000.0,287.95498854999835,-8224.181190800184,-67344.6207938668,0.1338385784989959,0.09801824647560888,0.03582033202338704
160000.0,90000.0,308.1601035445241,-9290.349231369502,-69111.232820913,0.13928624536546472,0.10157149529877063,0.037714750066694086
165000.0,90000.0,328.1502228933234,-10378.876819094352,-70892.75121272956,0.14434740186571599,0.10483775030383143,0.03950965156188456
170000.0,90000.0,347.93794163594316,-11488.45406986191,-72688.30271324127,0.14905770231806498,0.10784657593446177,0.041211126383603205
175000.0,90000.0,367.44357960693355,-12627.367720878916,-74503.41181391927,0.15341064837842724,0.11059634032298711,0.042814308055440134
180000.0,90000.0,386.4041741455561,-13822.965888862149,-76356.31059257477,0.15732576228169468,0.11303198091609616,0.044293781365598514
185000.0,90000.0,405.1618874204511,-15070.663708273089,-78254.2758055154,0.16093265563297768,0.11527663076898874,0.04565602486398894
190000.0,90000.0,423.72774366999715,-16617.314658320305,-80444.54310554687,0.16395204082713147,0.11734860074795941,0.046603440079172054
195000.0,90000.0,442.11198262328037,-18182.85380717885,-82647.40253811923,0.16675060906444558,0.11926409026794722,0.04748651879649836
200000.0,90000.0,496.0409011206831,-16051.746283448942,-82385.83085563264,0.1824879683210505,0.1304288285950705,0.05205913972598
205000.0,90000.0,516.8810599059459,-17191.869769781624,-84248.41317985443,0.18580697534545546,0.13255713595662538,0.05324983938883007
210000.0,90000.0,537.3660743772891,-18368.928264761926,-86135.61884317463,0.18885278563157454,0.13449411768939293,0.05435866794218161
215000.0,90000.0,557.5209824391923,-19580.317826323997,-88045.711884216,0.19165192644147033,0.13625938169445018,0.055392544747020156
220000.0,90000.0,577.3685224512632,-20653.673665068636,-89807.11577671242,0.1944417232862868,0.13787018592359476,0.05657153736269205
225000.0,90000.0,596.929391297862,-21526.84330502234,-91358.39553668155,0.19731384168330846,0.13934176234709747,0.057972079336210985
230000.0,90000.0,616.2224684660099,-22427.86327953497,-92928.24218635666,0.19999480945333672,0.14068759048942114,0.05930721896391558
235000.0,90000.0,635.265011242817,-23354.938830747036,-94515.45922049801,0.20250034840189224,0.1419196292580746,0.06058071914381763
240000.0,90000.0,654.0728252837655,-24306.42617048837,-96118.95078032557,0.2048446244798196,0.14304851413483877,0.06179611034498084
245000.0,90000.0,672.6604141027121,-25280.816933317925,-97737.7112888786,0.2070404276750118,0.14408372548376625,0.06295670219124555
250000.0,90000.0,691.0411104611957,-26276.724512035667,-99370.8163413571,0.20909932816599267,0.14503373268102782,0.06406559548496485
255000.0,90000.0,709.2271921634409,-27292.872015002125,-101017.4146766681,0.21103181224768283,0.14590611793015984,0.06512569431752299
260000.0,90000.0,727.2299843744963,-28328.08162505238,-102676.72108336826,0.21284740096626728,0.14670768294825426,0.06613971801801302
265000.0,90000.0,745.0599502566208,-29381.265173311447,-104348.01011554096,0.2145547539289561,0.14744454115991645,0.06711021276903964
270000.0,90000.0,762.7267714508644,-30451.4157691101,-106030.61051274007,0.2161617603658394,0.14812219758983639,0.06803956277600301
275000.0,90000.0,780.239419706864,-31457.35035048613,-107643.65023365742,0.21776937980672956,0.14874561828084693,0.06902376152588263
280000.0,90000.0,797.6062207762427,-32408.703039270767,-109197.05202618052,0.21936973836152907,0.14931929076613462,0.07005044759539444
285000.0,90000.0,814.8349115271988,-33374.41920117132,-110760.02946744754,0.22088664701889535,0.14984727687900276,0.07103937013989259
290000.0,90000.0,831.9326911047835,-34403.750125102524,-112382.08341673503,0.2222684630716661,0.1503332589811399,0.0719352040905262
295000.0,90000.0,848.9062668486981,-35520.99824773538,-114087.74883182358,0.22349337263580882,0.15078058052264726,0.07271279211316156
300000.0,90000.0,865.7618955848359,-36650.51285917708,-115801.59190611806,0.22465243857703016,0.1511922817076996,0.07346015686933055
95000.0,95000.0,2.5534588923288197,-4067.5597248022095,47443.9601834652,0.0018106550629134234,0.0014233937481357855,0.00038726131477763784
100000.0,95000.0,21.77051882249492,2798.6339575394813,-49379.077361640346,0.014778942281589241,0.011579589406834172,0.0031993528747550695
105000.0,95000.0,45.609090646560674,2010.3454272423114,-50993.76971517179,0.029695091415421225,0.023078828321407837,0.006616263094013388
110000.0,95000.0,68.99847225155577,1175.341114161798,-52639.60592389213,0.043157762158909,0.03329424072121395,0.009863521437695047
115000.0,95000.0,91.97136404362834,297.02186053735204,-54314.31875964177,0.05535153416010734,0.042411682188186604,0.012939851971920734
120000.0,95000.0,114.55736756931708,-621.5337727910373,-56015.85584852735,0.06643228631208306,0.05058407589419932,0.015848210417883743
125000.0,95000.0,136.78334410017158,-1513.5322135821625,-57678.35480905477,0.07658518192174218,0.057938270936177726,0.01864691098556446
130000.0,95000.0,158.6737245512984,-2404.4326466649654,-59328.121764443305,0.08591157606300973,0.06458027047264892,0.02133130559036081
135000.0,95000.0,180.25077826901293,-3327.9190600226575,-60999.61270668177,0.09447819965011739,0.07059926237525739,0.02387893727486
140000.0,95000.0,201.5348469182561,-4281.875920501363,-62691.41728033424,0.1023659064600035,0.07607075897730406,0.02629514748269944
145000.0,95000.0,222.54454864460422,-5264.366940961161,-64402.244627307446,0.10964499499750738,0.08105906621780995,0.028585928779697428
150000.0,95000.0,243.29695682698366,-6273.616489993699,-66130.91099332913,0.11637683173738766,0.08561924254218314,0.03075758919520452
155000.0,95000.0,263.80775703552524,-7307.993268305378,-67876.32884553692,0.12261518849329686,0.0897986656924885,0.032816522800808365
160000.0,95000.0,284.09138523310287,-8365.995935757295,-69637.49729050486,0.12840735038264128,0.09363829537867542,0.03476905500396586
165000.0,95000.0,304.16114978441533,-9446.240422420815,-71413.4936149472,0.1337950385428872,0.09717369804618711,0.0366213404967001
170000.0,95000.0,323.9488377027036,-10555.820878918836,-73209.04725261255,0.13878069517091296,0.10041093178834903,0.038369763382563926
175000.0,95000.0,343.22087350345123,-11719.029155641067,-75040.35277042737,0.1432974738529927,0.10330558115220453,0.03999189270078818
180000.0,95000.0,362.2785377781512,-12904.532071072259,-76886.52138071484,0.14750292809408266,0.10597468533822293,0.04152824275585973
185000.0,95000.0,381.13347912737584,-14142.118170752918,-78777.7454471686,0.15138843225634704,0.10844006978739545,0.04294836246895159
190000.0,95000.0,399.7965172114043,-15678.66221001395,-80961.27480667597,0.15469238418204226,0.11072100559741496,0.043971378584627296
195000.0,95000.0,418.2777151978796,-17234.117619420518,-83157.41174628036,0.15776107979132253,0.1128345603447207,0.04492651944660184
200000.0,95000.0,436.58644474186656,-18807.50974684587,-85365.50649789724,0.16061533054523308,0.11479589372472776,0.04581943682050532
205000.0,95000.0,484.5437689591385,-17127.448028249608,-85347.96535216641,0.17418245533927534,0.12426405074803812,0.049918404591237225
210000.0,95000.0,505.5756035324102,-18247.63723262935,-87197.25815508622,0.17768029212693345,0.12653747224584302,0.05114281988109043
215000.0,95000.0,526.2516309150044,-19404.83038483956,-89071.2202565597,0.18090285753294766,0.1286170818727803,0.05228577566016737
220000.0,95000.0,546.5963597853993,-20426.478582318465,-90798.1523882123,0.18407851139417747,0.1305220822029388,0.05355642919123868
225000.0,95000.0,566.6320984056255,-21250.26176581497,-92316.50784387664,0.1872991308308676,0.13226943813673897,0.055029692694128635
230000.0,95000.0,586.3791961449974,-22104.063600920257,-93854.87573394683,0.190309184753279,0.13387417765555518,0.05643500709772381
235000.0,95000.0,605.8562538748392,-22985.949597016734,-95411.96639801117,0.1931258613646927,0.13534964685901443,0.05777621450567827
240000.0,95000.0,625.080307816542,-23894.147987079632,-96986.59865805309,0.19576465490499217,0.13670772701695877,0.059056927888033406
245000.0,95000.0,644.0669906702678,-24827.032970292144,-98577.68864686144,0.19823956100881607,0.13795901993233728,0.06028054107647879
250000.0,95000.0,662.8306732337098,-25783.109983694158,-100184.23998912945,0.20056324632912573,0.13911300676511887,0.06145023956400686
255000.0,95000.0,681.3845892124366,-26761.00272190658,-101805.33514793773,0.2027471962270818,0.14017818454782605,0.06256901167925574
260000.0,95000.0,699.7409455041166,-27759.441667571897,-103440.12777838125,0.20480184370881513,0.14116218388221033,0.0636396598266048
265000.0,95000.0,717.9110198914965,-28777.25393128436,-105087.83595418956,0.20673668227993333,0.1420718707066334,0.06466481157329992
270000.0,95000.0,735.9052477899597,-29813.354229844175,-106747.73615322946,0.20856036496810534,0.1429134345359268,0.06564693043217854
275000.0,95000.0,753.7332994541348,-30786.48685676999,-108338.90790451333,0.21037136680876023,0.14369246517727785,0.06667890163148238
280000.0,95000.0,771.4041488457827,-31706.218520038587,-109871.22901335906,0.2121632478475496,0.14441401959930264,0.06774922824824697
285000.0,95000.0,788.9261351951016,-32641.43193970945,-111413.87129313964,0.21386325780054025,0.14508268036293617,0.06878057743760407
290000.0,95000.0,806.3070181441415,-33641.32011300931,-113016.2967420062,0.21542202103970887,0.14570260680104305,0.06971941423866582
295000.0,95000.0,823.5540272395828,-34730.1311670834,-114703.00411138893,0.2168188341674502,0.14627757994991974,0.07054125421753046
300000.0,95000.0,840.6739064390695,-35832.16373033676,-116398.52582022452,0.21814247553830896,0.14681104208309806,0.0713314334552109
100000.0,100000.0,2.501764465845099,-4062.183504447894,49625.87766370141,0.0016983257470488922,0.001323631030726722,0.00037469471632217027
105000.0,100000.0,21.347593624790704,2754.64973697823,-51586.73350868118,0.013898956001992258,0.010802176525720257,0.003096779476272
110000.0,100000.0,44.75813814854189,1921.8463674483646,-53231.102421701085,0.02799570798970564,0.02159740900230298,0.00639829898740266
115000.0,100000.0,67.76105728773325,1046.6499579242663,-54903.73336138383,0.04078093780807418,0.031247339389895084,0.009533598418179096
120000.0,100000.0,90.38465207161937,132.00381544840639,-56602.664123034396,0.0524144296612491,0.03991034533239536,0.012504084328853741
125000.0,100000.0,112.65466290649022,-755.4150577250111,-58262.11003848334,0.06307550023566992,0.04771791788421273,0.015357582351457191
130000.0,100000.0,134.5945527702761,-1641.1665118912933,-59908.44434126087,0.07287425936896072,0.05478003775754013,0.01809422161142059
135000.0,100000.0,156.22575363627402,-2559.021621827502,-61576.18108121834,0.08188551574800798,0.06118932232447236,0.020696193423535618
140000.0,100000.0,177.56788157819267,-3506.940315867949,-63263.96021057863,0.0901923286909629,0.06702425773109098,0.023168070959871917
145000.0,100000.0,198.6389251039691,-4483.051789187215,-64970.534526124815,0.09786698475421407,0.07235174207367678,0.025515242680537287
150000.0,100000.0,219.4554105265264,-5485.637305241253,-66694.75820349417,0.10497264625823857,0.07722910416190258,0.02774354209633599
155000.0,100000.0,240.03254757288232,-6513.1150524202385,-68435.57670161349,0.11156471059041621,0.08170571910783876,0.02985899148257745
160000.0,100000.0,260.3843579328876,-7564.026774979691,-70192.01784998646,0.11769193724692867,0.08582431107546813,0.031867626171460536
165000.0,100000.0,280.4540957984739,-8644.274036958726,-71968.01602463915,0.12336673037783874,0.08959974553046522,0.03376698484737352
170000.0,100000.0,300.037572861346,-9775.092422420013,-73777.72828161334,0.12853703453415274,0.0929994145870985,0.03553761994705425
175000.0,100000.0,319.3951881358511,-10929.400433871488,-75603.10028924765,0.1333500586764534,0.09613432070954746,0.03721573796690593
180000.0,100000.0,338.5392145847543,-12105.92168318556,-77443.2811221237,0.13783738261773953,0.09903039512166256,0.03880698749607697
185000.0,100000.0,357.48105179952825,-13334.47061284905,-79328.48040856604,0.14199355070351616,0.10171048288270923,0.04028306782080693
190000.0,100000.0,376.2313023311848,-14861.944557556766,-81505.96303837118,0.14557434758930302,0.10419477493673766,0.04137957265256535
195000.0,100000.0,394.7998401532499,-16408.31662406202,-83696.04441604135,0.14890597041382608,0.10650117079936602,0.04240479961446006
200000.0,100000.0,413.1958721870467,-17972.62929254715,-85898.08619503144,0.1520101972714414,0.10864558440224928,0.04336461286919213
205000.0,100000.0,431.4279936958685,-19383.988655629684,-87941.49243708645,0.15508854319903745,0.11064220311389182,0.04444634008514563
210000.0,100000.0,449.5042382492038,-20811.55922208281,-89995.70614805521,0.15797448256281071,0.11250370800022429,0.04547077456258643
215000.0,100000.0,494.3495812623015,-19455.143548720633,-90193.92903248043,0.16993629400268845,0.12082014920587918,0.04911614479680927
220000.0,100000.0,515.2060261426273,-20423.573281166784,-91885.38218744451,0.1735071166424878,0.12302636505306946,0.05048075158941834
225000.0,100000.0,535.7305095561635,-21196.527006159013,-93369.85133743935,0.1770846711327977,0.12505605257995234,0.05202861855284535
230000.0,100000.0,555.9448937023882,-22001.73105495161,-94875.82070330108,0.18043174141206691,0.126925828807556,0.0535059126045109
235000.0,100000.0,575.86916229446,-22837.107121376146,-96401.9047475841,0.18356702153388516,0.12865046329892904,0.054916558234956114
240000.0,100000.0,595.5216180750659,-23700.751720193133,-97946.83448012875,0.18650736968207948,0.13024311561003107,0.05626425407204841
245000.0,100000.0,614.9190559238918,-24590.91818391526,-99509.4454559435,0.1892680194267489,0.13171553816893103,0.05755248125781787
250000.0,100000.0,634.0769150047252,-25506.000839508604,-101088.66722633908,0.1918627631930132,0.13307825019068836,0.058784513002324845
255000.0,100000.0,653.0094128545569,-26444.5210631261,-102683.51404208408,0.19430411204218917,0.13434068723567025,0.05996342480651892
260000.0,100000.0,671.7296638666496,-27405.114957868456,-104293.07663857898,0.19660343519655185,0.13551133021316314,0.06109210498338871
265000.0,100000.0,690.2497842462905,-28386.52243838577,-105916.51495892384,0.19877108218938502,0.13659781697952195,0.06217326520986308
270000.0,100000.0,708.5809852074099,-29387.577538429396,-107553.05169228627,0.20081649006870053,0.13760703914934536,0.06320945091935518
275000.0,100000.0,726.7336559189514,-30326.949784429045,-109121.71652295269,0.20283560857974292,0.1385452263047377,0.06429038227500522
280000.0,100000.0,744.7174374925921,-31214.1365007704,-110632.34100051361,0.20482346446223249,0.13941801943237708,0.0654054450298554
285000.0,100000.0,762.5412891206909,-32117.955931448145,-112154.05395429875,0.20671081489580137,0.14023053512567346,0.06648027977012791
290000.0,100000.0,780.2135473192243,-33087.541078800685,-113736.27738586711,0.208450596886683,0.14098742184776297,0.06746317503892002
295000.0,100000.0,797.7419790999943,-34147.0841736006,-115403.47278240041,0.21002324092160288,0.14169290935087547,0.0683303315707274
300000.0,100000.0,815.133829785695,-35220.831702287716,-117080.13780152515,0.21151520246139788,0.14235085218111032,0.06916435028028756
105000.0,105000.0,2.45508774654445,-4057.329125640623,51807.44724957291,0.0015984544754789045,0.001236053627089495,0.00036240084838940964
110000.0,105000.0,20.96474700614948,2714.833688639541,-53791.6108742403,0.013113211575386696,0.010116243312421338,0.0029969682629653587
115000.0,105000.0,43.98596004306728,1841.5398444790044,-55462.97343701399,0.026472265527496295,0.02028368914050139,0.006188576386994906
120000.0,105000.0,66.63560126168204,929.6025312149432,-57160.098312523376,0.038642257896815725,0.029423688611183947,0.009218569285631778
125000.0,105000.0,88.93832727153926,45.586036240070825,-58817.27597583995,0.04979669139334732,0.03767222490404387,0.012124466489303445
130000.0,105000.0,110.91666035429193,-836.1673231536406,-60460.94488210243,0.06005420953991712,0.04514312590732272,0.014911083632594399
135000.0,105000.0,132.59121451178112,-1749.5136907747656,-62125.67579384985,0.06949750429260212,0.051932324686003874,0.01756517960659825
140000.0,105000.0,153.9808933809544,-2692.4870883807307,-63810.15805892048,0.07821175329969553,0.0581211815554835,0.020090571744212027
145000.0,105000.0,175.10306401752757,-3663.281342177128,-65513.187561451414,0.08627115197915015,0.0637790992751074,0.022492052704042753
150000.0,105000.0,195.97370991266155,-4660.234169083211,-67233.65611272214,0.0937405866513821,0.06896559998009258,0.024774986671289523
155000.0,105000.0,216.60756608135966,-5681.813127538597,-68970.54208502574,0.10067701512114215,0.07373198814007687,0.02694502698106528
160000.0,105000.0,236.95935389424403,-6732.727194998617,-70726.98479666574,0.10710399668394112,0.07810328340116052,0.029000713282780602
165000.0,105000.0,256.8542722192409,-7831.155689198931,-72515.10379279929,0.11298559094689292,0.08206005108869607,0.03092553985819685
170000.0,105000.0,276.51183849355084,-8954.268796670716,-74319.67919778048,0.11845853635795259,0.08570739611397346,0.03275114024397913
175000.0,105000.0,295.944950042133,-10100.725195618172,-76139.81679707879,0.12355939575499435,0.0890760656282033,0.03448333012679104
180000.0,105000.0,315.1655863876523,-11269.279015684151,-77974.68601045609,0.12832073109209435,0.0921930789820094,0.03612765211008495
185000.0,105000.0,334.1848894644902,-12489.771495693014,-79854.514330462,0.13274017967569282,0.09508226046789023,0.03765791920780259
190000.0,105000.0,353.0132355646333,-14009.12350127814,-82026.58233418543,0.13659063225014087,0.09776468465393223,0.03882594759620864
195000.0,105000.0,371.66029999293244,-15547.328800735035,-84211.21920049001,0.14017847021736124,0.10025905044319731,0.039919419774163925
200000.0,105000.0,390.135115279342,-17103.44801094843,-86407.79867396562,0.143526399531124,0.1025819966956867,0.04094440283543731
205000.0,105000.0,408.44612368497246,-18506.60313676286,-88445.73542450857,0.14682708406318898,0.10474836968899098,0.042078714374197995
210000.0,105000.0,426.6012246440322,-19925.972637020663,-90494.48175801378,0.14992541112913904,0.10677145069160043,0.04315396043753861
215000.0,105000.0,444.6078177024717,-21360.786958942947,-92553.5246392953,0.1528371979845807,0.10866315034746728,0.044174047637113426
220000.0,105000.0,483.19752152294706,-20484.957761613507,-93015.47184107566,0.1627275390312178,0.11538303447398673,0.047344504557231076
225000.0,105000.0,504.2246247494761,-21205.639026054472,-94465.09268403632,0.16667046258909862,0.11770160567673751,0.04896885691236111
230000.0,105000.0,524.9195611381822,-21960.865641629047,-95937.74376108602,0.1703624794297005,0.11984254394542367,0.05051993548427684
235000.0,105000.0,545.3037365016794,-22748.411403825332,-97431.94093588355,0.17382382890946962,0.12182207857781842,0.052001750331651206
240000.0,105000.0,565.3967560593373,-23566.237369828916,-98946.32491321929,0.17707276881108153,0.12365467991405571,0.05341808889702582
245000.0,105000.0,585.2166098635839,-24412.472574187268,-100479.64838279152,0.18012580292881014,0.1253532801935475,0.054772522735262646
250000.0,105000.0,604.7798357742417,-25285.397079478847,-102030.76471965256,0.18299787875765525,0.12692946295773627,0.056068415799918975
255000.0,105000.0,624.1016630898023,-26183.427038660564,-103598.6180257737,0.18570255969300506,0.1283936259936926,0.05730893369931245
260000.0,105000.0,643.196139462096,-27105.101495942,-105182.234330628,0.1882521754294776,0.12975512194111277,0.058497053488364814
265000.0,105000.0,662.0762433210027,-28049.070694615715,-106780.71379641048,0.1906579536573112,0.1310223799785821,0.0596355736787291
270000.0,105000.0,680.7539837032149,-29014.085694865673,-108393.2237965771,0.192930135667625,0.13220301143009208,0.06072712423753293
275000.0,105000.0,699.2404891013139,-29918.739133463358,-109938.74275564225,0.19516210511967774,0.13330390166322653,0.06185820345645121
280000.0,105000.0,717.5460867166703,-30772.456981466283,-111427.05465431085,0.1973503882055774,0.13433129026535784,0.06301909794021957
285000.0,105000.0,735.6803733039676,-31643.991176387353,-112927.24411759156,0.19942931830467897,0.13529084116721476,0.0641384771374642
290000.0,105000.0,753.6522786300311,-32582.413022476772,-114488.69201498452,0.2013541906125882,0.13618770412129946,0.06516648649128873
295000.0,105000.0,771.4701224299328,-33611.85726728698,-116135.82151152464,0.20310659289826685,0.1370265687255144,0.06608002417275244
300000.0,105000.0,789.1416656247125,-34656.516775029886,-117793.0945166866,0.20477061934629703,0.13781171200173642,0.06695890734456061
110000.0,110000.0,2.4127319854846405,-4052.9241264903976,53988.7172490064,0.0015091365038215109,0.0011586389793986306,0.0003504975244228803
115000.0,110000.0,20.616539616874093,2678.6201201548974,-55994.0865865634,0.012407743526836061,0.009507112731700303,0.002900630795135759
120000.0,110000.0,43.28210177280266,1768.338584371464,-57690.10761041903,0.02509946796237023,0.01911169196176878,0.00598777600060145
125000.0,110000.0,65.60756707230996,886.6869755202497,-59345.7086829865,0.036733766766194,0.027789852788766396,0.008943913977427602
130000.0,110000.0,87.61454744536968,7.912934318446787,-60987.391377121035,0.04743762004934583,0.03565915646942193,0.011778463579923903
135000.0,110000.0,109.32286165793982,-901.9223875742464,-62649.781591716164,0.057301428871647804,0.04281875211814099,0.014482676753506812
140000.0,110000.0,130.75071750852874,-1840.9253791130031,-64331.61691940867,0.06641241414436484,0.04935278672543984,0.017059627418925
145000.0,110000.0,151.9148722524409,-2807.353285746154,-66031.73552383076,0.0748466116542177,0.055333090675008585,0.019513520979209116
150000.0,110000.0,172.83077422983183,-3799.599480097473,-67749.06632006499,0.08267056930716539,0.060821311415170505,0.021849257891994885
155000.0,110000.0,193.4646119900142,-4821.180353038537,-69485.95356869236,0.08992040314699196,0.0658542577012957,0.024066145445696255
160000.0,110000.0,213.67097157713602,-5887.218955977849,-71252.47930398524,0.09657780819855599,0.07042728709978875,0.02615052109876724
165000.0,110000.0,233.62848885125084,-6979.137159469916,-73036.25810631327,0.10276898510123669,0.0746398553750525,0.0281291297261842
170000.0,110000.0,253.35068549951177,-8095.528708050784,-74836.35247203385,0.1085362259824405,0.07852838300216144,0.03000784298027906
175000.0,110000.0,272.85012097577635,-9235.087418519252,-76651.89161234617,0.11391711895960506,0.08212478462376635,0.03179233433583871
180000.0,110000.0,292.13847659779526,-10396.598433829291,-78482.06562255285,0.11894516570426066,0.08545712733222337,0.03348803837203729
185000.0,110000.0,311.2266309760166,-11609.93037849426,-80357.1202523295,0.12362102601891208,0.088550178430943,0.03507084758796908
190000.0,110000.0,330.1247277988185,-13122.02830892289,-82524.35220594858,0.12773443244790286,0.09142586356031275,0.03630856888759011
195000.0,110000.0,348.8422368628155,-14652.907366267173,-84704.10491084479,0.1315722209543547,0.09410365170294457,0.03746856925141012
200000.0,110000.0,367.38800912074123,-16201.64705144291,-86895.76470096194,0.13515799043685783,0.09660088021216472,0.03855711022469312
205000.0,110000.0,385.77032642006293,-17597.386052313464,-88928.75736820899,0.13867565111243185,0.0989330303892371,0.039742620723194746
210000.0,110000.0,403.9969465202947,-19009.31756188936,-90972.54504125958,0.14198132776696262,0.10111396208705707,0.04086736567990555
215000.0,110000.0,422.07514390371534,-20436.685034013586,-93026.62335600905,0.14509142611691847,0.10315611420631872,0.04193531191059975
220000.0,110000.0,440.01174683104705,-21708.778329571112,-94920.51888638074,0.14818376650808868,0.10507067667389673,0.043113089834191945
225000.0,110000.0,457.8131710391058,-22764.93021193298,-96593.78680795533,0.15132924742495765,0.10686773847674444,0.04446150894821321
230000.0,110000.0,493.3031984523792,-21981.467360952578,-97040.64490730173,0.16010139880617966,0.11262432306915808,0.047477075737021576
235000.0,110000.0,514.1599764964976,-22719.862444364233,-98502.07496290948,0.16389628349144622,0.11486449269568265,0.04903179079576357
240000.0,110000.0,534.7057217693562,-23490.604935986965,-99985.06995732465,0.1674608522919983,0.11694241992903266,0.050518432362965646
245000.0,110000.0,554.959652489344,-24291.69614110823,-101488.29742740549,0.1708129115149998,0.11887224600618661,0.0519406655088132
250000.0,110000.0,574.9394355422592,-25121.29870360506,-103010.53246907005,0.17396859302305168,0.12066664506626255,0.05330194795678912
255000.0,110000.0,594.6613399181725,-25977.720648510047,-104550.64709900669,0.17694253917952943,0.12233700082189303,0.0546055383576364
260000.0,110000.0,614.1403722904553,-26859.401281792656,-106107.60085452844,0.17974806440759217,0.12389355906605916,0.05585450534153301
265000.0,110000.0,633.3903971156333,-27764.89869997416,-107680.43246664945,0.18239729668371185,0.1253455597038138,0.05705173697989804
270000.0,110000.0,652.4242432773751,-28692.878699152978,-109268.25246610199,0.18490130176487887,0.126701351378167,0.058199950386711885
275000.0,110000.0,671.2537990012215,-29561.854903872954,-110789.98660258196,0.18735085642856442,0.1279684912527442,0.05938236517582021
280000.0,110000.0,689.8900965180183,-30381.179962126087,-112255.36997475072,0.18974401907758476,0.12915383209824507,0.06059018697933968
285000.0,110000.0,708.3433877449311,-31219.53767452715,-113733.44178301809,0.19201876802717288,0.13026359848756,0.06175516953961288
290000.0,110000.0,726.6232120765628,-32125.935944037454,-115273.5406293583,0.1941328022174248,0.1313034536216527,0.0628293485957721
295000.0,110000.0,744.7384572293986,-33124.45044814254,-116900.0502987617,0.19606889009744224,0.1322785580738367,0.06379033202360554
300000.0,110000.0,762.6974139561221,-34139.21894856331,-118537.39596570889,0.19790872619300637,0.13319362154497638,0.06471510464802999
115000.0,115000.0,2.3741237259341688,-4048.9088674971426,56169.72742166858,0.0014288294175351034,0.0010897782012338616,0.00033905121630124183
120000.0,115000.0,20.298473790327876,2645.541274194111,-58194.47248387059,0.01177116802829318,0.00896301617724474,0.00280815185104844
125000.0,115000.0,42.637880378958016,1765.33955941163,-59849.10696039225,0.02387300769009262,0.01806042308580542,0.005812584604287199
130000.0,115000.0,64.66482993492525,888.6423132322379,-61489.405124511846,0.03501182991239276,0.02631861210212668,0.00869321781026608
135000.0,115000.0,86.39837099952979,-18.569416048907442,-63150.04627736594,0.04528558835155807,0.03383986089584186,0.01144572745571621
140000.0,115000.0,107.85603459222023,-954.4724024090974,-64829.81493493939,0.05478348244505989,0.040711026093866697,0.014072456351193197
145000.0,115000.0,129.0539823783041,-1917.3858326563786,-66527.59055510425,0.06358332899393913,0.047006297691797747,0.016577031302141387
150000.0,115000.0,149.96987008578446,-2909.6335110784275,-68244.92234071896,0.07173545680253876,0.05277627327671687,0.01895918352582189
155000.0,115000.0,170.4876709350309,-3943.282222756796,-69989.85481517119,0.0792409523601193,0.0580330371594198,0.0212079152006995
160000.0,115000.0,190.74513920895072,-5004.005522269115,-71752.83701484607,0.08621548979421655,0.0628707895265424,0.023344700267674143
165000.0,115000.0,210.75642095689034,-6090.332220483397,-73532.88814698893,0.09270797235305864,0.06733266502272184,0.0253753073303368
170000.0,115000.0,230.5346555639004,-7200.895821354352,-75329.09721423624,0.09876176740447698,0.07145634396725652,0.027305423437220464
175000.0,115000.0,250.09206373110055,-8334.425371965539,-77140.6169146437,0.10441544710708864,0.07527486810919654,0.029140578997892103
180000.0,115000.0,269.44002638740005,-9489.73725571041,-78966.65817047362,0.1097034151722948,0.07881731606030919,0.030886099111985615
185000.0,115000.0,288.5891556047044,-10696.727817110746,-80837.48521140715,0.11462928927998525,0.08210936558318174,0.03251992369680351
190000.0,115000.0,307.54935844628903,-12202.366721585946,-83000.41114772396,0.11899939460092142,0.08517376408260918,0.033825630518312236
195000.0,115000.0,326.3298945565099,-13726.690966122958,-85175.7939774153,0.12308127988379237,0.08803072418573236,0.03505055569806001
200000.0,115000.0,344.93942819609356,-15268.799467606266,-87363.03297840417,0.12689940547869333,0.0906982578537897,0.03620114762490363
205000.0,115000.0,363.3860753381181,-16657.848164835712,-89391.56544322381,0.13062902237802584,0.09319245979356365,0.037436562584462194
210000.0,115000.0,381.6774463631607,-18063.04557823128,-91430.86371882085,0.13413732722512778,0.09552774884428658,0.0386095783808412
215000.0,115000.0,399.82068482601903,-19483.648778094037,-93480.43251872936,0.13744129259998208,0.09771707436856324,0.03972421823141885
220000.0,115000.0,417.8225027093446,-20748.959718228158,-95369.80647881876,0.1407110438055653,0.09977209337119965,0.04093895043436564
225000.0,115000.0,435.6892125300782,-21798.321896871887,-97038.54793124793,0.14401621625192887,0.10170332303048996,0.04231289322143891
230000.0,115000.0,453.4267566216711,-22861.117311346214,-98716.24487423082,0.14715951207903344,0.10352027249401528,0.043639239585018155
235000.0,115000.0,482.4378822789145,-22751.460242992907,-99612.30682866194,0.15378438527981483,0.10777770565252166,0.04600667962729317
240000.0,115000.0,503.4485152051224,-23473.854418667266,-101063.06961244484,0.1576716201248298,0.11010633565496192,0.04756528446986788
245000.0,115000.0,524.1481838011721,-24228.588884678087,-102535.39258978539,0.16132934518531794,0.11227243560684841,0.04905690957846953
250000.0,115000.0,544.5557143087779,-25013.7057118871,-104027.97047459139,0.16477490598920264,0.11428979651626729,0.050485109472935344
255000.0,115000.0,564.6884433396672,-25827.40189267462,-105539.60126178307,0.16802405050176208,0.11617081172027144,0.051853238781490646
260000.0,115000.0,584.5623623517276,-26668.01431542031,-107069.1762102802,0.17109110213089565,0.11792664158800235,0.053164460542893296
265000.0,115000.0,604.1922456301821,-27534.006454461065,-108615.67096964072,0.17398911126858704,0.11956735615521713,0.05442175511336991
270000.0,115000.0,623.5917639298902,-28423.956551291398,-110178.13770086094,0.17672998836046203,0.12110205899357006,0.05562792936689197
275000.0,115000.0,642.773585618675,-29256.297095657792,-111675.44806377185,0.17940186250640322,0.12253899507329084,0.05686286743311238
280000.0,115000.0,661.7494668966351,-30040.30544274993,-113117.28696183328,0.18200435707825424,0.12388564493103867,0.058118712147215576
285000.0,115000.0,680.5303324435815,-30844.595425867534,-114572.64695057835,0.18447916406328313,0.1251488070867092,0.059330356976573934
290000.0,115000.0,699.1263476588188,-31718.109843482845,-116090.82322898856,0.18678643170119252,0.12633467034882256,0.06045176135236996
295000.0,115000.0,717.5469834983915,-32684.86371616728,-117696.15914411153,0.18891013251912891,0.12744887739584224,0.06146125512328668
300000.0,115000.0,735.8010747799237,-33668.938222887926,-119313.04214859195,0.1909295230015259,0.12849658081083015,0.062432942190695756
120000.0,120000.0,2.338786687453421,-4045.2338154951576,58350.51078966989,0.0013562719722045042,0.0010281771646848087,0.00032809480751969555
125000.0,120000.0,20.006798211910564,2679.207014038693,-60329.02865730754,0.011201833752570424,0.00847441845345011,0.002727415299120314
130000.0,120000.0,42.046024490530954,1803.7865470152174,-61968.47563532319,0.022765207291756746,0.01711274908039518,0.005652458211361566
135000.0,120000.0,63.797196931999565,898.4084809279593,-63627.89434604802,0.033439213781722106,0.024987603872013327,0.00845160990970878
140000.0,120000.0,85.27719052677628,-35.17218521525501,-65306.1147901435,0.043314975261705545,0.03218848107918155,0.011126494182523997
145000.0,120000.0,106.47512818155462,-998.0866691183182,-67003.89111274554,0.05245900188491798,0.03878223267378919,0.013676769211128786
150000.0,120000.0,127.3043702929258,-1999.3454895357136,-68727.23032635715,0.0608938125418048,0.04480000037378618,0.01609381216801862
155000.0,120000.0,147.8617895666507,-3028.873885068315,-70469.41592337887,0.06872467057983292,0.05033131534566938,0.018393355234163543
160000.0,120000.0,168.16215641426902,-4085.135732916009,-72229.42382194402,0.07600813703685472,0.05542729731460909,0.020580839722245628
165000.0,120000.0,188.21919015202434,-5166.704224189452,-74006.30281612629,0.08279424843952059,0.06013244874729833,0.022661799692222255
170000.0,120000.0,208.04565086440573,-6272.252310101816,-75799.16820673455,0.08912740746038587,0.0644856694222187,0.024641738038167174
175000.0,120000.0,227.65342179878326,-7400.54413292653,-77607.1960886177,0.0950471337152734,0.06852109197249849,0.02652604174277491
180000.0,120000.0,247.05358341059036,-8550.427325298602,-79429.61821686573,0.10058869943742912,0.07226877397758094,0.028319925459848183
185000.0,120000.0,266.25648002976254,-9751.82607690469,-81296.71738460314,0.10575862079103271,0.07575527435133643,0.03000334643969628
190000.0,120000.0,285.27177999227854,-11251.734880803037,-83455.8232538687,0.11037958032917498,0.07900413582794617,0.03137544450122881
195000.0,120000.0,304.1085299721241,-12770.212882899097,-85627.30858859941,0.11470008637552505,0.08203629079366713,0.03266379558185792
200000.0,120000.0,322.7752041559412,-14306.378767782124,-87810.58584518809,0.11874543227736664,0.08487040419949507,0.03387502807787157
205000.0,120000.0,341.27974882260594,-15689.40612244897,-89835.10408163266,0.12268230119889466,0.087523164559663,0.03515913663923166
210000.0,120000.0,359.62962282099113,-17088.519226616918,-91870.34615107795,0.1263888051438311,0.09000953190490912,0.03637927323892198
215000.0,120000.0,377.83183437958337,-18502.98922452332,-93915.82614968221,0.1298824639979529,0.09234294987750905,0.037539514120443845
220000.0,120000.0,395.89297462999787,-19762.13063848023,-95801.08709232016,0.13332578627108801,0.09453552782259643,0.038790258448491585
225000.0,120000.0,413.8192481816229,-20805.29818911123,-97465.69879274082,0.13678714235143227,0.09659819766858375,0.04018894468284852
230000.0,120000.0,431.61650104565297,-21861.883891252102,-99139.25592750139,0.14008100045171049,0.09854084953888216,0.041540150912828325
235000.0,120000.0,449.29024617277844,-22931.31439803104,-100821.37626535402,0.14321807399020092,0.10037244935206681,0.042845624638134114
240000.0,120000.0,466.8456868391123,-24013.048568732323,-102511.69904582156,0.14620822898290045,0.10210114111317879,0.04410708786972166
245000.0,120000.0,492.782203799068,-24223.15080489694,-103620.9338699313,0.15167510393976447,0.10555384899553284,0.046121254944231624
250000.0,120000.0,513.6286720737971,-24962.618104325084,-105083.07873621673,0.15541681765610788,0.10779891730775032,0.047617900348357556
255000.0,120000.0,534.1829733542875,-25732.470771154098,-106565.48051410273,0.15894709365970347,0.1098950586888281,0.049052034970875374
260000.0,120000.0,554.4621096459135,-26530.940596824978,-108066.96039788332,0.1622812885993882,0.11185436950694241,0.05042691909244579
265000.0,120000.0,574.4817888646495,-27356.39395807644,-109586.42930538428,0.16543339741193677,0.11368776933279208,0.05174562807914469
270000.0,120000.0,594.2565456607599,-28207.319251280976,-111122.87950085397,0.16841619545437436,0.1154051342763012,0.053011061178073166
275000.0,120000.0,613.7998489536741,-29002.0657088179,-112595.12713921194,0.17131512335319396,0.11701541312486638,0.05429971022832758
280000.0,120000.0,633.1241978525211,-29749.833423337797,-114012.80561555852,0.1741314022075859,0.11852672876373863,0.055604673443847286
285000.0,120000.0,652.2412073999192,-30519.16443040839,-115444.85962027227,0.17681050641300983,0.1199464669646624,0.056864039448347434
290000.0,120000.0,671.1616853767989,-31358.934720812933,-116940.5398138753,0.17931507906389138,0.12128135430280905,0.05803372476108233
295000.0,120000.0,689.895701236911,-32293.097071361262,-118524.14804757418,0.18163032016332678,0.12253752669153098,0.0590927934717958
300000.0,120000.0,708.4526480961173,-33245.674598003796,-120120.03306533585,0.1838330097718556,0.12372058979929776,0.06011241997255784
