higher_gross,lower_gross,order_wk,gap_household,gap_per_person,order_pct_payor_net,line_7e,lag
60000.0,0.0,243.2776923076923,-22309.12,-28634.339999999997,0.26570972484772104,0.21900214666574336,0.04670757818197768
65000.0,0.0,263.47,-23976.619999999995,-30826.839999999997,0.2666622548781082,0.2182850041425021,0.04837725073560609
70000.0,0.0,283.6623076923077,-25294.119999999995,-32669.339999999997,0.26919317455972264,0.21767369104539283,0.051519483514329806
75000.0,0.0,303.8546153846154,-26461.619999999995,-34361.84,0.2721281377825619,0.21714639107250838,0.054981746710053514
80000.0,0.0,324.0469230769231,-27629.119999999995,-36054.34,0.2747503668677646,0.21668689882207706,0.058063468045687544
85000.0,0.0,344.23923076923074,-28796.62,-37746.84,0.2771073183946747,0.21628292494321202,0.06082439345146265
90000.0,0.0,361.79846153846154,-30237.959999999995,-39644.719999999994,0.27721977455242025,0.2143648876532519,0.06285488689916835
95000.0,0.0,379.10615384615386,-31705.459999999995,-41562.219999999994,0.27713801708079994,0.21251261265145963,0.06462540442934031
100000.0,0.0,396.4138461538462,-33172.95999999999,-43479.719999999994,0.27706344086021506,0.21084980156294753,0.06621363929726753
105000.0,0.0,413.72153846153844,-34640.45999999999,-45397.219999999994,0.27699513953712945,0.20934879919037794,0.06764634034675152
110000.0,0.0,431.0292307692307,-36107.96000000001,-47314.72,0.27693235312287634,0.20798708288482237,0.06894527023805397
115000.0,0.0,448.3369230769231,-37575.45999999999,-49232.219999999994,0.2768744395950239,0.20674612464971093,0.07012831494531296
120000.0,0.0,465.64461538461535,-39042.96000000001,-51149.72,0.276820852863839,0.20561054312013857,0.07121030974370043
125000.0,0.0,482.95230769230767,-40446.45999999999,-53003.219999999994,0.276966478629368,0.20456746277410315,0.07239901585526487
130000.0,0.0,497.98,-42051.08000000001,-54998.56000000001,0.275945055998977,0.20267806267806268,0.07326699332091433
135000.0,0.0,511.44153846153847,-43818.58000000001,-57116.06000000001,0.2741508218352,0.20031755596396614,0.07383326587123387
140000.0,0.0,524.9030769230769,-45586.08000000001,-59233.56000000001,0.27247005270723523,0.19812839348450972,0.07434165922272551
145000.0,0.0,538.3646153846154,-47353.58000000001,-61351.06000000001,0.2708923154334815,0.19609257235717686,0.07479974307630466
150000.0,0.0,551.8261538461538,-49121.08000000001,-63468.56000000001,0.26940841790988723,0.19419452640697327,0.07521389150291397
155000.0,0.0,565.2876923076924,-50888.57999999999,-65586.06,0.2680102298992055,0.19242072739650704,0.07558950250269844
160000.0,0.0,578.7492307692308,-52656.07999999999,-67703.56,0.26669053400209136,0.19075936208513986,0.0759311719169515
165000.0,0.0,592.2107692307692,-54423.58000000001,-69821.06000000001,0.2654429010416891,0.18920006881128504,0.07624283223040407
170000.0,0.0,605.6723076923076,-56191.08000000001,-71938.56000000001,0.2642615853198077,0.1877337211797525,0.07652786414005519
175000.0,0.0,619.1338461538462,-57958.57999999999,-74056.06,0.2631414361434754,0.18635224931119912,0.07678918683227628
180000.0,0.0,632.5953846153845,-59726.08000000001,-76173.56000000001,0.2620778227476975,0.1850484912580725,0.07702933148962499
185000.0,0.0,645.6161538461538,-61570.42000000001,-78356.44,0.2608256257065054,0.18369066118053884,0.07713496452596658
190000.0,0.0,656.1930769230769,-63947.91999999999,-81008.93999999999,0.2581248487049141,0.1817283398308515,0.0763965088740626
195000.0,0.0,666.77,-66325.41999999998,-83661.43999999999,0.25556252510696953,0.17986781764229834,0.07569470746467119
200000.0,0.0,677.3469230769231,-68702.91999999998,-86313.93999999999,0.2531282744148275,0.1781013733540988,0.07502690106072868
205000.0,0.0,687.9238461538462,-71035.41999999998,-88921.43999999999,0.2508918883850764,0.17642204730622793,0.07446984107884849
210000.0,0.0,698.5007692307693,-73367.91999999998,-91528.93999999999,0.2487606498096047,0.17482354979688494,0.07393710001271975
215000.0,0.0,709.0776923076924,-75700.41999999998,-94136.43999999999,0.2467273134842701,0.17330018236167774,0.07342713112259236
220000.0,0.0,719.6546153846153,-77862.91999999998,-96573.93999999999,0.24505779040908407,0.1718467698976874,0.07321102051139666
225000.0,0.0,730.2315384615385,-79795.41999999998,-98781.43999999999,0.2438176570491109,0.17045860192849832,0.07335905512061258
230000.0,0.0,740.8084615384615,-81727.91999999998,-100988.93999999999,0.24262489607739401,0.16913138160552152,0.0734935144718725
235000.0,0.0,751.3853846153846,-83660.41999999998,-103196.43999999999,0.24147684396911087,0.16786118128232888,0.07361566268678199
240000.0,0.0,761.9623076923077,-85592.91999999998,-105403.93999999999,0.24037103320249703,0.16664440369441968,0.07372662950807735
245000.0,0.0,772.5392307692308,-87525.41999999998,-107611.43999999999,0.23930517455523487,0.16547774793626732,0.07382742661896755
250000.0,0.0,783.1161538461538,-89457.92000000001,-109818.94,0.23827714128564906,0.16435817955796644,0.07391896172768261
255000.0,0.0,793.693076923077,-91390.41999999998,-112026.43999999999,0.23728495496868074,0.16328290421104272,0.07400205075763802
260000.0,0.0,804.27,-93322.91999999998,-114233.93999999999,0.23632677278814695,0.16224934436150898,0.07407742842663798
265000.0,0.0,814.3153846153846,-95310.70000000001,-116482.90000000001,0.23524732013144478,0.16114992921404758,0.0740973909173972
270000.0,0.0,823.9307692307692,-97343.20000000001,-118765.40000000001,0.23408147209231173,0.16000806680509702,0.0740734052872147
275000.0,0.0,833.5461538461539,-99295.45000000001,-120967.65000000001,0.2330541430255519,0.15890806704697102,0.07414607597858089
280000.0,0.0,843.1615384615385,-101177.95000000001,-123100.15000000001,0.2321446204797827,0.15784766924439453,0.07429695123538818
285000.0,0.0,852.776923076923,-103060.45000000001,-125232.65000000001,0.23126244300825163,0.1568247726018871,0.07443767040636454
290000.0,0.0,862.3923076923077,-104942.95000000001,-127365.15000000001,0.2304063956677161,0.15583742233218886,0.07456897333552723
295000.0,0.0,872.0076923076923,-106825.45000000001,-129497.65000000001,0.229575334437895,0.15488379718817888,0.07469153724971611
300000.0,0.0,881.623076923077,-108707.95000000001,-131630.15,0.22876818112070182,0.15396219825096386,0.07480598286973797
60000.0,5000.0,242.73975494692704,-17777.56548551959,-26382.549114139692,0.2651221856173116,0.21851788756388418,0.04660429805342742
65000.0,5000.0,262.9727858527132,-19440.830271317827,-28571.87270348837,0.2661590163854038,0.21787306201550388,0.04828595436989991
70000.0,5000.0,283.2000849696413,-20754.691163157302,-30411.643372367977,0.26875452903406055,0.2173189956086026,0.05143553342545795
75000.0,5000.0,303.42278285779025,-21919.030582789812,-32101.77293709236,0.27174139433550215,0.2168377866610562,0.054903607674445964
80000.0,5000.0,323.64173109192654,-23083.75996643964,-33792.194974829734,0.27440681586140847,0.2164159510413582,0.05799086482005028
85000.0,5000.0,342.27721400577855,-24413.169743399034,-35606.12730754928,0.2755279248933857,0.21505020453700263,0.06047772035638305
90000.0,5000.0,359.7064661074801,-25868.02752482207,-37514.14564361655,0.2756168310261396,0.21312538441261752,0.06249144661352207
95000.0,5000.0,377.1230620587142,-27324.201545893724,-39423.15115942029,0.27568831725376075,0.21140096618357487,0.06428735107018588
100000.0,5000.0,394.52888059292457,-28781.49641833585,-41332.99731375189,0.2757459918122591,0.20984720133006093,0.06589879048219818
105000.0,5000.0,411.92544612599227,-30239.753602896802,-43243.5652021726,0.27579261851548714,0.20843995171997584,0.0673526667955113
110000.0,5000.0,429.31400852299487,-31698.84311360854,-45154.75733520641,0.2758303384592047,0.20715942655428282,0.06867091190492186
115000.0,5000.0,446.6956022441642,-33158.65736660693,-47066.4930249552,0.2758608273708802,0.20598924582931202,0.06987158154156817
120000.0,5000.0,464.0710908323716,-34619.10655343335,-48978.70491507501,0.2758854089777446,0.2049157359064173,0.07096967307132732
125000.0,5000.0,480.5062122366083,-36113.353927392745,-50900.26544554456,0.2755636766674236,0.20353135313531354,0.07203232353211006
130000.0,5000.0,494.12083389292474,-37864.93327513582,-53005.82495635186,0.2738065809447052,0.20110738050180088,0.07269920044290434
135000.0,5000.0,507.7242034033237,-39617.682846054326,-55112.26213454074,0.27215819827100546,0.19886157826649417,0.07329662000451129
140000.0,5000.0,521.3175173972418,-41371.47819068685,-57219.48364301513,0.27060883749257875,0.196774998582043,0.07383383891053574
145000.0,5000.0,534.9018086361491,-43126.21190184049,-59327.40892638037,0.26914991314480113,0.19483128834355826,0.07431862480124288
150000.0,5000.0,548.4779731353864,-44881.79079391982,-61435.968095439865,0.26777379428453485,0.1930162597320057,0.07475753455252915
155000.0,5000.0,562.0467920718675,-46638.13362452579,-63545.10021839435,0.2664736770446086,0.19131754332000409,0.07515613372460453
160000.0,5000.0,575.6089496108184,-48395.16924047488,-65654.75193035616,0.26524347677155197,0.18972430579702945,0.07551917097452251
165000.0,5000.0,589.1650475117482,-50152.83505877818,-67764.87629408363,0.2640777363893935,0.18822701869338987,0.07585071769600366
170000.0,5000.0,602.7156171726874,-51911.0758140405,-69875.43186053037,0.2629715482583612,0.1868172676675553,0.07615428059080592
175000.0,5000.0,616.2611296219912,-53669.842519312915,-71986.38188948469,0.26192048729934203,0.18548759429246572,0.0764328930068763
180000.0,5000.0,629.8020038544814,-55429.09159913392,-74097.69369935044,0.2609205535583753,0.18423136405815033,0.07668918950022496
185000.0,5000.0,641.0444519197692,-57458.37700034399,-76419.28275025799,0.25897868149919395,0.18238992088063297,0.07658876061856099
190000.0,5000.0,651.7410229889871,-59823.433609145344,-79062.45020685901,0.25637355661028904,0.18049537289058248,0.07587818371970656
195000.0,5000.0,662.4314910634131,-62189.12492940504,-81706.09369705379,0.2538996424052383,0.17869746184607851,0.07520218055915981
200000.0,5000.0,673.1163114816821,-64555.40360590506,-84350.1777044288,0.2515472715692575,0.17698897775655564,0.07455829381270185
205000.0,5000.0,683.7958953850933,-66877.22687995029,-86949.67015996273,0.24938638836596322,0.1753634104674639,0.07402297789849932
210000.0,5000.0,694.4706149530695,-69199.55604488077,-89549.54203366057,0.24732537036380303,0.17381486676016833,0.0735105036036347
215000.0,5000.0,705.1408079116321,-71522.35597719025,-92149.76698289269,0.24535745384677835,0.17233799896319335,0.073019454883585
220000.0,5000.0,715.8067814299992,-73675.59473128009,-94580.32104846006,0.243747520639918,0.17092794325214433,0.07281957738777367
225000.0,5000.0,726.4688155000435,-75599.24318799545,-96781.18239099659,0.24256131813703183,0.16958026613816535,0.07298105199886648
230000.0,5000.0,737.1271658769539,-77523.2747487968,-98982.3310615976,0.24141922143451994,0.16829091790450468,0.07312830353001526
235000.0,5000.0,747.782066646158,-79447.66506879957,-101183.74880159968,0.24031882590162953,0.16705619196095708,0.07326263394067245
240000.0,5000.0,758.433732470775,-81372.39182303939,-103385.41886727954,0.23925789773218573,0.16587268925691148,0.07338520847527424
245000.0,5000.0,769.0823605650429,-83297.43450123555,-105587.32587592666,0.2382343591264776,0.16473728703342436,0.07349707209305326
250000.0,5000.0,779.7281324319223,-85222.77422708008,-107789.45567031007,0.23724627497899356,0.16364711130939102,0.07359916366960254
255000.0,5000.0,790.371215397113,-87148.39359870023,-109991.79519902517,0.236291840897866,0.1625995125913891,0.0736923283064769
260000.0,5000.0,800.8127608715638,-89094.97286935739,-112209.85465201804,0.2353108973160042,0.161551898501425,0.07375899881457917
265000.0,5000.0,810.5012007087211,-91119.87512629303,-114486.65634471978,0.23414544171985752,0.16039511667067596,0.07375032504918155
270000.0,5000.0,820.1869452586313,-93145.05769310234,-116763.66826982675,0.2330178392491413,0.15928101295711458,0.07373682629202671
275000.0,5000.0,829.8701409788264,-95090.25533820206,-118960.62900365154,0.2320263534729364,0.15820726830116502,0.07381908517177138
280000.0,5000.0,839.5509239045945,-96965.95391392219,-121088.02793544164,0.23115052301709493,0.15717172867268225,0.07397879434441268
285000.0,5000.0,849.2294205598629,-98841.89026177424,-123215.60519633068,0.23030040466449214,0.15617239064772345,0.07412801401676869
290000.0,5000.0,858.905748774191,-100718.05212748412,-125343.35159561309,0.22947488750554795,0.1552073884720046,0.07426749903354335
295000.0,5000.0,868.5800184169718,-102594.42808463494,-127471.2585634762,0.22867292338493317,0.15427498243528076,0.07439794094965241
300000.0,5000.0,878.2523320584706,-104471.00746591907,-129599.3180994393,0.2278935225598243,0.1533735484042412,0.07451997415558312
60000.0,10000.0,242.02345296660704,-13484.560891472865,-24254.67066860465,0.26433983520822446,0.21787306201550388,0.04646677319272058
65000.0,10000.0,262.30402769958334,-15142.881119243335,-26440.2858394325,0.2654821554255916,0.2173189956086026,0.048163159816989015
70000.0,10000.0,282.5729956788425,-16452.408449400376,-28276.806337050282,0.26815942650423963,0.2168377866610562,0.05132163984318344
75000.0,10000.0,302.8325050302575,-17612.919476853218,-29964.064607639913,0.2712127493920067,0.21641595104135822,0.05479679835064846
80000.0,10000.0,321.5993097233745,-18928.671788769047,-31767.753841576785,0.2726751036297974,0.21505020453700266,0.05762489909279475
85000.0,10000.0,339.21364068318996,-20364.281368948243,-33661.336026711186,0.2730617952014533,0.21312538441261755,0.05993641078883574
90000.0,10000.0,356.79604607952433,-21803.211207729473,-35557.408405797105,0.2733867884201763,0.21140096618357487,0.0619858222366014
95000.0,10000.0,374.3512650804187,-23244.968431636455,-37455.601323727344,0.27366205017652656,0.20984720133006096,0.0638148488464656
100000.0,10000.0,391.8831430759946,-24689.153120096566,-39355.61484007243,0.27389682042945857,0.20843995171997587,0.0654568687094827
105000.0,10000.0,409.39483289277536,-26135.437379151364,-41257.20303436353,0.27409832053850475,0.2071594265542828,0.06693889398422195
110000.0,10000.0,426.88894399134574,-27583.54982490005,-43160.16236867504,0.2742722565954158,0.20598924582931202,0.0682830107661038
115000.0,10000.0,444.3676546875238,-29033.263912497525,-45064.322934373144,0.27442318272914984,0.2049157359064173,0.06950744682273255
120000.0,10000.0,460.9358898197512,-30577.667458745884,-47039.50059405941,0.27402156477223116,0.20353135313531354,0.07049021163691763
125000.0,10000.0,474.78358576775156,-32341.007080153846,-49162.88031011539,0.27228182942009604,0.20110738050180085,0.07117444891829519
130000.0,10000.0,488.6028978007762,-34071.29862871928,-51252.47397153947,0.27074893368187,0.19886157826649417,0.0718873554153758
135000.0,10000.0,502.3968444566607,-35804.228176507284,-53344.04613238046,0.26930254474346427,0.19677499858204298,0.07252754616142129
140000.0,10000.0,516.1680309108069,-37539.52478527609,-55437.39358895707,0.26793580904969216,0.19483128834355826,0.07310452070613391
145000.0,10000.0,529.9187173919242,-39276.95339123987,-57532.3400434299,0.2666425397279951,0.19301625973200567,0.07362627999598945
150000.0,10000.0,543.6508744449441,-41016.309057725826,-59628.73179329437,0.2654171444370731,0.19131754332000414,0.07409960111706895
155000.0,10000.0,557.3662278995656,-42757.41229844518,-61726.43422383389,0.2642545608371505,0.18972430579702948,0.07453025504012101
160000.0,10000.0,571.066295714307,-44500.10524571207,-63825.32893428405,0.26315019918423305,0.18822701869338987,0.07492318049084318
165000.0,10000.0,584.7524183584994,-46244.24849071607,-65925.31136803704,0.2620998914319624,0.1868172676675553,0.07528262376440709
170000.0,10000.0,598.4257840169464,-47989.718462237564,-68026.28884667817,0.2610998461909299,0.1854875942924657,0.07561225189846421
175000.0,10000.0,612.0874496181209,-49736.40523971542,-70128.17892978656,0.26014660890932284,0.18423136405815035,0.07591524485117249
180000.0,10000.0,623.5069595274007,-51716.276209150325,-72404.95715686274,0.2583125808297335,0.18238992088063297,0.07592265994910055
185000.0,10000.0,634.3856986725849,-53783.387338051165,-74754.91550353837,0.2562885792274718,0.18049537289058248,0.0757932063368893
190000.0,10000.0,645.2490428089824,-56131.09954786583,-77385.07466089938,0.2538198243923012,0.17869746184607851,0.0751223625462227
195000.0,10000.0,656.0981405435518,-58480.29338347061,-80016.34503760297,0.25147216808689277,0.17698897775655567,0.0744831903303371
200000.0,10000.0,666.934028993991,-60830.860984624946,-82648.64573846871,0.24923691856588734,0.1753634104674639,0.07387350809842344
205000.0,10000.0,677.7576469953609,-63137.70471248246,-85236.90353436185,0.2471841859717475,0.1738148667601683,0.07336931921157919
210000.0,10000.0,688.5698464728636,-65445.73596682219,-87826.05197511664,0.2452238995191416,0.17233799896319335,0.07288590055594826
215000.0,10000.0,699.3714022711391,-67754.87416380155,-90416.03062285116,0.24334995880142282,0.1709279432521443,0.07242201554927852
220000.0,10000.0,710.1630206790661,-69895.04584937711,-92836.78438703284,0.2418256993805879,0.16958026613816535,0.07224543324242255
225000.0,10000.0,720.9453468476747,-71806.18392784183,-95028.26294588138,0.24071708228213834,0.1682909179045047,0.07242616437763363
230000.0,10000.0,731.7189712652968,-73718.22698840912,-97220.42024130684,0.23964796378325795,0.1670561919609571,0.07259177182230084
235000.0,10000.0,742.4844354268413,-75631.11871560849,-99413.21403670637,0.2386162970881264,0.16587268925691148,0.07274360783121492
240000.0,10000.0,753.242236811829,-77544.8073715698,-101606.60552867735,0.23762017213498857,0.16473728703342436,0.07288288510156421
245000.0,10000.0,763.9928332675579,-79459.24534017398,-103800.55900513049,0.23665780460365352,0.16364711130939105,0.07301069329426246
250000.0,10000.0,774.7366468787102,-81374.38872461414,-105995.0415434606,0.23572752593704538,0.1625995125913891,0.07312801334565627
255000.0,10000.0,785.278924477196,-83310.49185437162,-108205.24389077871,0.23476943373979395,0.161551898501425,0.07321753523836894
260000.0,10000.0,795.0785933365408,-85323.82629299977,-110473.36971974984,0.23362596898574378,0.160395116670676,0.07323085231506779
265000.0,10000.0,804.8714632435242,-87337.86782267346,-112742.0258670051,0.23251906860109756,0.1592810129571146,0.07323805564398295
270000.0,10000.0,814.6579036421759,-89352.5780212137,-115011.18351591028,0.23144702013523946,0.15820726830116502,0.07323975183407444
275000.0,10000.0,824.4382576860673,-91287.671200649,-117200.56590048675,0.2305076338435943,0.15717172867268225,0.07333590517091204
280000.0,10000.0,834.2128445360435,-93153.6141682515,-119320.64812618864,0.22968080890826076,0.15617239064772345,0.0735084182605373
285000.0,10000.0,843.9819614211136,-95020.1260122042,-121441.15700915316,0.2288773593320334,0.1552073884720046,0.0736699708600288
290000.0,10000.0,853.7458854905027,-96887.17790898774,-123562.0709317408,0.22809632059263782,0.1542749824352808,0.07382133815735703
295000.0,10000.0,863.5048754811397,-98754.74294996145,-125683.36971247109,0.2273367796248588,0.1533735484042412,0.0739632312206176
300000.0,10000.0,873.2591732216968,-100622.79598494353,-127805.03448870764,0.2265978715100331,0.15250156838143036,0.07409630312860274
60000.0,15000.0,241.40797042952545,-9181.071075329353,-22118.928306497015,0.26366760055314686,0.21731899560860266,0.04634860494454421
65000.0,15000.0,261.72320849989484,-10835.786316010941,-24301.839737008206,0.26489429890505634,0.21683778666105621,0.04805651224400012
70000.0,15000.0,282.02327896858844,-12142.078987266807,-26135.934240450108,0.2676377499108787,0.21641595104135822,0.05122179886952047
75000.0,15000.0,300.9214054409704,-13444.173834139077,-27929.380375604305,0.2695011941085978,0.21505020453700263,0.054450989571595165
80000.0,15000.0,318.7208152588998,-14860.535213074418,-29808.52640980581,0.27023450829060475,0.2131253844126175,0.05710912387798725
85000.0,15000.0,336.4690301003344,-16282.220869565223,-31691.665652173917,0.2708524256390323,0.21140096618357487,0.059451459455457406
90000.0,15000.0,354.1736495679129,-17708.440444937063,-33578.2053337028,0.2713774372287846,0.20984720133006096,0.06153023589872364
95000.0,15000.0,371.84084002599695,-19138.552637296318,-35467.66447797224,0.27182685384812627,0.20843995171997587,0.0633869021281504
100000.0,15000.0,389.47565726255584,-20572.031644694187,-37359.64873352064,0.2722141690544745,0.2071594265542828,0.06505474250019169
105000.0,15000.0,407.0822857385273,-22008.442283193173,-39253.83171239488,0.2725500223182595,0.205989245829312,0.06656077648894748
110000.0,15000.0,424.664218542676,-23447.421271561703,-41149.94095367128,0.27284289076690127,0.2049157359064173,0.06792715486048398
115000.0,15000.0,441.36556740289416,-24977.980990099008,-43114.73574257425,0.27256921712479437,0.20353135313531356,0.06903786398948081
120000.0,15000.0,455.44633764257844,-26781.080885171832,-45283.935663878874,0.2707580834276218,0.20110738050180088,0.06965070292582093
125000.0,15000.0,469.48159219822867,-28524.914411384212,-47392.685808538154,0.269241209331369,0.19886157826649417,0.07037963106487485
130000.0,15000.0,483.4761715160796,-30236.978162327723,-49468.60862174579,0.2679080670371814,0.19677499858204298,0.07113306845513842
135000.0,15000.0,497.43425318546485,-31952.83766871166,-51547.37825153375,0.2666424196399715,0.19483128834355828,0.0718111312964132
140000.0,15000.0,511.35946164846223,-33672.11598855993,-53628.71199141995,0.26543974610405724,0.1930162597320057,0.07242348637205154
145000.0,15000.0,525.2549568180206,-35394.48449092585,-55712.36336819439,0.26429584593648436,0.1913175433200041,0.07297830261648025
150000.0,15000.0,539.1235061883128,-37119.65535641546,-57798.116517311595,0.26320682672956097,0.18972430579702948,0.07348252093253149
155000.0,15000.0,552.9675439168656,-38847.37543264599,-59885.78157448449,0.26216908768516173,0.18822701869338984,0.07394206899177189
160000.0,15000.0,566.7892195443114,-40577.421167391614,-61975.19087554371,0.2611793011387572,0.1868172676675553,0.0743620334712019
165000.0,15000.0,580.5904384119017,-42309.594405162214,-64066.195803871655,0.2602343933888633,0.18548759429246572,0.07474679909639756
170000.0,15000.0,594.3728953817603,-44043.718880296925,-66158.66416022269,0.25933152566140183,0.18423136405815035,0.07510016160325148
175000.0,15000.0,605.9694671350321,-46005.17541795666,-68421.6315634675,0.2575463719704097,0.18238992088063297,0.07515645108977673
180000.0,15000.0,617.0303743561827,-48022.341066956986,-70726.38080021774,0.2556293975789661,0.18049537289058248,0.0751340246883836
185000.0,15000.0,628.0665945545518,-50073.07416632661,-73064.05562474496,0.25373569346761005,0.17869746184607851,0.07503823162153153
190000.0,15000.0,639.0799696054214,-52405.18316103617,-75682.51237077713,0.25139311319506413,0.17698897775655564,0.07440413543850849
195000.0,15000.0,650.0721626028887,-54739.49508929957,-78302.62131697468,0.24916250487655822,0.17536341046746393,0.0737990944090943
200000.0,15000.0,661.0446790376525,-57075.85338008415,-80924.26503506312,0.24703603606227895,0.17381486676016833,0.07322116930211062
205000.0,15000.0,671.998885034095,-59369.11595645412,-83502.3369673406,0.24508391474070917,0.17233799896319335,0.07274591577751582
210000.0,15000.0,682.9360231122791,-61664.153596322976,-86081.74019724224,0.24321749720460314,0.17092794325214433,0.07228955395245881
215000.0,15000.0,693.8572258580887,-63960.84851075878,-88662.38638306908,0.2414312721085126,0.16958026613816535,0.07185100597034724
220000.0,15000.0,704.7635278183952,-66089.0931068869,-91074.19483016517,0.23998705656293787,0.16829091790450468,0.07169613865843319
225000.0,15000.0,715.6558758844355,-67988.7889080187,-93257.09168101402,0.23895097612353094,0.16705619196095708,0.07189478416257386
230000.0,15000.0,726.5351383829073,-69889.84560817765,-95441.00920613324,0.237950187664772,0.16587268925691148,0.07207749840786051
235000.0,15000.0,737.4021130586152,-71792.18024190402,-97625.88518142802,0.23698296326151616,0.16473728703342436,0.0722456762280918
240000.0,15000.0,748.2575341031932,-73695.7164532679,-99811.66233995093,0.23604768209422666,0.16364711130939102,0.07240057078483564
245000.0,15000.0,759.1020783603075,-75600.38385052804,-101998.28788789603,0.2351428226970116,0.1625995125913891,0.07254331010562248
250000.0,15000.0,769.7450880828283,-77526.01083938585,-104200.63312953939,0.23420875460970073,0.16155189850142504,0.07265685610827569
255000.0,15000.0,779.6559859643604,-79527.77745970653,-106460.0830947799,0.23308838252414985,0.16039511667067596,0.07269326585347388
260000.0,15000.0,789.5559812284171,-81530.67795224464,-108720.38346418348,0.2320032041221114,0.1592810129571146,0.07272219116499679
265000.0,15000.0,799.4456663055254,-83534.65070422535,-110981.48802816901,0.23095161179829565,0.15820726830116502,0.07274434349713063
270000.0,15000.0,809.3255914675402,-85539.6384873758,-113243.35386553186,0.22993209251011892,0.15717172867268225,0.07276036383743667
275000.0,15000.0,819.1962685122238,-87465.33807472873,-115425.69105604655,0.22904200738845162,0.15617239064772345,0.07286961674072817
280000.0,15000.0,829.0581740680364,-89322.19989692421,-117538.96242269315,0.22826159210945224,0.1552073884720046,0.07305420363744763
285000.0,15000.0,838.9117525640332,-91179.92773334053,-119652.8833000054,0.2275023820605803,0.15427498243528076,0.07322739962529953
290000.0,15000.0,848.7574189038088,-93038.47843400389,-121767.42132550292,0.22676354594251993,0.15337354840424117,0.07338999753827877
295000.0,15000.0,858.5955608773284,-94897.81166875783,-123882.54625156836,0.22604429384523433,0.15250156838143036,0.07354272546380397
300000.0,15000.0,868.4265413401445,-96757.88970062498,-125998.22977546873,0.22534387483673018,0.15165762197474345,0.07368625286198674
60000.0,20000.0,240.8734213209471,-5259.1641826215055,-20171.87313696613,0.2630837619972537,0.2168377866610562,0.04624597533619751
65000.0,20000.0,261.2140529069194,-6911.238497680388,-22352.80387326029,0.2643789742817344,0.21641595104135825,0.04796302324037616
70000.0,20000.0,280.2435011585663,-8349.675879509101,-24286.006909631826,0.2659487555478684,0.21505020453700263,0.05089855101086577
75000.0,20000.0,298.2279898346097,-9746.7890572006,-26150.71679290045,0.26708900704240607,0.21312538441261752,0.053963622629788544
80000.0,20000.0,316.1420141211446,-11151.230531400972,-28020.92289855073,0.26804801458176286,0.2114009661835749,0.05664704839818796
85000.0,20000.0,333.996034055407,-12561.912458237668,-29895.80934367825,0.26886170162748035,0.20984720133006096,0.05901450029741939
90000.0,20000.0,351.79853697599924,-13977.952154496073,-31774.714115872055,0.2695575616702565,0.20843995171997587,0.06111760995028065
95000.0,20000.0,369.55648163233633,-15398.625910237024,-33657.09443267777,0.27015691905783557,0.2071594265542828,0.06299749250355277
100000.0,20000.0,387.2756274857088,-16823.33474148628,-35542.50105611471,0.2706765138340976,0.205989245829312,0.06468726800478558
105000.0,20000.0,404.96078239782815,-18251.57863062588,-37430.55897296941,0.2711296318883325,0.20491573590641726,0.06621389598191524
110000.0,20000.0,421.79524498603706,-19768.294521452146,-39384.970891089106,0.27099960139956664,0.20353135313531354,0.0674682482642531
115000.0,20000.0,436.10908951740527,-21547.154690189855,-41535.99101764239,0.2693230326285451,0.20110738050180088,0.06821565212674424
120000.0,20000.0,450.36028659568115,-23332.530194049163,-43691.89764553687,0.26773447928404503,0.19886157826649417,0.06887290101755086
125000.0,20000.0,464.5554985754986,-25059.728148148155,-45788.17111111112,0.2664161626707464,0.196774998582043,0.06964116408870341
130000.0,20000.0,478.7004754601227,-26756.150552147243,-47852.36291411043,0.26526171634921175,0.19483128834355828,0.07043042800565347
135000.0,20000.0,492.8002059050001,-28457.278585879998,-49920.083939410004,0.2641584057794936,0.1930162597320057,0.07114214604748792
140000.0,20000.0,506.85903919109705,-30162.65992412591,-51990.99494309443,0.26310363797653175,0.1913175433200041,0.07178609465652763
145000.0,20000.0,520.8807844770599,-31871.898414385767,-54064.798810789325,0.2620948660806642,0.18972430579702948,0.0723705602836347
150000.0,20000.0,534.8687921194243,-33584.64561957988,-56141.23421468491,0.26112962220061836,0.18822701869338987,0.07290260350722849
155000.0,20000.0,548.8260207301234,-35300.59384406716,-58220.07038305037,0.26020553780336547,0.1868172676675553,0.07338827013581017
160000.0,20000.0,562.755092806857,-37019.47034808688,-60301.10276106516,0.2593203554043259,0.1854875942924657,0.07383276111186021
165000.0,20000.0,576.6583411453996,-38741.03252087845,-62384.14939065884,0.2584719342107667,0.18423136405815035,0.07424057015261634
170000.0,20000.0,588.4319747426636,-40684.074626762995,-64633.30597007225,0.2567394357038329,0.18238992088063294,0.07434951482319996
175000.0,20000.0,599.6750500397806,-42682.294795862814,-66923.8460968971,0.2548711475994278,0.18049537289058248,0.07437577470884532
180000.0,20000.0,610.8841463001212,-44684.04878478739,-69217.03658859053,0.2530830779152164,0.17869746184607851,0.07438561606913788
185000.0,20000.0,622.0617986672911,-46720.07293860172,-71543.67970395129,0.2513097866262087,0.17698897775655564,0.07432080886965303
190000.0,20000.0,633.2102962117864,-49038.12919397422,-74151.59689548067,0.24908417606975375,0.1753634104674639,0.07372076560228985
195000.0,20000.0,644.331711079944,-51359.00204768584,-76761.62653576439,0.24696227948180752,0.1738148667601683,0.07314741272163922
200000.0,20000.0,655.4279235953263,-53682.49594608607,-79373.62195956455,0.2449370236293773,0.17233799896319335,0.07259902466618395
205000.0,20000.0,666.5006439534191,-55963.43302884442,-81942.44977163331,0.24307865777042134,0.1709279432521443,0.07215071451827704
210000.0,20000.0,677.5514310371112,-58246.65117214044,-84512.98837910533,0.24129985490185588,0.16958026613816535,0.07171958876369053
215000.0,20000.0,688.5817087891161,-60532.00228593193,-87085.12671444894,0.23959562818995706,0.16829091790450468,0.07130471028545238
220000.0,20000.0,699.5927805035742,-62649.35082762828,-89488.76312072121,0.23822630649666263,0.16705619196095708,0.07117011453570554
225000.0,20000.0,710.5858413389738,-64538.572500746726,-91663.80437556005,0.23725813778538288,0.1658726892569115,0.07138544852847137
230000.0,20000.0,721.5619893054013,-66429.55311223827,-93840.1648341787,0.23632141337188464,0.16473728703342438,0.07158412633846026
235000.0,20000.0,732.5222349388288,-68322.1875663618,-96017.76567477135,0.2354146900538557,0.16364711130939102,0.07176757874446468
240000.0,20000.0,743.4675098419046,-70216.37897644192,-98196.53423233144,0.23453660593058015,0.1625995125913891,0.07193709333919104
245000.0,20000.0,754.2112516884605,-72131.52982440009,-100391.02236830007,0.23362781856025036,0.161551898501425,0.07207592005882535
250000.0,20000.0,764.2333785921801,-74121.72862641327,-102641.79646980995,0.232531718100393,0.160395116670676,0.072136601429717
255000.0,20000.0,774.2404992133099,-76113.48808181577,-104893.74106136183,0.23146935173350955,0.15928101295711458,0.07218833877639497
260000.0,20000.0,784.2334289688749,-78106.723387237,-107146.79254042775,0.23043922486328802,0.158207268301165,0.07223195656212303
265000.0,20000.0,794.212925249013,-80101.35577410263,-109400.89183057696,0.22943992684951167,0.15717172867268225,0.07226819817682942
270000.0,20000.0,804.1796924884043,-82097.31198120594,-111655.98398590446,0.22847012549388643,0.15617239064772345,0.07229773484616298
275000.0,20000.0,814.134386714959,-84014.27378164428,-113831.76783623322,0.227626737797302,0.15520738847200463,0.07241934932529737
280000.0,20000.0,824.077619637564,-85862.67755769333,-115938.69566827,0.22689031405026733,0.15427498243528076,0.07261533161498657
285000.0,20000.0,834.009962326478,-87712.21391804627,-118046.4729385347,0.226173077813743,0.1533735484042412,0.0727995294095018
290000.0,20000.0,843.9319485329602,-89562.82735257213,-120155.05801442909,0.22547431918848762,0.15250156838143036,0.07297275080705726
295000.0,20000.0,853.8440776887268,-91414.4659203724,-122264.4119402793,0.22479336068062833,0.15165762197474345,0.07313573870588488
300000.0,20000.0,863.7468176206926,-93267.08096744795,-124374.49822558596,0.22412955557550718,0.15084037867665673,0.07328917689885045
60000.0,25000.0,240.40482684525028,-1440.3980080939655,-18274.673506070474,0.2625719595873349,0.2164159510413582,0.046156008545976734
65000.0,25000.0,259.56559687616215,-3215.177924879128,-20547.633443659346,0.2627105452301189,0.2150502045370026,0.04766034069311628
70000.0,25000.0,277.7351644103195,-4743.042901326771,-22547.90717599508,0.2635683648022012,0.21312538441261752,0.05044298038958367
75000.0,25000.0,295.8149981419546,-6130.240193236721,-24405.18014492754,0.26492796389031886,0.21140096618357485,0.05352699770674402
80000.0,25000.0,313.81841854290116,-7525.384471538273,-26268.413353653705,0.26607790256368596,0.20984720133006093,0.05623070123362503
85000.0,25000.0,331.7562339260016,-8927.351671695826,-28136.76375377187,0.2670586967630649,0.20843995171997587,0.058618745043089004
90000.0,25000.0,349.6373060021169,-10335.220175779847,-30009.540131834885,0.26790156799690673,0.20715942655428282,0.06074214144262391
95000.0,25000.0,367.46896923289034,-11748.227199779401,-31886.17039983455,0.268630884618287,0.205989245829312,0.062641638788975
100000.0,25000.0,385.25734625298037,-13165.735989690045,-33766.17699226753,0.26926588716606153,0.2049157359064173,0.06435015125964424
105000.0,25000.0,402.22492256918,-14668.60805280527,-35710.20603960395,0.2692979170643752,0.20353135313531354,0.06576656392906169
110000.0,25000.0,416.7718413922321,-16423.228495207863,-37843.0463714059,0.2677721103650592,0.20110738050180088,0.06666472986325833
115000.0,25000.0,431.2389809931336,-18186.145976714106,-39982.10948253558,0.2663154539549651,0.19886157826649417,0.06745387568847092
120000.0,25000.0,445.63482563491755,-19956.478133968572,-42126.73360047643,0.2649252421746395,0.196774998582043,0.06815024359259647
125000.0,25000.0,459.96669773478055,-21669.463435582817,-44212.34757668711,0.26378454876241225,0.19483128834355828,0.06895326041885397
130000.0,25000.0,474.240950161538,-23352.441183200048,-46266.455887400036,0.26279056498119135,0.1930162597320057,0.06977430524918565
135000.0,25000.0,488.4631215641736,-25040.835357325937,-48324.62651799445,0.2618335745974531,0.1913175433200041,0.07051603127744899
140000.0,25000.0,502.6380627658071,-26734.141472356052,-50386.48110426703,0.26091258648600435,0.18972430579702948,0.07118828068897487
145000.0,25000.0,516.770040321983,-28431.915806513774,-52451.68685488533,0.260026437044837,0.18822701869338987,0.07179941835144715
150000.0,25000.0,530.8628219159355,-30133.766520742705,-54519.94989055703,0.25917385753235483,0.1868172676675553,0.07235658986479954
155000.0,25000.0,544.9197472018121,-31839.34629101155,-56591.00971825866,0.25835352283714885,0.1854875942924657,0.07286592854468316
160000.0,25000.0,558.9437869090391,-33548.34616145993,-58664.63462109494,0.25756408662486957,0.18423136405815035,0.07333272256671922
165000.0,25000.0,570.894482350295,-35472.97383556931,-60899.980376676984,0.25588843610627504,0.18238992088063294,0.0734985152256421
170000.0,25000.0,582.3197257233784,-37452.248524768656,-63176.31139357649,0.2540725932624804,0.18049537289058248,0.0735772203718979
175000.0,25000.0,593.7016980456906,-39436.023403248175,-65456.017552436126,0.25233238084958876,0.17869746184607854,0.07363491900351021
180000.0,25000.0,605.0436277291608,-41423.96271616727,-67738.84703712545,0.25066341057647124,0.17698897775655567,0.07367443281991556
185000.0,25000.0,616.348429820684,-43446.76329864887,-70055.57247398666,0.24900161481943037,0.1753634104674639,0.07363820435196647
190000.0,25000.0,627.6187431222354,-45752.15071528751,-72653.98803646563,0.24688464235624122,0.1738148667601683,0.07306977559607292
195000.0,25000.0,638.8569621565578,-48060.875935718,-75254.90695178851,0.2448638937428162,0.17233799896319335,0.07252589477962285
200000.0,25000.0,650.0652647945591,-50372.71246136585,-77858.15934602439,0.2429329685104032,0.17092794325214433,0.07200502525825886
205000.0,25000.0,661.2456362161338,-52642.45383352209,-80418.59037514158,0.24116211014373706,0.16958026613816535,0.07158184400557172
210000.0,25000.0,672.3998897598368,-54914.91146497697,-82981.05859873272,0.23946521017116068,0.1682909179045047,0.07117429226665598
215000.0,25000.0,683.529685122713,-57189.91274723784,-85545.43456042837,0.2378377499766206,0.16705619196095708,0.07078155801566352
220000.0,25000.0,694.6365442950398,-59297.29939331586,-87941.5995449869,0.23653860205060717,0.16587268925691148,0.07066591279369569
225000.0,25000.0,705.7218655521874,-61176.92598257252,-90109.4444869294,0.23563410058921302,0.16473728703342436,0.07089681355578867
230000.0,25000.0,716.7869357744642,-63058.65867945572,-92278.86900959178,0.23475751807794912,0.16364711130939102,0.0711104067685581
235000.0,25000.0,727.8329413235018,-64942.3741023558,-94449.78057676685,0.23390766603414673,0.1625995125913891,0.07130815344275762
240000.0,25000.0,738.6774152940927,-66847.04880941435,-96636.41160706076,0.23302550759412524,0.16155189850142504,0.0714736090927002
245000.0,25000.0,748.8107712199997,-68825.67979312004,-98878.50984484004,0.23195494180562864,0.16039511667067596,0.07155982513495268
250000.0,25000.0,758.9250171982027,-70806.29821138691,-101122.09865854017,0.23091655389817872,0.15928101295711458,0.07163554094106414
255000.0,25000.0,769.0211916322245,-72788.79607024865,-103367.09705268648,0.2299089712787036,0.158207268301165,0.07170170297753861
260000.0,25000.0,779.1002590304859,-74773.07306082948,-105613.42979562211,0.22893089372360534,0.15717172867268223,0.07175916505092311
265000.0,25000.0,789.1631164645846,-76759.03588768322,-107861.02691576241,0.22798108914834986,0.15617239064772345,0.0718086985006264
270000.0,25000.0,799.2105993618816,-78746.5976663643,-110109.82324977321,0.227058389608472,0.1552073884720046,0.07185100113646739
275000.0,25000.0,809.2434867110946,-80655.42738204614,-112279.5080365346,0.22625927361578696,0.15427498243528076,0.0719842911805062
280000.0,25000.0,819.2625057491471,-82495.9494020887,-114380.52455156653,0.22556458613787575,0.15337354840424117,0.07219103773363458
285000.0,25000.0,829.2683361885918,-84337.84303638648,-116482.56977728986,0.2248872080689065,0.15250156838143036,0.07238563968747613
290000.0,25000.0,839.2616140373092,-86181.04214011983,-118585.59410508987,0.22422654027382521,0.15165762197474345,0.07256891829908177
295000.0,25000.0,849.2429350556292,-88025.48475421454,-120689.5510656609,0.22358200799634823,0.1508403786766567,0.07274162931969153
300000.0,25000.0,859.2128578904089,-89871.11277939746,-122794.3970845481,0.22295305991889222,0.1500485908649174,0.07290446905397482
60000.0,30000.0,238.88769259375806,2239.3200297508447,-16474.259977686866,0.26091493414987227,0.21505020453700263,0.04586472961286964
65000.0,30000.0,257.2423389860294,380.70325454705744,-18810.097559089707,0.26035913828569957,0.21312538441261755,0.04723375387308201
70000.0,30000.0,275.48798216276475,-1139.2498550724704,-20804.437391304353,0.261435807509148,0.21140096618357485,0.050034841325573176
75000.0,30000.0,293.6408030303953,-2518.856484838878,-22656.01736362916,0.26298078376887934,0.20984720133006096,0.05313358243881838
80000.0,30000.0,311.71393087600393,-3906.7511888955923,-24513.813391671694,0.26429356604520143,0.20843995171997587,0.055853614325225565
85000.0,30000.0,329.71813037189736,-5301.814441322669,-26376.985830992002,0.2654180545584374,0.20715942655428282,0.0582586280041546
90000.0,30000.0,347.6623109800719,-6703.119658072523,-28244.839743554392,0.26638827335097237,0.205989245829312,0.060399027521660376
95000.0,30000.0,365.5539101081325,-8109.893348754209,-30116.795011565657,0.2672309187168016,0.20491573590641726,0.06231518281038434
100000.0,30000.0,382.6546001523229,-9598.921584158408,-32050.441188118806,0.2674467635473225,0.20353135313531354,0.06391541041200896
105000.0,30000.0,397.4345932670589,-11329.30230022587,-34165.1017251694,0.26609069237309124,0.20110738050180085,0.06498331187129039
110000.0,30000.0,412.1176753905861,-13069.76175937905,-36287.32131953428,0.2647818511189285,0.19886157826649417,0.06592027285243432
115000.0,30000.0,426.71415269433646,-14819.228119789012,-38416.29608984176,0.2635211061441821,0.196774998582043,0.06674610756213911
120000.0,30000.0,441.23292000943843,-16576.776319018405,-40551.33223926381,0.2623083553274357,0.19483128834355828,0.0674770669838774
125000.0,30000.0,455.68169441807595,-18277.603780520098,-42627.82783539007,0.2613271585384919,0.19301625973200573,0.06831089880648619
130000.0,30000.0,470.06720393725016,-19949.010790525994,-44673.258092894495,0.26047777202648104,0.19131754332000414,0.0691602287064769
135000.0,30000.0,484.39534105455414,-21626.38453032636,-46723.163397744764,0.2596530998297759,0.18972430579702942,0.06992879403274649
140000.0,30000.0,498.67128852454164,-23309.185993447667,-48777.13949508575,0.2588534878940681,0.1882270186933899,0.0706264692006782
145000.0,30000.0,512.8996231017474,-24996.93919741828,-50834.82939806371,0.2580789348269689,0.18681726766755527,0.07126166715941365
150000.0,30000.0,527.0844015967674,-26689.22223393619,-52895.91667545214,0.2573291855585987,0.18548759429246572,0.07184159126613296
155000.0,30000.0,541.2292326726784,-28385.65980204143,-54960.11985153107,0.25660380201205596,0.18423136405815033,0.07237243795390563
160000.0,30000.0,553.3569899579265,-30291.87304437563,-57181.654783281716,0.25498966270680556,0.18238992088063297,0.0725997418261726
165000.0,30000.0,564.9644014069762,-32252.202253674477,-59443.77669025586,0.253230433295804,0.18049537289058246,0.07273506040522157
170000.0,30000.0,576.5192497912599,-34217.998021708976,-61709.99851628173,0.25154178089750473,0.17869746184607851,0.07284431905142622
175000.0,30000.0,588.0254567910304,-36188.85249373285,-63980.014370299636,0.24991989074760687,0.17698897775655564,0.07293091299105123
180000.0,30000.0,599.4865634295817,-38164.3974033235,-66253.54805249262,0.2483611754544301,0.17536341046746387,0.07299776498696622
185000.0,30000.0,610.905775164527,-40175.299382889185,-68561.34953716688,0.2468028101616788,0.17381486676016833,0.07298794340151046
190000.0,30000.0,622.2860007177892,-42469.25592534992,-71151.19194401245,0.24478691628332305,0.17233799896319335,0.0724489173201297
195000.0,30000.0,633.629885635699,-44766.991893887294,-73743.86892041547,0.2428604369667195,0.17092794325214433,0.07193249371457516
200000.0,30000.0,644.9398413951563,-47068.25649490373,-76339.1923711778,0.24101756956706313,0.16958026613816535,0.07143730342889779
205000.0,30000.0,656.2180707305575,-49327.82064402202,-78891.99048301652,0.23932851271037558,0.1682909179045047,0.07103759480587088
210000.0,30000.0,667.4665897418517,-51590.47466684741,-81447.10600013557,0.23770828881582537,0.16705619196095708,0.07065209685486828
215000.0,30000.0,678.6872472511061,-53856.02628588496,-84004.39471441372,0.23615279824321084,0.16587268925691148,0.07028010898629936
220000.0,30000.0,689.8817417989735,-55954.298852906744,-86393.72413968005,0.23491949009244253,0.16473728703342438,0.07018220305901815
225000.0,30000.0,701.0516366100998,-57825.12979254962,-88554.9723444122,0.234074753699127,0.16364711130939105,0.07042764238973595
230000.0,30000.0,712.1983728050991,-59698.3692282697,-90718.02692120228,0.233254700991769,0.16259951259138913,0.07065518840037988
235000.0,30000.0,723.143578899725,-61592.56779442861,-92896.80084582146,0.23240061990108865,0.16155189850142504,0.07084872139966361
240000.0,30000.0,733.3881638478192,-63559.630959826805,-95130.22321987011,0.2313569436478861,0.16039511667067596,0.07096182697721012
245000.0,30000.0,743.6095351830957,-65529.108340958046,-97365.45625571854,0.2303437838888004,0.1592810129571146,0.07106277093168578
250000.0,30000.0,753.808954295574,-67500.86875326029,-99602.40156494522,0.22935989996237524,0.15820726830116502,0.07115263166121022
255000.0,30000.0,763.9875928119588,-69474.79034755629,-101840.96776066722,0.2284041108935942,0.15717172867268225,0.07123238222091194
260000.0,30000.0,774.1465404407652,-71450.75979416043,-104081.06984562032,0.22747529258517007,0.15617239064772345,0.07130290193744662
265000.0,30000.0,784.2868120088042,-73428.67155108438,-106322.62866331328,0.22657237505914082,0.1552073884720046,0.07136498658713622
270000.0,30000.0,794.4093537846254,-75408.42720639898,-108565.57040479923,0.22569433977009767,0.15427498243528076,0.07141935733481691
275000.0,30000.0,804.5150491718161,-77309.6848861311,-110729.57616459831,0.22493723289436843,0.1533735484042412,0.07156368449012723
280000.0,30000.0,814.6047238442236,-79142.85872020073,-112825.08154015054,0.2242821758721407,0.15250156838143036,0.07178060749071033
285000.0,30000.0,824.6791503858915,-80977.61835986727,-114921.77626990044,0.22364267823767947,0.15165762197474347,0.071985056262936
290000.0,30000.0,834.7390524905662,-82813.8885409811,-117019.60390573583,0.2230182420366124,0.1508403786766567,0.07217786335995571
295000.0,30000.0,844.7851087687823,-84651.59868804667,-119118.51151603501,0.22240838651376635,0.1500485908649174,0.07235979564884895
300000.0,30000.0,854.817956204655,-86490.6825547159,-121218.44941603692,0.22181264777319024,0.14928108744724702,0.07253156032594321
60000.0,35000.0,236.7495135617392,5784.449410420872,-14757.287942184346,0.2585795989332165,0.21312538441261752,0.045454214520599
65000.0,35000.0,255.16096618357486,3931.7404830917803,-17088.694637681165,0.2582525471567494,0.21140096618357487,0.04685158097317452
70000.0,35000.0,273.4631875178894,2417.6715018605028,-19078.621373604623,0.25951429420440275,0.20984720133006093,0.04966709287434182
75000.0,35000.0,291.6716278260062,1043.849293904641,-20925.86302957152,0.26121721673976017,0.20843995171997584,0.05277726501978433
80000.0,35000.0,309.79895474167796,-338.4087068654917,-22779.43153014912,0.2626699110805031,0.20715942655428288,0.055510484526220205
85000.0,35000.0,327.8556527272534,-1728.012116365644,-24638.509087274233,0.26391878852613765,0.205989245829312,0.05792954269682565
90000.0,35000.0,345.85047396328474,-3124.0507078183873,-26502.41303086379,0.26499999478509995,0.2049157359064173,0.060084258878682656
95000.0,35000.0,363.0842777354659,-4599.235115511547,-28425.67633663366,0.2654255430674337,0.20353135313531356,0.06189418993212015
100000.0,35000.0,378.09734514188574,-6305.376105243893,-30522.15707893292,0.26426158531422117,0.20110738050180085,0.06315420481242032
105000.0,35000.0,392.9963697880386,-8023.377542043978,-32627.533156532983,0.2631192098236458,0.19886157826649414,0.06425763155715164
110000.0,35000.0,407.7934797537554,-9751.97810560945,-34740.85857920709,0.2620035948254189,0.196774998582043,0.0652285962433759
115000.0,35000.0,422.49914228409625,-11490.089202453993,-36861.316901840495,0.2609180891157983,0.19483128834355828,0.06608680077224
120000.0,35000.0,437.1224386746138,-13236.766377840162,-38988.19978338012,0.25986471717251536,0.1930162597320057,0.06684845744050966
125000.0,35000.0,451.67128631032665,-14927.186223726021,-41056.889667794516,0.2590272448745994,0.1913175433200041,0.06770970155459527
130000.0,35000.0,466.15261934330135,-16588.62758829666,-43094.845691222494,0.25830858799300593,0.18972430579702945,0.06858428219597648
135000.0,35000.0,480.57253672710027,-18256.45618038158,-45137.59213528619,0.2576039409928946,0.18822701869338987,0.0693769222995047
140000.0,35000.0,494.93642428755936,-19930.111874093825,-47184.70890557037,0.25691477063321644,0.18681726766755527,0.07009750296566117
145000.0,35000.0,509.24905599172257,-21609.09817686086,-49235.823632645646,0.2562420559741984,0.1854875942924657,0.07075446168173272
150000.0,35000.0,523.5146784363178,-23292.973442622955,-51290.60508196722,0.25558640214333284,0.18423136405815033,0.07135503808518251
155000.0,35000.0,535.819497565558,-25180.77225318196,-53498.32918988647,0.2540389764029324,0.18238992088063297,0.07164905552229942
160000.0,35000.0,547.609077090574,-27122.155982580298,-55746.24198693522,0.2523409957704292,0.18049537289058243,0.07184562287984675
165000.0,35000.0,559.3368015368293,-29069.972640169755,-57998.97948012732,0.2507080096705566,0.17869746184607851,0.0720105478244781
170000.0,35000.0,571.0072858529,-31023.742271298397,-60256.1817034738,0.24913684953432846,0.17698897775655567,0.07214787177777279
175000.0,35000.0,582.6246970384794,-32983.03150799813,-62517.52363099859,0.24762448453394142,0.1753634104674639,0.07226107406647753
180000.0,35000.0,594.1928072068184,-34947.44805049088,-64782.711037868154,0.24616802618594089,0.1738148667601683,0.07235315942577258
185000.0,35000.0,605.7150392790206,-36947.63591498186,-67082.4769362364,0.24470577939943886,0.17233799896319338,0.07236778043624548
190000.0,35000.0,617.194506476839,-39231.27132640875,-69664.57849480657,0.24278408933063747,0.17092794325214433,0.07185614607849314
195000.0,35000.0,628.6340465741789,-41519.059156285395,-72249.79436721405,0.2409456098965302,0.16958026613816535,0.07136534375836484
200000.0,35000.0,640.0362517012782,-43810.72982306708,-74837.92236730031,0.23918507110082476,0.16829091790450468,0.07089415319632009
205000.0,35000.0,651.4034943609905,-46061.03658645699,-77383.77743984274,0.23757259428439226,0.1670561919609571,0.07051640232343515
210000.0,35000.0,662.7379502071723,-48314.75317845407,-79932.18988384055,0.2360242542446714,0.16587268925691148,0.07015156498775993
215000.0,35000.0,674.0416180457596,-50571.671723240994,-82483.00379243074,0.2345363271206334,0.16473728703342436,0.06979904008720905
220000.0,35000.0,685.3163374457351,-52661.60090564354,-84866.07567923266,0.23336487225325772,0.16364711130939102,0.0697177609438667
225000.0,35000.0,696.5638042866963,-54524.3643541836,-87021.2732656377,0.23257630737807816,0.1625995125913891,0.06997679478668906
230000.0,35000.0,707.6097425053571,-56408.08677944285,-89192.19008458214,0.2317518618539703,0.16155189850142504,0.07019996335254525
235000.0,35000.0,717.9655564756389,-58363.582126533554,-91416.93659490017,0.23073653042241238,0.16039511667067596,0.07034141375173641
240000.0,35000.0,728.2940531679883,-60321.9184705292,-93643.8138528969,0.22974993942340247,0.15928101295711458,0.07046892646628788
245000.0,35000.0,738.5967169589235,-62282.94143627194,-95872.70607720395,0.22879099110835513,0.158207268301165,0.07058372280719014
250000.0,35000.0,748.8749265934316,-64246.5076342831,-98103.50572571233,0.227858633502583,0.15717172867268225,0.07068690482990075
255000.0,35000.0,759.1299644169457,-66212.48370063765,-100336.11277547824,0.22695185917504104,0.15617239064772345,0.07077946852731759
260000.0,35000.0,769.3630246557268,-68180.74543580442,-102570.43407685331,0.22606970385494352,0.1552073884720046,0.07086231538293891
265000.0,35000.0,779.575220858156,-70151.17703075177,-104806.38277306383,0.22521124494581432,0.15427498243528076,0.07093626251053356
270000.0,35000.0,789.7675925944853,-72123.67037017352,-107043.87777763014,0.22437559997657916,0.1533735484042412,0.07100205157233797
275000.0,35000.0,799.9411114998551,-74017.87440401508,-109202.59330301131,0.22365838934206775,0.15250156838143034,0.07115682096063741
280000.0,35000.0,810.0966867344739,-75844.19457961473,-111292.95843471105,0.2230409942999106,0.15165762197474345,0.07138337232516714
285000.0,35000.0,820.235169925503,-77672.29232774768,-113384.65674581076,0.2224375262804217,0.1508403786766567,0.07159714760376501
290000.0,35000.0,830.3573596471556,-79502.08459669583,-115477.62594752188,0.22184757986121018,0.1500485908649174,0.07179898899629278
295000.0,35000.0,840.4640054885737,-81333.49342918833,-117571.80757189124,0.22127076039022922,0.14928108744724705,0.07198967294298217
300000.0,35000.0,850.5558117530713,-83166.4455776806,-119667.14668326045,0.22070668417107417,0.14853676808196997,0.0721699160891042
60000.0,40000.0,234.83395020438496,9352.730821256031,-13022.951884057977,0.25648740623037214,0.21140096618357487,0.045086440046797266
65000.0,40000.0,253.28557200538356,7504.199488559883,-15351.225383580088,0.2563544303300072,0.20984720133006093,0.046507228999946276
70000.0,40000.0,271.6293247760085,5994.449776704889,-17337.912667471333,0.2577739736901623,0.2084399517199758,0.04933402197018649
75000.0,40000.0,289.87977911145845,4624.997027591686,-19181.877229306236,0.2596124609480446,0.20715942655428288,0.0524530343937617
80000.0,40000.0,308.04899447443495,3247.0954253412347,-21032.178430994074,0.2611861684766121,0.20598924582931197,0.05519692264730011
85000.0,40000.0,326.1470378184369,1861.7919331174344,-22888.031050161924,0.26254337964408403,0.2049157359064173,0.05762764373766674
90000.0,40000.0,343.5139553186088,400.451353135315,-24800.911485148514,0.26320969095362345,0.20353135313531354,0.05967833781830992
95000.0,40000.0,358.7600970167126,-1281.4499102618865,-26879.212432696415,0.2622644367183644,0.20110738050180088,0.06115705621656353
100000.0,40000.0,373.87506418549106,-2976.993324708921,-28967.74499353169,0.26131052873179483,0.19886157826649414,0.06244895046530069
105000.0,40000.0,388.87280681317435,-4684.728091429861,-31065.421068572396,0.2603583989993893,0.19677499858204298,0.06358340041734631
110000.0,40000.0,403.76536455875413,-6403.402085889567,-33171.301564417176,0.25941556751782563,0.19483128834355828,0.06458427917426734
115000.0,40000.0,418.5631829311518,-8131.928975160205,-35284.57173137015,0.25848740254054087,0.19301625973200573,0.06547114280853514
120000.0,40000.0,433.2753686834032,-9869.361656926078,-37404.52124269456,0.2575776743058988,0.19131754332000414,0.06626013098589464
125000.0,40000.0,447.90989763204846,-11550.870646266965,-39466.527984700224,0.2568701404144157,0.18972430579702942,0.06714583461738627
130000.0,40000.0,462.4737849296589,-13203.726367315481,-41498.04477548661,0.25627003992223296,0.18822701869338987,0.06804302122884309
135000.0,40000.0,476.9732254733713,-14863.284550769378,-43534.58841307703,0.2556745823779907,0.18681726766755527,0.06885731471043541
140000.0,40000.0,491.4137103866778,-16528.974119785504,-45575.73058983913,0.2550861777282707,0.1854875942924657,0.069598583435805
145000.0,40000.0,505.80012419995717,-18200.287083204457,-47621.09031240334,0.25450663523489886,0.18423136405815033,0.07027527117674853
150000.0,40000.0,518.2820051731894,-20069.6714619883,-49815.003596491224,0.2530317457258485,0.18238992088063297,0.07064182484521556
155000.0,40000.0,530.253752774172,-21992.10971148612,-52048.70728361459,0.2514001845781711,0.18049537289058248,0.07090481168758861
160000.0,40000.0,542.1543532823987,-23921.947258630535,-54287.9604439729,0.24982743181579084,0.17869746184607851,0.07112996996971233
165000.0,40000.0,553.9891149147697,-25858.632048863947,-56532.34903664796,0.2483110497965153,0.17698897775655567,0.07132207203995963
170000.0,40000.0,565.7628306473771,-27801.665612672776,-58781.49920950458,0.24684863521587844,0.17536341046746387,0.07148522474841457
175000.0,40000.0,577.47983924911,-29750.596718092565,-61035.072538569424,0.24543784060248977,0.17381486676016833,0.07162297384232144
180000.0,40000.0,589.144077840252,-31705.0159046138,-63292.76192846035,0.2440763890475565,0.17233799896319335,0.07173839008436314
185000.0,40000.0,600.7591273179789,-33695.550758930185,-65585.28806919765,0.24270361630224183,0.17092794325214433,0.0717756730500975
190000.0,40000.0,612.3282517532015,-35969.86181766706,-68160.3963632503,0.24086986422148446,0.16958026613816535,0.07128959808331911
195000.0,40000.0,623.8544326719989,-38248.63900211212,-70738.8542515841,0.23911365855217231,0.1682909179045047,0.07082274064766761
200000.0,40000.0,635.3403989801292,-40531.59850606657,-73320.44887954992,0.23743020508503032,0.16705619196095708,0.07037401312407324
205000.0,40000.0,646.7886531632386,-42773.480071023194,-75859.98505326739,0.2358895210355514,0.1658726892569115,0.0700168317786399
210000.0,40000.0,658.2014942925457,-45019.044593575236,-78402.28344518143,0.2344086630086046,0.16473728703342436,0.06967137597518025
215000.0,40000.0,669.5810382813708,-47268.07201873744,-80947.17901405308,0.23298424492457923,0.16364711130939105,0.06933713361518817
220000.0,40000.0,680.9292357682934,-49350.35948009748,-83324.51961007311,0.2318709702891895,0.16259951259138913,0.06927145769780035
225000.0,40000.0,692.0759061109893,-51223.60576445711,-85487.57932334283,0.23107783906954527,0.161551898501425,0.06952594056812025
230000.0,40000.0,702.5429491034586,-53167.533293240296,-87703.64996993022,0.23009241776497016,0.160395116670676,0.06969730109429417
235000.0,40000.0,712.9785711528813,-55114.72860010035,-89922.17145007526,0.22913383558522676,0.1592810129571146,0.06985282262811215
240000.0,40000.0,723.384479622273,-57065.01411928359,-92143.01058946269,0.22820114986537124,0.15820726830116502,0.06999388156420622
245000.0,40000.0,733.7622603749046,-59018.22492100991,-94366.04369075743,0.22729344841972507,0.15717172867268225,0.07012171974704282
250000.0,40000.0,744.1133883931261,-60974.207607114906,-96591.15570533619,0.22640985006870928,0.15617239064772348,0.0702374594209858
255000.0,40000.0,754.4392373026495,-62932.81932052446,-98818.23949039335,0.22554950478333957,0.1552073884720046,0.07034211631133497
260000.0,40000.0,764.7410879316868,-64893.92685510457,-101047.19514132843,0.22471159353126693,0.1542749824352808,0.07043661109598615
265000.0,40000.0,775.0201360171544,-66857.40585421596,-103277.92939066197,0.22389532789197764,0.1533735484042412,0.07052177948773644
270000.0,40000.0,785.2774991554869,-68823.14008782938,-105510.35506587203,0.22309994949563638,0.15250156838143036,0.07059838111420602
275000.0,40000.0,795.5142230830562,-70710.77079936216,-107664.14059952162,0.22242065981565062,0.15165762197474347,0.07076303784090715
280000.0,40000.0,805.73128736044,-72530.69611451426,-109749.70958588569,0.2218390846601791,0.15084037867665673,0.07099870598352237
285000.0,40000.0,815.9296105255289,-74352.57050534501,-111836.74037900876,0.2212699123846769,0.1500485908649174,0.07122132151975949
290000.0,40000.0,826.1100547724922,-76176.30430366081,-113925.16572774561,0.22071282228192263,0.14928108744724702,0.0714317348346756
295000.0,40000.0,836.2734302067281,-78001.81325850029,-116014.92244387523,0.22016749865262816,0.14853676808197,0.07163073057065816
300000.0,40000.0,846.4204987199631,-79829.01813312386,-118105.9510998429,0.21963363145079987,0.14781459791458362,0.07181903353621624
60000.0,45000.0,233.1079564928777,12940.727475259278,-11273.829393555541,0.25460226292017724,0.20984720133006093,0.0447550615901163
65000.0,45000.0,251.58702172601085,11095.050259505137,-13599.962305371148,0.254635300077905,0.20843995171997584,0.046195348357929183
70000.0,45000.0,269.9606034812389,9588.402762048849,-15584.322928463363,0.2561903710379491,0.20715942655428282,0.049030944483666294
75000.0,45000.0,288.2423362216165,8222.202967048113,-17425.847774713915,0.25814598895197516,0.20598924582931197,0.05215674312266319
80000.0,45000.0,306.4436016735891,6847.634574053271,-19273.649069460047,0.25982500060372793,0.20491573590641726,0.05490926469731067
85000.0,45000.0,323.9436329017517,5400.137821782177,-21176.146633663368,0.2607696723695358,0.20353135313531354,0.05723831923422226
90000.0,45000.0,339.4228488915395,3742.4762847201055,-23236.26778645992,0.2600749744693149,0.2011073805018009,0.05896759396751397
95000.0,45000.0,354.7537585829436,2069.3908926261356,-25307.9568305304,0.25933568265297957,0.1988615782664942,0.06047410438648537
100000.0,45000.0,369.9521338725933,382.5219227497,-27389.983557937725,0.25856869571740393,0.196774998582043,0.061793697135360925
105000.0,45000.0,385.031586833412,-1316.7149693251413,-29481.286226993856,0.25778662265860786,0.19483128834355828,0.06295533431504957
110000.0,45000.0,400.00392718768967,-3027.091572480276,-31580.943679360207,0.2569988782820765,0.19301625973200573,0.06398261855007079
115000.0,45000.0,414.87945105647964,-4747.537090126119,-33688.152817594586,0.25621248127949814,0.19131754332000409,0.06489493795949405
120000.0,45000.0,429.66717592079567,-6477.113704237243,-35802.21027817793,0.2554326414528567,0.18972430579702945,0.06570833565582726
125000.0,45000.0,444.3750331322175,-8150.996554249374,-37858.49741568703,0.2548429444421502,0.18822701869338984,0.06661592574876038
130000.0,45000.0,459.0100266591833,-9796.457227444924,-39884.46792058369,0.25435067173492965,0.18681726766755527,0.06753340406737438
135000.0,45000.0,473.578364781633,-11448.850062710175,-41915.63754703263,0.2538548165227265,0.1854875942924657,0.06836722223026082
140000.0,45000.0,488.0855699635966,-13107.60072378596,-43951.57554283947,0.2533585852709933,0.18423136405815033,0.06912722121284298
145000.0,45000.0,500.7445127808208,-14958.570670794637,-46131.67800309598,0.2519627713847768,0.18238992088063294,0.06957285050414386
150000.0,45000.0,512.8984284577698,-16862.06344039194,-48351.172580293955,0.25040341635891156,0.18049537289058246,0.0699080434683291
155000.0,45000.0,524.971905027968,-18773.921877091336,-50576.94140781851,0.24889599202627985,0.1786974618460785,0.07019853018020136
160000.0,45000.0,536.9709439766393,-20693.521826429518,-52808.516369822144,0.24743889093796187,0.17698897775655564,0.07044991318140623
165000.0,45000.0,548.9009642562748,-22620.29971734742,-55045.47478801057,0.2460304200918539,0.1753634104674639,0.07066700962439001
170000.0,45000.0,560.7668712914015,-24553.745385694252,-57287.434039270694,0.24466884240904907,0.17381486676016833,0.07085397564888074
175000.0,45000.0,572.5731164014834,-26493.39589424571,-59534.04692068428,0.24335240769504438,0.17233799896319335,0.07101440873185103
180000.0,45000.0,584.323748159119,-28438.83019145162,-61784.997643588715,0.24207937557183296,0.17092794325214433,0.07115143231968862
185000.0,45000.0,596.022456932224,-30420.66447904869,-64070.99835928652,0.24079002568067814,0.16958026613816535,0.0712097595425128
190000.0,45000.0,607.6726136427196,-32686.54818115715,-66639.78613586786,0.23903848878465733,0.1682909179045047,0.07074757088015263
195000.0,45000.0,619.277303599268,-34957.16042567615,-69212.12031925711,0.23735931647984207,0.16705619196095708,0.07030312451888499
200000.0,45000.0,630.8393561193047,-37232.206963592325,-71787.78022269424,0.23574814058660154,0.1658726892569115,0.06987545132969003
205000.0,45000.0,642.3613705393319,-39466.417463909485,-74321.56309793211,0.23427485205127846,0.16473728703342436,0.0695375650178541
210000.0,45000.0,653.8457391170062,-41704.543131831335,-76858.2823488735,0.2328574256505241,0.16364711130939105,0.06921031434113306
215000.0,45000.0,665.2946672498906,-43946.35460601136,-79397.76595450852,0.23149277957364983,0.1625995125913891,0.06889326698226073
220000.0,45000.0,676.5420697166215,-46039.124749471375,-81782.96856210353,0.23037704640431886,0.16155189850142504,0.06882514790289382
225000.0,45000.0,687.1203417312781,-47971.48445994707,-83990.3633449603,0.2294232212767247,0.16039511667067596,0.06902810460604875
230000.0,45000.0,697.663089137774,-49907.538729671505,-86200.52904725363,0.2284941969312237,0.1592810129571146,0.06921318397410908
235000.0,45000.0,708.1722422856226,-51847.086802295235,-88413.31510172143,0.22758919930442217,0.15820726830116502,0.06938193100325715
240000.0,45000.0,718.6495941563774,-53789.94220773675,-90628.58165580255,0.22670746796005525,0.15717172867268225,0.069535739287373
245000.0,45000.0,729.0968123693065,-55735.931513592135,-92846.1986351941,0.22584825857707286,0.15617239064772345,0.0696758679293494
250000.0,45000.0,739.515449949572,-57684.8932052445,-95066.04490393338,0.22501084479630284,0.1552073884720046,0.06980345632429824
255000.0,45000.0,749.9069550052175,-59636.67667945736,-97288.00750959302,0.22419451954771083,0.15427498243528076,0.06991953711243007
260000.0,45000.0,760.2726794398235,-61591.14133825834,-99511.98100369376,0.2233985959578386,0.15337354840424117,0.07002504755359742
265000.0,45000.0,770.6138868111185,-63548.15577164368,-101737.86682873276,0.22262240791878954,0.15250156838143036,0.07012083953735918
270000.0,45000.0,780.9317594316386,-65507.597019109584,-103965.57276433219,0.22186531038531626,0.15165762197474347,0.07020768841057279
275000.0,45000.0,791.2274047953767,-67389.09990128083,-106114.76242596062,0.2212220929963671,0.15084037867665673,0.07038171431971038
280000.0,45000.0,801.5018614039022,-69203.05641399417,-108195.85481049563,0.22067461209028544,0.1500485908649174,0.07062602122536804
285000.0,45000.0,811.7561040564108,-71019.11517813326,-110278.52388359993,0.2201381095933015,0.14928108744724705,0.07085702214605444
290000.0,45000.0,821.9910486603849,-72837.18093932,-112362.69820449,0.21961234243816855,0.14853676808197,0.07107557435619855
295000.0,45000.0,832.2075566127916,-74657.16411226966,-114448.31058420223,0.21909706739572038,0.14781459791458362,0.07128246948113676
300000.0,45000.0,842.4064387958924,-76478.9803652272,-116535.2977739204,0.2185920421233698,0.14711360277732166,0.07147843934604814
60000.0,50000.0,231.54471867601316,16545.65074230537,-9512.011943270973,0.25289488282194256,0.20843995171997584,0.044454931101966716
65000.0,50000.0,250.04142785101934,14701.808496506012,-11836.768627620491,0.25307097948037577,0.2071594265542828,0.045911552926092974
70000.0,50000.0,268.435677968798,13197.310508754992,-13819.517118433756,0.25474322938913213,0.20598924582931197,0.04875398355982016
75000.0,50000.0,286.7401655287413,11833.477214989092,-15659.26708875818,0.25680066492993836,0.20491573590641726,0.0518849290235211
80000.0,50000.0,304.37331048489466,10399.824290429038,-17551.38178217822,0.2580696583273198,0.20353135313531354,0.05453830519200628
85000.0,50000.0,320.08560076636627,8766.402479702083,-19593.323140223438,0.25766401547816936,0.20110738050180085,0.05655663497636851
90000.0,50000.0,335.63245298039607,7115.775109961192,-21648.168667529106,0.25717067052207465,0.1988615782664942,0.05830909225558045
95000.0,50000.0,351.03146093201224,5449.771936929275,-23714.546047303043,0.25661457095511386,0.196774998582043,0.05983957237307086
100000.0,50000.0,366.2978091080698,3769.9721472392557,-25791.27088957056,0.2560145977637047,0.19483128834355828,0.06118330942014644
105000.0,50000.0,381.4446714442276,2077.7458301996667,-27877.31562735025,0.25538510850870483,0.1930162597320057,0.062368848776699126
110000.0,50000.0,396.48353342955613,374.2874766738387,-29971.78439249462,0.25473705737118574,0.19131754332000409,0.06341951405118165
115000.0,50000.0,411.42445420954283,-1339.3567622075498,-32073.892571655662,0.2540788173616725,0.18972430579702945,0.06435451156464303
120000.0,50000.0,426.2762813347762,-3062.266741183281,-34182.95005588746,0.25341679009269874,0.18822701869338984,0.0651897713993089
125000.0,50000.0,441.04682784499533,-4729.629904120491,-36234.34742809037,0.2529342646742406,0.1868172676675553,0.06611699700668533
130000.0,50000.0,455.74301917658823,-6368.726005634817,-38255.54450422611,0.2525403288241023,0.1854875942924657,0.06705273453163663
135000.0,50000.0,470.371015727236,-8014.9143643674615,-40282.060773275596,0.25213556356212363,0.18423136405815033,0.0679041995039733
140000.0,50000.0,483.2070203884523,-9847.469879600969,-42448.35240970073,0.25082619649616195,0.18238992088063297,0.06843627561552898
145000.0,50000.0,495.5431041413676,-11732.01716929776,-44653.63787697332,0.24934554582872764,0.18049537289058246,0.06885017293814519
150000.0,50000.0,507.7894567735374,-13625.896495552122,-46865.92237166409,0.24790915259667023,0.1786974618460785,0.06921169075059175
155000.0,50000.0,519.952773038509,-15528.411603995075,-49084.683702996306,0.24651635642356953,0.17698897775655564,0.06952737866701389
160000.0,50000.0,532.0390978651726,-17438.933822022052,-51309.45036651654,0.24516627163558277,0.1753634104674639,0.06980286116811887
165000.0,50000.0,544.0539033336929,-19356.894053295953,-53539.795539971965,0.24385785252019834,0.1738148667601683,0.07004298576003004
170000.0,50000.0,556.0021549627148,-21281.77588387765,-55775.33191290824,0.24258994351499963,0.17233799896319338,0.07025194455180625
175000.0,50000.0,567.8883690002589,-23213.109623973083,-58015.70721797981,0.24136131777678893,0.17092794325214433,0.0704333745246446
180000.0,50000.0,579.7166621112466,-25150.46714043035,-60260.600355322764,0.24017070676077013,0.16958026613816535,0.07059044062260478
185000.0,50000.0,591.4907946134404,-27124.457360202214,-62540.71802015166,0.23895925727015138,0.1682909179045047,0.07066833936564668
190000.0,50000.0,603.2142082184067,-29382.7223452857,-65103.791758964275,0.23728469822195858,0.1670561919609571,0.07022850626100147
195000.0,50000.0,614.8900590753709,-31645.933856161428,-67670.57539212107,0.2356777541888139,0.16587268925691148,0.06980506493190242
200000.0,50000.0,626.521246786118,-33913.790334243735,-70240.8427506828,0.23413443935462594,0.16473728703342436,0.06939715232120158
205000.0,50000.0,638.1104399526416,-36141.01424492529,-72769.38568369397,0.23272450020891758,0.16364711130939102,0.06907738889952655
210000.0,50000.0,649.6600987314878,-38372.349731925264,-75301.01229894394,0.23136677214227164,0.1625995125913891,0.06876725955088253
215000.0,50000.0,661.0082333222538,-40624.64373448561,-77848.3578008642,0.2300012923376718,0.16155189850142504,0.06844939383624676
220000.0,50000.0,671.6977343590977,-42775.43562665384,-80277.07671999038,0.228727446591663,0.16039511667067596,0.06833232992098703
225000.0,50000.0,682.3476071226669,-44700.34885924263,-82478.88664443197,0.2278296486785862,0.1592810129571146,0.0685486357214716
230000.0,50000.0,692.960004948972,-46629.15948530691,-84683.61961398018,0.226953872580471,0.15820726830116502,0.06874660427930598
235000.0,50000.0,703.5369279378504,-48561.65949446356,-86891.11962084766,0.22609952289811608,0.15717172867268228,0.0689277942254338
240000.0,50000.0,714.0802363454869,-50497.65542006935,-89101.24156505201,0.22526600393094584,0.15617239064772345,0.06909361328322239
245000.0,50000.0,724.5916625964949,-52436.96708996454,-91313.8503174734,0.22445272342514713,0.15520738847200463,0.0692453349531425
250000.0,50000.0,735.0728220787482,-54379.4265038102,-93528.81987785766,0.22365909555239205,0.1542749824352808,0.06938411311711126
255000.0,50000.0,745.5252228624928,-56324.876822300736,-95746.03261672554,0.22288454325536122,0.1533735484042412,0.06951099485112003
260000.0,50000.0,755.9502744667503,-58273.17145545798,-97965.37859159349,0.22212850007216609,0.15250156838143036,0.06962693169073572
265000.0,50000.0,766.3492957802209,-60224.17323885701,-100186.75492914276,0.22139041153209585,0.15165762197474347,0.06973278955735238
270000.0,50000.0,776.7235222303136,-62177.75368804739,-102410.06526603556,0.22066973619900515,0.1508403786766567,0.06982935752234845
275000.0,50000.0,787.0741122822756,-64053.542322643334,-104554.9692419825,0.22006085912478252,0.1500485908649174,0.07001226825986512
280000.0,50000.0,797.4021533403293,-65861.92605260575,-106631.8820394543,0.21954585427925835,0.14928108744724702,0.07026476683201133
285000.0,50000.0,807.7086671140416,-67672.54862013966,-108710.47396510474,0.21904049528188593,0.14853676808197,0.07050372719991593
290000.0,50000.0,817.9946145056201,-69485.31009141552,-110790.67006856165,0.2185446102924741,0.14781459791458362,0.07073001237789048
295000.0,50000.0,828.2609000673039,-71300.11639300041,-112872.39979475031,0.21805802266671798,0.14711360277732166,0.07094441988939632
300000.0,50000.0,838.508376072328,-73116.8788884779,-114955.59666635844,0.21758055235806495,0.14643286480488257,0.07114768755318238
60000.0,55000.0,230.12225222079988,20165.21423096319,-7739.214326777608,0.2513412542634235,0.20715942655428285,0.04418182770914067
65000.0,55000.0,248.62901971597958,18322.418050461885,-10063.186462153586,0.2516414583276909,0.205989245829312,0.04565221249837892
70000.0,55000.0,267.0367293838935,16819.31985592493,-12044.885108056304,0.2534156387984754,0.2049157359064173,0.048499902892058105
75000.0,55000.0,284.8029880680376,15399.510759075914,-13926.616930693064,0.25506575465296805,0.20353135313531356,0.05153440151765448
80000.0,55000.0,300.74835264119315,13790.32867468409,-15950.378493986933,0.25499615746522164,0.20110738050180088,0.05388877696342076
85000.0,55000.0,316.5111473778486,12162.15932729625,-17988.380504527813,0.2547866351429719,0.19886157826649423,0.05592505687647767
90000.0,55000.0,332.11078799143115,10517.021951108836,-20039.108536668373,0.25447227548153567,0.19677499858204298,0.057697276899492694
95000.0,55000.0,347.5640313827277,8856.659263803682,-22101.25555214724,0.2540797755161402,0.19483128834355828,0.05924848717258191
100000.0,55000.0,362.8854157007655,7182.58323287961,-24173.687575340293,0.25362959161881465,0.19301625973200573,0.060613331886808924
105000.0,55000.0,378.0876158026328,5496.112043473811,-26255.41596739464,0.2531374902209664,0.19131754332000414,0.061819946900962236
110000.0,55000.0,393.18173249829,3798.400179822158,-28345.57486513338,0.2526156803596847,0.18972430579702945,0.06289137456265523
115000.0,55000.0,408.17752953733486,2090.4630718828266,-30443.40269608788,0.2520736502590946,0.18822701869338987,0.06384663156570475
120000.0,55000.0,423.0836290308073,373.19741920396336,-32548.226935597027,0.25151879169546104,0.18681726766755527,0.06470152402790577
125000.0,55000.0,437.90767357154346,-1288.601948559488,-34595.451461419616,0.2511340030518317,0.1854875942924657,0.065646408759366
130000.0,55000.0,452.65646149087536,-2922.2280049489636,-36612.54600371172,0.25082997834129556,0.18423136405815033,0.06659861428314523
135000.0,55000.0,465.66952799608373,-4736.369088407286,-38765.026816305464,0.24961539922580345,0.18238992088063297,0.06722547834517048
140000.0,55000.0,478.18777982496545,-6601.97089820361,-40956.10317365271,0.24822077694156486,0.18049537289058246,0.0677254040509824
145000.0,55000.0,490.6070085191068,-8477.871114012902,-43154.903335509676,0.24686181949511632,0.17869746184607851,0.0681643576490378
150000.0,55000.0,502.9346021003787,-10363.301381560625,-45360.85103617047,0.24553895193191025,0.17698897775655567,0.06854997417535458
155000.0,55000.0,515.1772314740704,-12257.567926696676,-47573.42594502251,0.24425221020210577,0.17536341046746393,0.06888879973464185
160000.0,55000.0,527.3409353759846,-14160.042720897589,-49792.15704067319,0.2430013349126349,0.17381486676016833,0.06918646815246657
165000.0,55000.0,539.4311935239461,-16070.15587350959,-52016.61690513219,0.24178584443401155,0.17233799896319335,0.0694478454708182
170000.0,55000.0,551.4529898413989,-17987.389056494518,-54246.41679237089,0.24060509201762648,0.17092794325214436,0.06967714876548212
175000.0,55000.0,563.4108672902692,-19911.269801812014,-56481.20235135901,0.23945831047453786,0.16958026613816535,0.06987804433637251
180000.0,55000.0,575.3089755841611,-21841.366539247247,-58720.649904435435,0.23834464713961867,0.16829091790450473,0.07005372923511394
185000.0,55000.0,587.1511128375455,-23808.28426489525,-60995.46319867144,0.23720604801753,0.1670561919609571,0.0701498560565729
190000.0,55000.0,598.940762031437,-26059.66074873056,-63553.37056154792,0.23560366456090176,0.16587268925691145,0.0697309753039903
195000.0,55000.0,610.6811230329041,-28316.163204577984,-66115.12240343349,0.2340645347532866,0.16473728703342436,0.06932724771986223
200000.0,55000.0,622.3751407882771,-30577.485358019185,-68680.48901851439,0.23258501671606582,0.16364711130939105,0.06893790540667477
205000.0,55000.0,634.0255302130851,-32798.34485783917,-71204.25864337938,0.23123469763241156,0.1625995125913891,0.06863518504102245
210000.0,55000.0,645.4743969278859,-35040.16271949987,-73743.7470396249,0.2298760967608831,0.161551898501425,0.0683241982594581
215000.0,55000.0,656.2751269869174,-37349.38679336058,-76333.79009502043,0.22835438308749872,0.16039511667067596,0.06795926641682276
220000.0,55000.0,667.0321251075596,-39493.15898881381,-78757.24424161036,0.22713870684116053,0.1592810129571146,0.06785769388404592
225000.0,55000.0,677.7477676123216,-41411.23216831856,-80953.92412623891,0.22629380417839226,0.158207268301165,0.06808653587722727
230000.0,55000.0,688.4242617193231,-43333.376781190396,-83153.6575858928,0.22546835468095636,0.15717172867268225,0.0682966260082741
235000.0,55000.0,699.0636603216674,-45259.379326546594,-85356.28449490995,0.22466192433910492,0.15617239064772345,0.06848953369138147
240000.0,55000.0,709.6678752434174,-47189.04097468458,-87561.65573101344,0.2238740665788488,0.1552073884720046,0.06866667810684421
245000.0,55000.0,720.2386891522789,-49122.17632816301,-89769.63224612226,0.22310432708692468,0.15427498243528076,0.06882934465164392
250000.0,55000.0,730.7777662851618,-51058.61230634316,-91980.08422975737,0.22235224776087123,0.1533735484042412,0.06897869935663004
255000.0,55000.0,741.286662122382,-52998.18713927228,-94192.89035445421,0.22161736993157694,0.15250156838143036,0.06911580155014657
260000.0,55000.0,751.7668321288033,-54940.749458604434,-96407.93709395333,0.2208992369803284,0.15165762197474347,0.06924161500558493
265000.0,55000.0,762.2196396652504,-56886.15747481397,-98625.11810611049,0.22019739645161804,0.1508403786766567,0.06935701777496134
270000.0,55000.0,772.6463631606489,-58834.2782312925,-100844.33367346937,0.21951140174589004,0.1500485908649174,0.06946281088097264
275000.0,55000.0,783.0482026242479,-60704.73692707822,-102985.24019530867,0.21893524068011613,0.14928108744724705,0.06965415323286908
280000.0,55000.0,793.4262855676983,-62507.91630095936,-105058.24972571952,0.2184511929681657,0.14853676808196997,0.06991442488619573
285000.0,55000.0,803.7816723984486,-64313.45607056137,-107133.02955292103,0.21797554339701106,0.14781459791458362,0.07016094548242743
290000.0,55000.0,814.1153613387153,-66121.25242077361,-109209.50181558021,0.2175081855330037,0.14711360277732166,0.07039458275568203
295000.0,55000.0,824.4282929180123,-67931.20753652672,-111287.59315239504,0.21704900396673474,0.14643286480488257,0.07061613916185216
300000.0,55000.0,834.7213540817561,-69743.22917549737,-113367.23438162303,0.2165978760246926,0.1457715184248308,0.0708263575998618
60000.0,60000.0,228.82236146316112,23797.525592168764,-5956.855805873427,0.24992150380349462,0.205989245829312,0.043932257974182626
65000.0,60000.0,247.33329323904564,21955.16249686075,-8280.503127354437,0.250330032571269,0.20491573590641726,0.04541429666485175
70000.0,60000.0,265.2326656511805,20399.197227722776,-10301.852079207918,0.251703597296494,0.20353135313531354,0.04817224416118046
75000.0,60000.0,281.41110451602,18814.25486966608,-12307.433847750439,0.25202802901757654,0.20110738050180085,0.050920648515775685
80000.0,60000.0,297.389841775301,17208.543544631306,-14328.59234152652,0.2521485695795802,0.19886157826649417,0.053286991313086035
85000.0,60000.0,313.19011505085007,15584.271965288412,-16363.671026033691,0.25211325488825737,0.19677499858204298,0.05533825630621439
90000.0,60000.0,328.8302536573856,13943.346380368108,-18411.24021472392,0.25195864127582773,0.1948312883435583,0.05712735293226942
95000.0,60000.0,344.3261599573034,12287.420635559552,-20470.059523330336,0.2517127939799638,0.1930162597320057,0.05869653424795812
100000.0,60000.0,359.69169817570935,10617.936610273777,-22539.04754229467,0.2513974234561409,0.19131754332000414,0.06007988013613677
105000.0,60000.0,374.9390107870372,8936.157121851866,-24617.2571586111,0.2510294339450341,0.18972430579702945,0.06130512814800462
110000.0,60000.0,390.07877773989355,7243.1928849489195,-26703.85533628831,0.2506220602023162,0.18822701869338987,0.06239504150892633
115000.0,60000.0,405.1204302166193,5540.024742528396,-28798.1064431037,0.25018571148438823,0.1868172676675553,0.06336844381683293
120000.0,60000.0,420.0723279664987,3827.52210851587,-30899.358418613097,0.24972860471313515,0.1854875942924657,0.06424101042066946
125000.0,60000.0,434.9419072545148,2170.4583544695342,-32943.03123414785,0.24943317702785012,0.18423136405815035,0.06520181296969976
130000.0,60000.0,448.13203560371517,374.73170278637554,-35081.70122291022,0.24832286368850703,0.18238992088063297,0.06593294280787407
135000.0,60000.0,460.83245550856327,-1471.9246271094307,-37258.56847033207,0.24702255664653397,0.18049537289058246,0.06652718375595151
140000.0,60000.0,473.4245602646762,-3329.845732473681,-39443.88429935526,0.24574825440987025,0.17869746184607851,0.06705079256379173
145000.0,60000.0,485.9164311622483,-5198.191159126174,-41637.01836934463,0.2445016321339698,0.17698897775655564,0.06751265437741416
150000.0,60000.0,498.315365082968,-7076.202031371329,-43837.4015235285,0.24328378274839532,0.1753634104674639,0.06792037228093142
155000.0,60000.0,510.62796741827606,-8963.191388499283,-46044.51854137446,0.24209534508358843,0.17381486676016833,0.0682804783234201
160000.0,60000.0,522.8602320851776,-10858.53586314153,-48257.90189735615,0.24093660447361215,0.17233799896319332,0.06859860551041883
165000.0,60000.0,535.0176106825388,-12761.668489015952,-50477.126366761964,0.23980757201094716,0.17092794325214433,0.06887962875880282
170000.0,60000.0,547.1050724692918,-14672.072463193646,-52701.804347395235,0.23870804715855024,0.16958026613816538,0.06912778102038486
175000.0,60000.0,559.1271565548817,-16589.27571829231,-54931.58178871923,0.23763766732615316,0.1682909179045047,0.06934674942164845
180000.0,60000.0,571.0880174566842,-18512.84618450486,-57166.134638378644,0.23659594719197216,0.16705619196095708,0.06953975523101508
185000.0,60000.0,582.9914649875032,-20473.38764129969,-59436.16573097477,0.23552557155060355,0.16587268925691145,0.0696528822936921
190000.0,60000.0,594.8409992796902,-22718.536074912234,-61989.402056184175,0.23399095227051478,0.16473728703342436,0.06925366523709042
195000.0,60000.0,606.6398416239126,-24968.95647111308,-64546.59235333481,0.2325155747197672,0.16364711130939105,0.06886846341037614
200000.0,60000.0,618.3909616946822,-27224.339983753045,-67107.50498781478,0.2310961070531415,0.1625995125913891,0.06849659446175238
205000.0,60000.0,629.9405605335181,-29455.681704514107,-69639.13627838559,0.22974487319525558,0.161551898501425,0.06819297469383057
210000.0,60000.0,640.852519614737,-31753.33796006735,-72220.50347005052,0.22823008396547081,0.160395116670676,0.06783496729479482
215000.0,60000.0,651.7166430924526,-34055.969118384935,-74805.6018387887,0.22676823463431262,0.1592810129571146,0.067487221677198
220000.0,60000.0,662.5355302756711,-36193.304851330206,-77224.22863849765,0.22560752011587482,0.15820726830116502,0.0674002518147098
225000.0,60000.0,673.3115955007959,-38105.094067917234,-79416.19555093793,0.2248126067313776,0.15717172867268223,0.06764087805869537
230000.0,60000.0,684.0470842978477,-40021.10323302384,-81611.32742476788,0.2240347692508004,0.15617239064772345,0.06786237860307695
235000.0,60000.0,694.7440878903401,-41941.114859404624,-83809.46114455347,0.2232737196449894,0.1552073884720046,0.0680663311729848
240000.0,60000.0,705.4045562258095,-43864.92615251581,-86010.44461438686,0.22252914651287087,0.15427498243528076,0.06825416407759011
245000.0,60000.0,716.0303097078308,-45792.3477903856,-88214.1358427892,0.22180072082663738,0.15337354840424117,0.06842717242239621
250000.0,60000.0,726.6230497780136,-47723.20282308658,-90420.40211731494,0.22108810071536147,0.15250156838143036,0.06858653233393111
255000.0,60000.0,737.1843684773856,-49657.3256783519,-92629.11925876394,0.22039093544307803,0.15165762197474345,0.06873331346833458
260000.0,60000.0,747.7157571001874,-51594.5612615805,-94840.17094618538,0.21970886871117068,0.15084037867665673,0.06886849003451395
265000.0,60000.0,758.2186140390222,-53534.764139941675,-97053.44810495625,0.2190415413933325,0.1500485908649174,0.06899295052841511
270000.0,60000.0,768.6942519081664,-55477.79780155071,-99268.84835116303,0.2183885937935697,0.14928108744724702,0.06910750634632268
275000.0,60000.0,779.143904021355,-57343.28398177907,-101406.0254863343,0.21784362390423093,0.14853676808196997,0.06930685582226095
280000.0,60000.0,789.5687302912771,-59141.60204970719,-103475.3890372804,0.2173891062092529,0.14781459791458362,0.06957450829466927
285000.0,60000.0,799.9698226101266,-60942.388448546815,-105546.60383641011,0.21694181737726007,0.14711360277732166,0.0698282145999384
290000.0,60000.0,810.3482097636966,-62745.53618457554,-107619.58963843164,0.21650171109139296,0.14643286480488255,0.07006884628651042
295000.0,60000.0,820.7048619255222,-64550.9443597457,-109694.27076980929,0.21606872830758872,0.14577151842483077,0.07029720988275795
300000.0,60000.0,831.0406947723558,-66358.51774367498,-111770.57580775624,0.21564279923782448,0.1451287466858401,0.07051405255198437
65000.0,65000.0,245.66234323432343,25548.883696369638,-6527.087227722772,0.24863883700422984,0.20353135313531354,0.045107483868916304
70000.0,65000.0,262.0738563908468,23838.18106464806,-8664.489201513956,0.24870591353817015,0.20110738050180085,0.047598533036369295
75000.0,65000.0,278.2685361727535,22254.927761966363,-10668.804178525228,0.24921358675536157,0.19886157826649417,0.050352008488867395
80000.0,65000.0,294.2694421102691,20651.521979467994,-12688.233515399006,0.24950286955379086,0.196774998582043,0.05272787097174786
85000.0,65000.0,310.0964759320434,19030.033496932505,-14721.224877300621,0.24962292268998423,0.19483128834355828,0.05479163434642595
90000.0,65000.0,325.7669042138413,17392.258038239495,-16766.43147132038,0.2496114200120791,0.1930162597320057,0.05659516028007339
95000.0,65000.0,341.29578054878584,15739.761177073728,-18822.679117194704,0.24949749535777407,0.19131754332000414,0.05817995203776993
100000.0,65000.0,356.6962890757843,14073.914063881559,-20888.93945208883,0.2493038579561933,0.18972430579702942,0.059579552159163884
105000.0,65000.0,371.9800259424523,12395.922698015049,-22964.307976488715,0.2490483323012524,0.1882270186933899,0.0608213136078625
110000.0,65000.0,387.1572314024313,10706.85206585285,-25047.98595061036,0.24874499330235905,0.1868172676675553,0.061927725634803754
115000.0,65000.0,402.2369823614539,9007.646165591199,-27139.2653758066,0.2484050127109718,0.18548759429246572,0.06291741841850607
120000.0,65000.0,417.2273530181542,7299.144713888032,-29237.516464583976,0.24803729686685738,0.18423136405815035,0.06380593280870703
125000.0,65000.0,430.5945432113466,5485.832493980037,-31398.375629514972,0.24694002378853824,0.18238992088063294,0.0645501029079053
130000.0,65000.0,443.4771311921611,3658.1216439847485,-33561.03376701144,0.24574344712857257,0.18049537289058246,0.06524807423799012
135000.0,65000.0,456.24211201024553,1818.1796490655397,-35732.865263200845,0.24456196956486045,0.17869746184607851,0.06586450771878194
140000.0,65000.0,468.89826022411796,-33.080936691723764,-37913.18570251879,0.24339871358063941,0.17698897775655564,0.06640973582408377
145000.0,65000.0,481.45349869186566,-1894.8361360459821,-40101.37710203449,0.2422559902846044,0.17536341046746387,0.06689257981714053
150000.0,65000.0,493.9149994605675,-3766.3400561009767,-42296.88004207573,0.24113546931255467,0.1738148667601683,0.06732060255238637
155000.0,65000.0,506.289270646409,-5646.915852773469,-44499.1868895801,0.24003831264662873,0.17233799896319335,0.06770031368343538
160000.0,65000.0,518.5822315236788,-7535.947921537387,-46707.83594115304,0.23896528046391807,0.17092794325214433,0.06803733721177374
165000.0,65000.0,530.7992776483143,-9432.875124575308,-48922.40634343148,0.23791681517851235,0.16958026613816535,0.068336549040347
170000.0,65000.0,542.9453375256024,-11337.184897337342,-51142.513673003006,0.23689310839254013,0.1682909179045047,0.06860219048803542
175000.0,65000.0,555.0249220758229,-13248.408104114409,-53367.80607808581,0.23589415438638636,0.1670561919609571,0.06883796242542925
180000.0,65000.0,567.0421679435694,-15166.114533868793,-55597.960900401595,0.23491979295918936,0.16587268925691148,0.06904710370227787
185000.0,65000.0,579.0008755264763,-17120.908945246454,-57863.68170893484,0.23391339380859785,0.16473728703342436,0.0691761067751735
190000.0,65000.0,590.9045424595481,-19360.427584207006,-60412.695688155254,0.23244247918101324,0.16364711130939105,0.06879536787162219
195000.0,65000.0,602.7563931762794,-21605.33510966695,-62965.75133225021,0.23102710959476175,0.1625995125913891,0.06842759700337264
200000.0,65000.0,614.4067241391504,-23871.20068952837,-65534.52551714628,0.2296071755426694,0.161551898501425,0.0680552770412444
205000.0,65000.0,625.4299122425566,-26157.28912677412,-68107.21684508059,0.22809980001762487,0.16039511667067596,0.0677046833469489
210000.0,65000.0,636.4011610773455,-28448.77924795606,-70683.95943596704,0.22664479889339206,0.15928101295711464,0.06736378593627743
215000.0,65000.0,647.3232929390206,-30745.377534341853,-73264.53315075638,0.22523954533508475,0.158207268301165,0.06703227703391976
220000.0,65000.0,658.1989292822688,-32876.81135464404,-75678.73351598304,0.2241308147149638,0.15717172867268225,0.06695908604228154
225000.0,65000.0,669.0305082740283,-34782.82713950105,-77866.37035462579,0.22338319071429838,0.15617239064772345,0.06721080006657493
230000.0,65000.0,679.8203005372626,-36693.188744124694,-80057.26655809351,0.2226504398000759,0.1552073884720046,0.0674430513280713
235000.0,65000.0,690.5704232993403,-38607.6759768686,-82251.25698265145,0.2219324061541286,0.15427498243528076,0.06765742371884784
240000.0,65000.0,701.2828531305,-40526.083274427976,-84448.18745582098,0.22122890105247003,0.1533735484042412,0.06785535264822884
245000.0,65000.0,711.9594374336455,-42448.218506900885,-86647.91388017566,0.22053970939658227,0.15250156838143036,0.0680381410151519
250000.0,65000.0,722.601904825968,-44373.90189809934,-88850.3014235745,0.21986459521217033,0.15165762197474345,0.06820697323742689
255000.0,65000.0,733.2118745351243,-46302.965048347076,-91055.2237862603,0.2192033062780901,0.15084037867665673,0.06836292760143337
260000.0,65000.0,743.7908649173955,-48235.25004859088,-93262.56253644316,0.2185555780213518,0.1500485908649174,0.06850698715643441
265000.0,65000.0,754.340301192085,-50170.60867602314,-95472.20650701736,0.21792113679198233,0.14928108744724705,0.06864004934473528
270000.0,65000.0,764.8615224750117,-52108.90166259877,-97684.05124694908,0.21729970261320755,0.14853676808196997,0.06876293453123758
275000.0,65000.0,775.3557881841054,-53969.748028853035,-99817.74852163978,0.21678449108230122,0.14781459791458362,0.0689698931677176
280000.0,65000.0,785.824283881538,-55763.52447632003,-101883.70585724001,0.216358161306,0.14711360277732166,0.06924455852867833
285000.0,65000.0,796.2681266093809,-57559.864832624386,-103951.58612446829,0.21593796368792997,0.14643286480488255,0.06950509888304743
290000.0,65000.0,806.6883697692887,-59358.659543994,-106021.3071579955,0.21552390721453724,0.1457715184248308,0.06975238878970644
295000.0,65000.0,817.0860075910248,-61159.805210533435,-108092.79140790008,0.21511598476936875,0.1451287466858401,0.06998723808352864
300000.0,65000.0,827.4619792296955,-62963.204160111665,-110165.96562008375,0.21471417535436163,0.14450377789102836,0.07021039746333327
70000.0,70000.0,259.147230570206,26951.31197930142,-7184.0160155239355,0.24592856993613854,0.19886157826649417,0.04706699166964437
75000.0,70000.0,275.348769169688,25368.771993647562,-9187.796004764328,0.24659868239954838,0.19677499858204298,0.049823683817505404
80000.0,70000.0,291.3626982067013,23766.72061349693,-11206.209539877302,0.24703832230145878,0.19483128834355828,0.052207033957900495
85000.0,70000.0,307.20764847037924,22147.095440919446,-13237.803419310418,0.24729746074476133,0.19301625973200573,0.0542812010127556
90000.0,70000.0,322.89986292186234,20511.58574387368,-15281.31069209474,0.24741461536781614,0.1913175433200041,0.05609707204781203
95000.0,70000.0,338.4535673645315,18861.67100591128,-17335.62174556654,0.2474197519130586,0.18972430579702945,0.05769544611602914
100000.0,70000.0,353.88127414501093,17198.652511081134,-19399.76061668915,0.24733637440242698,0.18822701869338987,0.05910935570903711
105000.0,70000.0,369.1940325882433,15523.679389177298,-21472.865458117027,0.2471830520435015,0.1868172676675553,0.060365784375946197
110000.0,70000.0,384.4016367564091,13837.770222666557,-23554.172333000082,0.24697454885195866,0.18548759429246572,0.061486954559492935
115000.0,70000.0,399.51279878179355,12141.83107330653,-25643.001695020102,0.2467226690021468,0.18423136405815035,0.062491304943996434
120000.0,70000.0,413.05705081897804,10282.933285173727,-27854.050036119705,0.24555809583384997,0.18238992088063294,0.06316817495321703
125000.0,70000.0,426.121806875759,8438.167915078928,-30038.499063690804,0.2443749712709829,0.18049537289058248,0.06387959838040042
130000.0,70000.0,439.0596637558149,6616.205030604731,-32196.84622704645,0.24329560123296184,0.17869746184607851,0.06459813938688333
135000.0,70000.0,451.8800892859876,4782.029285742727,-34364.353035692955,0.24222377052393715,0.17698897775655564,0.0652347927673815
140000.0,70000.0,464.5916323007634,2936.529759279394,-36540.352680540454,0.24116320156164847,0.1753634104674639,0.06579979109418457
145000.0,70000.0,477.20203150285903,1080.5112762973295,-38724.241542777,0.24011675275318398,0.1738148667601683,0.06630188599301567
150000.0,70000.0,489.71830920764046,-785.2958424054086,-40915.47188180406,0.23908659273499736,0.17233799896319335,0.066748593771804
155000.0,70000.0,502.14685236481876,-2660.2273540588503,-43113.54551554414,0.23807433838875053,0.1709279432521443,0.06714639513660622
160000.0,70000.0,514.493482827337,-4543.677785956941,-45318.008339467706,0.23708116465822024,0.16958026613816535,0.06750089852005489
165000.0,70000.0,526.7635184963231,-6435.094076382404,-47528.4455572868,0.23610789228674936,0.16829091790450468,0.06781697438224468
170000.0,70000.0,538.9618266949617,-8333.970023723989,-49744.47751779299,0.23515505817318205,0.1670561919609571,0.06809886621222494
175000.0,70000.0,551.0928708996356,-10239.841426437895,-51965.75606982842,0.23422297197579908,0.16587268925691148,0.0683502827188876
180000.0,70000.0,563.1607517732625,-12152.281815580704,-54191.96136168553,0.2333117617850286,0.16473728703342438,0.06857447475160422
185000.0,70000.0,575.1692432951836,-14101.898697300901,-56453.799022975676,0.2323654339748012,0.16364711130939105,0.06871832266541014
190000.0,70000.0,587.1218246578767,-16336.330235580826,-58998.99767668562,0.23095448198234073,0.16259951259138913,0.06835496939095159
195000.0,70000.0,598.8728877447825,-18591.719674542604,-61559.91475590695,0.2295386226287315,0.161551898501425,0.0679867241273065
200000.0,70000.0,610.0073048703762,-20911.240293480863,-64168.93022011065,0.2279630883400976,0.16039511667067596,0.06756797166942163
205000.0,70000.0,621.0856790622382,-23191.58937752724,-66737.31703314543,0.22651541989722496,0.1592810129571146,0.06723440694011035
210000.0,70000.0,632.1110556023701,-25477.4502173535,-69309.83766301512,0.22511694169878674,0.158207268301165,0.06690967339762174
215000.0,70000.0,643.0862630637416,-27768.52864137088,-71886.27148102816,0.22376524849903856,0.15717172867268223,0.06659351982635633
220000.0,70000.0,654.0139322502085,-29894.551045978325,-74296.41328448374,0.22270573370579505,0.15617239064772342,0.06653334305807163
225000.0,70000.0,664.8965131841853,-31795.262628844706,-76480.07197163353,0.22200288742148036,0.1552073884720046,0.06679549894947576
230000.0,70000.0,675.736290372871,-33700.4258012214,-78667.06935091605,0.2213128706534483,0.1542749824352808,0.0670378882181675
235000.0,70000.0,686.5353965531691,-35609.818758470414,-80857.23906885281,0.2206356474681779,0.15337354840424117,0.06726209906393674
240000.0,70000.0,697.2958250892771,-37523.234190715186,-83050.42564303639,0.21997114060946515,0.15250156838143036,0.06746957222803479
245000.0,70000.0,708.0194411745504,-39440.47811784677,-85246.48358838508,0.21931923870075634,0.15165762197474345,0.0676616167260129
250000.0,70000.0,718.7079919700611,-41361.36883511365,-87445.27662633524,0.21867980235715898,0.15084037867665673,0.06783942368050225
255000.0,70000.0,729.3631157957689,-43285.735957240046,-89646.67696793003,0.21805266937485074,0.1500485908649174,0.06800407850993334
260000.0,70000.0,739.9863504760035,-45213.41955049563,-91850.56466287172,0.2174376591384393,0.14928108744724702,0.06815657169119227
265000.0,70000.0,750.5791409286684,-47144.26934341848,-94056.82700756386,0.21683457636432743,0.14853676808196997,0.06829780828235746
270000.0,70000.0,761.1428460769341,-49078.14400799887,-96265.35800599915,0.21624321427947338,0.14781459791458365,0.06842861636488973
275000.0,70000.0,771.6787451529493,-50934.66050409328,-98395.80787806996,0.21575641350250552,0.14711360277732166,0.06864281072518386
280000.0,70000.0,782.1880434550653,-52724.19348067319,-100458.58261050489,0.21535700836522786,0.14643286480488255,0.06892414356034532
285000.0,70000.0,792.6718776130548,-54516.374728242285,-102523.34354618171,0.214962705908257,0.14577151842483077,0.06919118748342623
290000.0,70000.0,803.1313204096941,-56311.09267739182,-104590.00700804387,0.2145735660358811,0.1451287466858401,0.06944481935004099
295000.0,70000.0,813.567385201712,-58108.24193902197,-106658.49395426648,0.21418962951022025,0.14450377789102836,0.06968585161919189
300000.0,70000.0,823.981029978414,-59907.722882244954,-108728.72966168373,0.21381092038108168,0.14389588250721216,0.06991503787386952
75000.0,75000.0,272.62892048135916,28353.407730061357,-7766.194202453982,0.24416282221796645,0.19483128834355828,0.04933153387440817
80000.0,75000.0,288.64839272691717,26751.93284359938,-9784.175367300464,0.2447369382325076,0.1930162597320057,0.05172067850050191
85000.0,75000.0,304.5039452949389,25133.410310673644,-11814.942266994767,0.2451210210199593,0.19131754332000414,0.053803477699955166
90000.0,75000.0,320.2108456532786,23499.427947940974,-13857.30403904427,0.24535421754911202,0.1897243057970294,0.05562991175208262
95000.0,75000.0,335.7825223475696,21851.382324147242,-15910.213256889569,0.24546713755419283,0.1882270186933899,0.057240118860802935
100000.0,75000.0,351.23083377405527,20190.506712501752,-17972.744965623686,0.24548391607864076,0.18681726766755527,0.05866664841108549
105000.0,75000.0,366.56629115136434,18517.894279741886,-20044.079290193586,0.24542372472232205,0.1854875942924657,0.05993613042985635
110000.0,75000.0,381.7982445454329,16834.517432725028,-22123.48692545623,0.2453018930791686,0.18423136405815033,0.06107052902101828
115000.0,75000.0,395.5195584266095,14994.034076367388,-24320.72444272446,0.24425660803638483,0.18238992088063294,0.06186668715575189
120000.0,75000.0,408.7664825593568,13104.214186173107,-26554.96436037017,0.24300739788597867,0.18049537289058248,0.06251202499539618
125000.0,75000.0,421.8772155013843,11264.230412143981,-28735.827190892014,0.24194075673787802,0.17869746184607851,0.0632432948917995
130000.0,75000.0,434.8619183478572,9447.139508177148,-30890.52036886714,0.24096950963958796,0.17698897775655564,0.06398053188303232
135000.0,75000.0,447.72976590966107,7617.895654604741,-33054.328259046444,0.23999904984926448,0.1753634104674639,0.06463563938180059
140000.0,75000.0,460.48906354515054,5777.362608695665,-35226.60304347825,0.23903361388304412,0.1738148667601683,0.06521874712287581
145000.0,75000.0,473.1473477688718,3926.3241679626517,-37406.75687402801,0.23807653199263942,0.17233799896319332,0.0657385330294461
150000.0,75000.0,485.7114732059587,2065.493213419715,-39594.25508993521,0.23713040537324645,0.1709279432521443,0.06620246212110215
155000.0,75000.0,498.18768800635956,195.51955266139703,-41788.61033550395,0.23619724719366783,0.16958026613816538,0.06661698105550246
160000.0,75000.0,510.5816994670438,-1683.0032554274367,-43989.37744157058,0.2352785953625851,0.16829091790450468,0.06698767745808043
165000.0,75000.0,522.8987313141004,-3569.531943333568,-46196.148957500176,0.2343756030835482,0.16705619196095708,0.06731941112259113
170000.0,75000.0,535.1435738557018,-5463.568319006998,-48408.55123925525,0.23348911185924345,0.16587268925691145,0.067616422602332
175000.0,75000.0,547.3206280200486,-7364.654685914953,-50626.241014436215,0.23261971055666827,0.16473728703342438,0.06788242352324389
180000.0,75000.0,559.4339441308191,-9272.369810394826,-52848.90235779612,0.23176778334875708,0.16364711130939108,0.068120672039366
185000.0,75000.0,571.4872561394739,-11217.325361494732,-55107.24402112105,0.23087792998654108,0.16259951259138913,0.06827841739515195
190000.0,75000.0,583.3390513504148,-13462.238659556868,-57660.30399466765,0.22946646294950956,0.16155189850142504,0.06791456444808452
195000.0,75000.0,594.5846974981959,-15770.191460187634,-60260.643595140726,0.2278950262948281,0.160395116670676,0.06749990962415212
200000.0,75000.0,605.7701970471311,-18084.399507098366,-62865.674630323774,0.22637965781835626,0.15928101295711464,0.06709864486124162
205000.0,75000.0,616.8988182657197,-20359.522900365148,-65430.14217527386,0.2249884348718955,0.15820726830116502,0.06678116657073047
210000.0,75000.0,627.9735968452145,-22640.24592809769,-67998.80944607327,0.2236434473601564,0.15717172867268225,0.06647171868747415
215000.0,75000.0,638.9973562263891,-24926.27495245554,-70571.45621434166,0.22234249185331167,0.15617239064772345,0.06617010120558822
220000.0,75000.0,649.9727258311079,-27047.336513564776,-72977.87738517358,0.22132961647611185,0.15520738847200463,0.06612222800410722
225000.0,75000.0,660.9021574464017,-28943.175625574222,-75157.88171918067,0.22066920843596446,0.1542749824352808,0.06639422600068368
230000.0,75000.0,671.7879399758383,-30843.554242512822,-77341.29068188462,0.2200197319347466,0.1533735484042412,0.06664618353050542
235000.0,75000.0,682.6322127449088,-32748.249874529487,-79527.93740589712,0.21938125987061705,0.15250156838143034,0.06687969148918671
240000.0,75000.0,693.4369775231328,-34657.05433759419,-81717.66575319564,0.2187538163834752,0.15165762197474347,0.06709619440873174
245000.0,75000.0,704.2041094049979,-36569.77262188023,-83910.32946641017,0.21813738462948834,0.1508403786766567,0.06729700595283164
250000.0,75000.0,714.9353666741422,-38486.22186588921,-86105.7913994169,0.21753191341854042,0.1500485908649174,0.06748332255362302
255000.0,75000.0,725.6323997599221,-40406.23042496812,-88303.92281872609,0.21693732288600565,0.14928108744724702,0.06765623543875862
260000.0,75000.0,736.2967593823253,-42329.63702423818,-90504.60276817864,0.216353509342877,0.14853676808197,0.067816741260907
265000.0,75000.0,746.9299039697626,-44256.2899871447,-92707.71749035853,0.21578034942556867,0.14781459791458365,0.06796575151098502
270000.0,75000.0,757.5332064243607,-46186.04653186648,-94913.15989889986,0.21521770364781437,0.14711360277732166,0.0681041008704927
275000.0,75000.0,768.1079603007497,-48038.52212872205,-97040.57909654154,0.2147580450260653,0.14643286480488257,0.06832518022118272
280000.0,75000.0,778.6553854568211,-49824.089912490585,-99100.37993436793,0.2143843744002303,0.1457715184248308,0.06861285597539951
285000.0,75000.0,789.1766332283632,-51612.38014425023,-101162.22260818767,0.21401483931684157,0.1451287466858401,0.06888609263100146
290000.0,75000.0,799.6727911737285,-53403.27971793222,-103226.02228844917,0.21364954659778726,0.14450377789102833,0.06914576870675893
295000.0,75000.0,810.1448874296435,-55196.68170731707,-105291.6987804878,0.2132885811851118,0.14389588250721216,0.06939269867789963
300000.0,75000.0,820.5938947148451,-56992.48494965612,-107359.17621224209,0.212932008753495,0.1433043703240551,0.06962763842943989
80000.0,80000.0,286.1080276680154,29755.234877473595,-8348.573841894802,0.24258303340513288,0.1913175433200041,0.05126549008512876
85000.0,80000.0,301.96812394202584,28137.184889970697,-10378.986332521978,0.24307972359588753,0.18972430579702945,0.05335541779885808
90000.0,80000.0,317.68377055012826,26504.11213721335,-12420.665897089988,0.24341790420108556,0.1882270186933899,0.05519088550769566
95000.0,80000.0,333.2676349598673,24857.334035826207,-14472.624473130345,0.24362867912575967,0.1868172676675553,0.05681141145820437
100000.0,80000.0,348.73094554631956,23198.018336817244,-16533.986247387067,0.2437366823710836,0.1854875942924657,0.058249088078617894
105000.0,80000.0,364.0836903090723,21527.203792143526,-18603.972155892356,0.24376157203555876,0.18423136405815033,0.059530207977408434
110000.0,80000.0,377.9820660342409,19705.13486756105,-20787.398849329213,0.24285003315970258,0.18238992088063294,0.06046011227906964
115000.0,80000.0,391.4111582429546,17834.260457267286,-23007.429657049535,0.2417194290981104,0.18049537289058246,0.06122405620752794
120000.0,80000.0,404.69476724695363,15948.255793683173,-25238.80815473762,0.24058680572586705,0.17869746184607851,0.06188934387978853
125000.0,80000.0,417.84374740972686,14112.249730611598,-27416.6877020413,0.23962761849168496,0.17698897775655564,0.06263864073512931
130000.0,80000.0,430.8678995185588,12299.261549930117,-29568.303837552412,0.23875630880920978,0.1753634104674639,0.06339289834174588
135000.0,80000.0,443.776095587442,10474.21394109397,-31728.964544179522,0.2378797421931788,0.1738148667601683,0.06406487543301051
140000.0,80000.0,456.5763863301032,8637.944178330741,-33898.041866251944,0.23700259632212672,0.17233799896319332,0.0646645973589334
145000.0,80000.0,469.2760940470987,6791.213780898252,-36074.96466432631,0.23612860886702244,0.1709279432521443,0.06520066561487814
150000.0,80000.0,481.88189318538207,4934.716891279735,-38259.2123315402,0.23526075659452889,0.16958026613816535,0.06568049045636354
155000.0,80000.0,494.3998804377645,3069.0875655275013,-40450.309325854374,0.2344013984761257,0.16829091790450468,0.06611048057162103
160000.0,80000.0,506.83563593323913,1194.9061370568816,-42647.82039720734,0.23355239059008234,0.16705619196095708,0.06649619862912526
165000.0,80000.0,519.1942768117681,-687.2952115761291,-44851.3464086821,0.23271517878705442,0.16587268925691148,0.06684248953014293
170000.0,80000.0,531.4805042668347,-2577.0275562491734,-47060.52066718688,0.23189087372882763,0.16473728703342438,0.06715358669540325
175000.0,80000.0,543.6986449664545,-4473.840923488722,-49275.00569261654,0.23108031188167924,0.16364711130939105,0.06743320057228819
180000.0,80000.0,555.852687621071,-6377.320487408608,-51494.490365556456,0.23028410526383641,0.1625995125913891,0.06768459267244731
185000.0,80000.0,567.8052149560469,-8332.757644571131,-53760.69323342835,0.22939040417135942,0.161551898501425,0.0678385056699344
190000.0,80000.0,579.1620901260154,-10629.142626894405,-56352.356970170804,0.227823383310282,0.16039511667067596,0.06742826663960605
195000.0,80000.0,590.4547150320238,-12932.209636669519,-58949.03222750214,0.22631206853172778,0.1592810129571146,0.06703105557461317
200000.0,80000.0,601.6865809290691,-15241.595583376824,-61550.44668753262,0.2248535879919193,0.158207268301165,0.0666463196907543
205000.0,80000.0,612.8609306266874,-17511.9632148245,-64111.347411118375,0.22351578166978944,0.15717172867268225,0.06634405299710719
210000.0,80000.0,623.9807802025696,-19787.998858932755,-66676.49914419957,0.22222146515720365,0.15617239064772345,0.0660490745094802
215000.0,80000.0,635.0489384780307,-22069.410398284817,-69245.68279871362,0.22096861912521099,0.15520738847200463,0.06576123065320635
220000.0,80000.0,646.0680245199324,-24185.925449927046,-71648.69408744528,0.21999998215560834,0.1542749824352808,0.06572499972032755
225000.0,80000.0,657.0404833985074,-26077.28972655523,-73825.34229491642,0.21937983065774824,0.15337354840424117,0.06600628225350708
230000.0,80000.0,667.9686004005404,-27973.265558343788,-76005.44916875784,0.21876884602340524,0.15250156838143034,0.0662672776419749
235000.0,80000.0,678.8545138717151,-29873.630557341618,-78188.84791800621,0.21816720005518503,0.15165762197474345,0.06650957808044158
240000.0,80000.0,689.7002268399348,-31778.176408646803,-80375.3823064851,0.21757500922533538,0.15084037867665673,0.06673463054867865
245000.0,80000.0,700.5076175525155,-33686.70777453837,-82564.90583090378,0.21699234293740557,0.1500485908649174,0.06694375207248818
250000.0,80000.0,711.2784490438406,-35599.04129944056,-84757.28097458041,0.21641923061333226,0.14928108744724702,0.06713814316608524
255000.0,80000.0,722.014377835982,-37515.00470505789,-86952.37852879342,0.21585566777994628,0.14853676808197,0.06731889969797628
260000.0,80000.0,732.7169618625911,-39434.43596629053,-89150.0769747179,0.21530162130145586,0.14781459791458365,0.06748702338687221
265000.0,80000.0,743.387667695772,-41357.182559639696,-91350.26191972976,0.2147570338816505,0.14711360277732166,0.06764343110432883
270000.0,80000.0,754.0278771464341,-43283.10077677085,-93552.82558257814,0.21422182794054906,0.14643286480488255,0.06778896313566651
275000.0,80000.0,764.6388933005874,-45131.80509673891,-95677.41632255419,0.21378811620677848,0.1457715184248308,0.06801659778194769
280000.0,80000.0,775.2219460470326,-46913.66761110863,-97734.43820833147,0.21343905793076703,0.1451287466858401,0.06831031124492692
285000.0,80000.0,785.778197145745,-48698.31749684253,-99793.5506226319,0.21309322592697882,0.14450377789102836,0.06858944803595046
290000.0,80000.0,796.3087448808731,-50485.64053238918,-101854.66789929188,0.21275077028185485,0.14389588250721216,0.06885488777464269
295000.0,80000.0,806.814628337532,-52275.52865289665,-103917.70898967248,0.2124118167350035,0.1433043703240551,0.0691074464109484
300000.0,80000.0,817.2968313374071,-54067.879540909664,-105982.59715568225,0.21207646945145153,0.14272858783985024,0.0693478816116013
85000.0,85000.0,299.5850187526869,31156.841950279428,-8931.11853729043,0.24116136034892555,0.18822701869338987,0.05293434165553568
90000.0,85000.0,315.3044361456793,29524.161359150654,-10972.503980637011,0.24159479377551496,0.1868172676675553,0.05477752610795966
95000.0,85000.0,330.8955999412748,27878.142393892573,-13023.89320458057,0.24189465008183728,0.1854875942924657,0.05640705578937158
100000.0,85000.0,346.36913607271174,26219.890151562024,-15084.457386328482,0.24208595531963725,0.18423136405815035,0.0578545912614869
105000.0,85000.0,360.4445736418724,24416.23565875474,-17254.073255933945,0.24132510804876386,0.18238992088063297,0.0589351871681309
110000.0,85000.0,374.0558339265525,22564.306728361466,-19459.8949537289,0.24032746480732353,0.18049537289058248,0.05983209191674105
115000.0,85000.0,387.51231899252303,20696.281175222393,-21677.789118583205,0.23931166637108395,0.17869746184607851,0.06061420452500543
120000.0,85000.0,400.82557647159655,18813.35995304605,-23906.855035215463,0.23828661228447492,0.17698897775655567,0.061297634527919254
125000.0,85000.0,414.0060331274564,16980.627445255464,-26082.2794160584,0.23742674235170952,0.17536341046746387,0.06206333188424565
130000.0,85000.0,427.0631276297336,15171.065273492306,-28231.32604488077,0.2366479751574061,0.17381486676016833,0.06283310839723777
135000.0,85000.0,440.00542489133466,13349.564188698801,-30389.3268584759,0.23585852883354966,0.17233799896319335,0.06352052987035631
140000.0,85000.0,452.8407148882387,11516.934348376817,-32555.674238717387,0.23506346005219225,0.17092794325214433,0.06413551680004792
145000.0,85000.0,465.5760983644046,9673.914229898073,-34729.814327576445,0.23426685872792227,0.16958026613816535,0.06468659258975692
150000.0,85000.0,478.21806140848526,7821.178386482468,-36911.24121013815,0.2334720281777585,0.1682909179045047,0.0651811102732538
155000.0,85000.0,490.7725405523779,5959.344217447302,-39099.49183691452,0.23268162956936547,0.16705619196095708,0.06562543760840839
160000.0,85000.0,503.24497976783437,4088.9778958547686,-41294.14157810892,0.2318977983085567,0.16587268925691148,0.06602510905164521
165000.0,85000.0,515.6403805136208,2210.599573416577,-43494.80031993757,0.2311222382456204,0.16473728703342436,0.06638495121219604
170000.0,85000.0,527.9633458020899,324.6879634173529,-45701.109027436985,0.23035629824979378,0.16364711130939102,0.06670918694040276
175000.0,85000.0,540.2181191026682,-1568.315613322513,-47912.736709991885,0.22960103469465296,0.1625995125913891,0.06700152210326385
180000.0,85000.0,552.2713785616792,-3482.2766295853653,-50140.082472189024,0.22880040540813376,0.161551898501425,0.06724850690670875
185000.0,85000.0,563.7394827538351,-5488.093793601147,-52444.07034520086,0.22774786914605136,0.160395116670676,0.06735275247537537
190000.0,85000.0,575.1392330169167,-7780.019766240672,-55032.389824680504,0.22624092317900985,0.1592810129571146,0.06695991022189524
195000.0,85000.0,586.4743435924188,-10078.668266388442,-57625.75119979133,0.22478645433797412,0.15820726830116505,0.06657918603680907
200000.0,85000.0,597.7482644081603,-12383.680501551338,-60223.885376163504,0.22338181742491275,0.15717172867268225,0.0662100887522305
205000.0,85000.0,608.96420417875,-14649.722765409999,-62781.5420740575,0.22209461119792817,0.15617239064772348,0.06592222055020469
210000.0,85000.0,620.1251511249532,-16921.484283004887,-65343.488212253666,0.22084834026311237,0.1552073884720046,0.06564095179110777
215000.0,85000.0,631.2338915934631,-19198.67527427984,-67909.50645570988,0.21964115349082822,0.1542749824352808,0.06536617105554743
220000.0,85000.0,642.2930268211765,-21311.02521059767,-70309.39390794825,0.2187145146895766,0.1533735484042412,0.0653409662853354
225000.0,85000.0,653.3049880561722,-23198.28124215809,-72482.96093161857,0.21813258279961703,0.15250156838143036,0.06563101441818667
230000.0,85000.0,664.2720502202974,-25090.20677708907,-74660.03008281681,0.21755817531715582,0.15165762197474345,0.06590055334241238
235000.0,85000.0,675.1963442748716,-26986.58019541335,-76840.43514656002,0.21699155401916093,0.15084037867665673,0.0661511753425042
240000.0,85000.0,686.0798684308888,-28887.193683187565,-79024.02026239067,0.21643291954116017,0.1500485908649174,0.06638432867624278
245000.0,85000.0,696.9244983277592,-30791.852173913037,-81210.63913043478,0.21588242005274025,0.14928108744724702,0.06660133260549322
250000.0,85000.0,707.7319962896388,-32700.37238587755,-83400.15428940815,0.21534015872875226,0.14853676808197,0.06680339064678226
255000.0,85000.0,718.5040197554197,-34612.58194543637,-85592.43645907727,0.21480620019192181,0.14781459791458365,0.06699160227733816
260000.0,85000.0,729.2421289671835,-36528.31858741293,-87787.3639405597,0.214280576075164,0.14711360277732166,0.06716697329784233
265000.0,85000.0,739.9477939921185,-38447.42942481967,-89984.82206861474,0.21376328982908374,0.14643286480488257,0.06733042502420117
270000.0,85000.0,750.6224011443537,-40369.7702809872,-92184.7027107404,0.21325432088108306,0.1457715184248308,0.06748280245625227
275000.0,85000.0,761.2672588657017,-42214.955077967024,-94306.65380847527,0.21284542890603095,0.1451287466858401,0.06771668222019084
280000.0,85000.0,771.8836031177616,-43993.35527575278,-96361.07895681458,0.21251992403175043,0.14450377789102836,0.06801614614072207
285000.0,85000.0,782.4726023321027,-45774.599357461324,-98417.637018096,0.21219678992887503,0.14389588250721216,0.06830090742166287
290000.0,85000.0,793.0353619602191,-47558.572356137214,-100476.24176710291,0.21187621660870537,0.1433043703240551,0.06857184628465027
295000.0,85000.0,803.5729286604984,-49345.16541930818,-102536.81156448113,0.21155836751194365,0.14272858783985026,0.06882977967209339
300000.0,85000.0,814.0862941555515,-51134.27540782263,-104599.26905586697,0.2112433824205666,0.14216791585312086,0.06907546656744573
90000.0,90000.0,313.06025433623,32558.266450967923,-9513.80016177406,0.2398752409266037,0.18548759429246572,0.054387646634137976
95000.0,90000.0,328.6545818363511,30912.57651098052,-11564.942616764609,0.24025639834801613,0.18423136405815033,0.0560250342898658
100000.0,90000.0,342.90708124950385,29127.3364499484,-13720.747662538699,0.23966623958298658,0.18238992088063294,0.05727631870235364
105000.0,90000.0,356.70050961015033,27294.352999455645,-15912.360250408266,0.2388183796276154,0.18049537289058246,0.058323006737032945
110000.0,90000.0,370.3298707380924,25444.306556761614,-18116.77008242879,0.23793356741064808,0.17869746184607851,0.05923610556456957
115000.0,90000.0,383.8074055334662,23578.470175480477,-20333.02236838964,0.23702366423491278,0.17698897775655567,0.06003468647835711
120000.0,90000.0,397.1441667363541,21697.99334058084,-22560.25499456437,0.2360980527071043,0.17536341046746387,0.060734642239640424
125000.0,90000.0,410.3501596720251,19867.916605890612,-24733.68754558204,0.2353301494146063,0.17381486676016833,0.06151528265443798
130000.0,90000.0,423.43446345256604,18061.18419906686,-26880.611850699854,0.2346372278591813,0.17233799896319335,0.06229922889598796
135000.0,90000.0,436.4053357293787,16242.654915855383,-29036.383813108463,0.23392875323221873,0.17092794325214433,0.0630008099800744
140000.0,90000.0,449.27030354342713,14413.111568516411,-31200.41632361269,0.23321010805240985,0.16958026613816535,0.0636298419142445
145000.0,90000.0,462.03624237920593,12573.269207437406,-33372.173094421945,0.2324856870893545,0.16829091790450468,0.06419476918484981
150000.0,90000.0,474.7094451715166,10723.782297837723,-35551.16327662171,0.23175907792546183,0.16705619196095708,0.06470288596450474
155000.0,90000.0,487.29568272390054,8865.251003285666,-37736.93674753575,0.23103320615838865,0.16587268925691148,0.06516051690147717
160000.0,90000.0,499.80025676040697,6998.226703082328,-39929.079972688254,0.23031045275456077,0.16473728703342436,0.06557316572113642
165000.0,90000.0,512.2280466377254,5123.216850323428,-42127.21236225743,0.22959274933660062,0.16364711130939102,0.0659456380272096
170000.0,90000.0,524.5835505842655,3240.689260763611,-44330.98305442729,0.2288816558879503,0.16259951259138913,0.06628214329656118
175000.0,90000.0,536.7375421673114,1337.2043854004005,-46550.4717109497,0.22812173580142128,0.16155189850142504,0.06656983729999624
180000.0,90000.0,548.3168753816547,-626.0449603079178,-48814.78372023094,0.22716209503048249,0.16039511667067596,0.06676697835980652
185000.0,90000.0,559.8237510018095,-2627.829895811825,-51115.74742185887,0.2261659335358028,0.1592810129571146,0.0668849205786882
190000.0,90000.0,571.2621062557682,-4915.740949400119,-53701.05571205009,0.2247157885900807,0.15820726830116502,0.06650852028891568
195000.0,90000.0,582.6355981896331,-7210.397788278147,-56291.42334120861,0.22331512319173374,0.15717172867268225,0.06614339451905149
200000.0,90000.0,593.9476281549305,-9511.446671887243,-58886.58500391543,0.2219614987319625,0.15617239064772348,0.06578910808423902
205000.0,90000.0,605.2013637718758,-11773.558167724928,-61441.293625793696,0.22072227014498957,0.1552073884720046,0.06551488167298497
210000.0,90000.0,616.3997586669939,-14041.425098632637,-64000.31882397448,0.21952159720217299,0.15427498243528082,0.06524661476689217
215000.0,90000.0,627.5455702438455,-16314.760694640048,-66563.44552098004,0.21835778267303224,0.15337354840424117,0.06498423426879107
220000.0,90000.0,638.6413757118038,-18423.29692597239,-68960.4726944793,0.217471049375692,0.15250156838143036,0.06496948099426164
225000.0,90000.0,649.6895865688798,-20306.782996836497,-71131.21224762738,0.21692543318542665,0.15165762197474345,0.0652678112106832
230000.0,90000.0,660.6924617098084,-22194.983982179925,-73305.48798663495,0.21638581115631242,0.1508403786766567,0.06554543247965572
235000.0,90000.0,671.6521193092622,-24087.679591836728,-75483.13469387754,0.2158525269945004,0.1500485908649174,0.06580393612958299
240000.0,90000.0,682.5705476116777,-25984.663048385526,-77663.99728628914,0.2153258581253435,0.14928108744724702,0.06604477067809647
245000.0,90000.0,693.4496147432955,-27885.740066697253,-79847.93005002293,0.21480602471950752,0.14853676808196997,0.06626925663753755
250000.0,90000.0,704.291077648248,-29790.7279245822,-82034.79594343665,0.2142931974915969,0.14781459791458362,0.06647859957701327
255000.0,90000.0,715.0965902385949,-31699.454615186143,-84224.46596138961,0.21378750444797862,0.14711360277732166,0.06667390167065695
260000.0,90000.0,725.8677108378029,-33611.75807286851,-86416.81855465139,0.21328903673320873,0.14643286480488257,0.06685617192832616
265000.0,90000.0,736.6059089881198,-35527.48546523554,-88611.73909892666,0.2127978537017171,0.14577151842483077,0.06702633527688634
270000.0,90000.0,747.3125716843709,-37446.49254482542,-90809.11940861907,0.21231398732236598,0.1451287466858401,0.06718524063652587
275000.0,90000.0,757.9890090897779,-39288.39305466309,-92928.60729099732,0.2119288513552543,0.14450377789102833,0.06742507346422597
280000.0,90000.0,768.6364597833324,-41063.55818253342,-94980.60613690007,0.21162589978772484,0.14389588250721216,0.06773001728051267
285000.0,90000.0,779.256095582906,-42841.61605937779,-97034.77454453334,0.2113245135003715,0.1433043703240551,0.06802014317631641
290000.0,90000.0,789.8490259835896,-44622.45129770669,-99091.02597328002,0.2110249193728498,0.14272858783985024,0.06829633153299958
295000.0,90000.0,800.4163022465975,-46405.954566353874,-101149.2784247654,0.21072731570923653,0.14216791585312086,0.06855939985611567
300000.0,90000.0,810.9589211704244,-48192.02219827584,-103209.45414870688,0.21043187527174007,0.14162176724137931,0.06881010803036075
95000.0,95000.0,325.36958885713534,33838.437241142085,-10187.422069143438,0.23785496953672428,0.182389920880633,0.05546504865609128
100000.0,95000.0,339.34518529374816,32024.399270549817,-12364.82554708764,0.23717674240960893,0.18049537289058246,0.05668136951902647
105000.0,95000.0,353.1474224836618,30192.331938300835,-14555.751046274374,0.23643951420028214,0.17869746184607851,0.05774205235420363
110000.0,95000.0,366.78923459533587,28343.58039791492,-16759.18970156381,0.23565874095209075,0.17698897775655567,0.058669763195535074
115000.0,95000.0,380.2823003452518,26479.359235906188,-18974.23057307036,0.2348467042896956,0.17536341046746387,0.05948329382223172
120000.0,95000.0,393.6371917143166,24600.76793828892,-21200.04904628331,0.2340131927420197,0.17381486676016833,0.060198325981851375
125000.0,95000.0,406.8635020137975,22772.80420943495,-23371.896842923787,0.23333059940023787,0.17233799896319335,0.06099260043704452
130000.0,95000.0,419.9699565705186,20968.375483333948,-25517.09338749954,0.23271744484465176,0.17092794325214433,0.06178950159250743
135000.0,95000.0,432.9645087224497,19152.30890713478,-27671.018319648916,0.23208434780011428,0.16958026613816535,0.06250408166194893
140000.0,95000.0,445.85442334992666,17325.360028392373,-29833.10497870572,0.23143697107287362,0.1682909179045047,0.06314605316836891
145000.0,95000.0,458.64634979065534,15488.220378228172,-32002.83471632887,0.23077997347790696,0.16705619196095708,0.06372378151694988
150000.0,95000.0,471.3463856799668,13641.524110716535,-34179.7319169626,0.23011719029356847,0.1658726892569115,0.06424450103665696
155000.0,95000.0,483.96013300719306,11785.853832748078,-36363.35962543894,0.22945177875676673,0.16473728703342436,0.06471449172334237
160000.0,95000.0,496.49274747336096,9921.745737229532,-38553.31569707785,0.22878633596773273,0.16364711130939105,0.06513922465834168
165000.0,95000.0,508.94898206586265,8049.694134849706,-40749.22939886272,0.22812299488787818,0.16259951259138913,0.06552348229648905
170000.0,95000.0,521.2037057729435,6156.685400386108,-42960.86094971042,0.2274069918879105,0.161551898501425,0.06585509338648549
175000.0,95000.0,532.8942680094743,4205.00387298534,-45216.497095260995,0.22648828499321746,0.160395116670676,0.06609316832254147
180000.0,95000.0,544.5082689867023,2245.359974617051,-47478.10501903721,0.22558422820444024,0.1592810129571146,0.06630321524732563
185000.0,95000.0,556.0498689191177,247.18636758823413,-49776.360224308824,0.22464130446681702,0.158207268301165,0.06643403616565202
190000.0,95000.0,567.5229319711059,-2037.1150750049856,-52358.96130625374,0.22324491998379256,0.15717172867268223,0.06607319131111034
195000.0,95000.0,578.9310521311108,-4328.1705783644575,-54946.62793377334,0.22189522855776547,0.15617239064772345,0.06572283791004202
200000.0,95000.0,590.2775764187984,-6625.632052444969,-57539.09903933373,0.2205899801920093,0.1552073884720046,0.06538259172000468
205000.0,95000.0,601.5656257405244,-8884.174922985461,-60091.131192239096,0.2193962844483763,0.15427498243528076,0.06512130201309554
210000.0,95000.0,612.7981136665146,-11148.496178682486,-62647.497134011865,0.21823892495588554,0.15337354840424114,0.0648653765516444
215000.0,95000.0,623.9777633674356,-13418.312609786692,-65207.98445734002,0.21711634550021347,0.15250156838143036,0.0646147771187831
220000.0,95000.0,635.1071229174622,-15523.359216583922,-67602.39441243795,0.21626756069930023,0.15165762197474347,0.06460993872455675
225000.0,95000.0,646.1885791447453,-17403.38776894647,-69770.54082670985,0.21575647870660145,0.1508403786766567,0.06491610002994475
230000.0,95000.0,657.2243701876355,-19288.16550048592,-71942.24912536444,0.2152499637830162,0.1500485908649174,0.0652013729180988
235000.0,95000.0,668.2165968955964,-21177.473922857986,-74117.35544214348,0.214748434305418,0.14928108744724702,0.06546734685817099
240000.0,95000.0,679.1672331969521,-23071.107747516973,-76295.70581063774,0.21425223782428407,0.14853676808196997,0.0657154697423141
245000.0,95000.0,690.0781355410766,-24968.873903728032,-78477.15542779602,0.2137616603858115,0.14781459791458362,0.06594706247122789
250000.0,95000.0,700.9510515100062,-26870.590642959345,-80661.56798221951,0.21327693460884203,0.14711360277732166,0.06616333183152037
255000.0,95000.0,711.7876276834872,-28776.086720917316,-82848.81504068799,0.21279824669367683,0.14643286480488255,0.06636538188879429
260000.0,95000.0,722.5894168318862,-30685.200649483828,-85038.77548711287,0.212325742512774,0.14577151842483077,0.06655422408794323
265000.0,95000.0,733.3578845030402,-32597.78001168382,-87231.33500876286,0.21185953291069193,0.1451287466858401,0.06673078622485182
270000.0,95000.0,744.0944150617945,-34513.68083357335,-89426.38562518,0.21139969832167774,0.14450377789102833,0.0668959204306494
275000.0,95000.0,754.8003172345618,-36352.51700760558,-91543.57525570419,0.2110373136230472,0.14389588250721216,0.06714143111583504
280000.0,95000.0,765.4768292055932,-38124.65976261831,-93593.30732196373,0.21075597011486058,0.1433043703240551,0.06745159979080548
285000.0,95000.0,776.125123306681,-39899.73717610516,-95645.24038207886,0.21047543295187549,0.14272858783985024,0.06774684511202525
290000.0,95000.0,786.7463103376438,-41677.63372488506,-97699.2877936638,0.2101959630818583,0.14216791585312086,0.06802804722873745
295000.0,95000.0,797.341443551061,-43458.239870689635,-99755.36740301723,0.20991779106902503,0.14162176724137931,0.06829602382764571
300000.0,95000.0,807.9115223313132,-45241.451677543446,-101813.4012581576,0.20964112023387746,0.14108958491029233,0.06855153532358513
100000.0,100000.0,335.96497422923113,34940.35731984005,-10994.732010119966,0.2348142293000003,0.17869746184607851,0.05611676745392177
105000.0,100000.0,349.7710636572055,33108.69062034937,-13185.357034737972,0.23417897203044627,0.17698897775655567,0.0571899942738906
110000.0,100000.0,363.42043395414953,31260.725131231542,-15388.206151576342,0.2334943172374841,0.17536341046746387,0.058130906770020224
115000.0,100000.0,376.9242237566081,29397.619270687253,-17602.41054698456,0.23277289433619694,0.17381486676016833,0.05895802757602861
120000.0,100000.0,390.29254057502885,27520.42421980301,-19827.18183514774,0.2320248326272036,0.17233799896319335,0.05968683366401026
125000.0,100000.0,403.5345774116586,25694.096050812484,-21997.802961890637,0.23142150711515763,0.17092794325214433,0.0604935638630133
130000.0,100000.0,416.65871390147225,23891.506245753117,-24141.620315685162,0.23088258994337826,0.16958026613816535,0.061302323805212916
135000.0,100000.0,429.67260432064734,22077.45084934734,-26294.036862989495,0.2303197701714145,0.1682909179045047,0.062028852266909795
140000.0,100000.0,442.5832544097941,20252.658458618593,-28454.506156036055,0.229738951738034,0.16705619196095708,0.06268275977707691
145000.0,100000.0,455.39708863603295,18417.797218147432,-30622.527086389426,0.2291450222711028,0.16587268925691148,0.06327233301419133
150000.0,100000.0,468.12000925397916,16573.48096241383,-32797.63927818963,0.22854203304078374,0.16473728703342436,0.06380474600735939
155000.0,100000.0,480.75744830899646,14720.274624135636,-34979.41903189827,0.227933344384431,0.16364711130939105,0.06428623307503994
160000.0,100000.0,493.3144135474599,12858.69900893583,-37167.47574329813,0.2273217438320181,0.1625995125913891,0.06472223124062901
165000.0,100000.0,505.6698693785758,10976.166415371874,-39371.250188471095,0.22665321887268242,0.16155189850142504,0.06510132037125738
170000.0,100000.0,517.471660637294,9036.05270627857,-41618.21047029107,0.22577865895687474,0.16039511667067602,0.06538354228619872
175000.0,100000.0,529.1927869715951,7087.549845045898,-43871.46261621558,0.22491509844847254,0.15928101295711458,0.06563408549135796
180000.0,100000.0,540.8376315824673,5131.113684576587,-46130.66473656756,0.22406352052557682,0.15820726830116505,0.06585625222441177
185000.0,100000.0,552.4102657525788,3136.1676382682053,-48426.499271298846,0.2231709233935112,0.15717172867268223,0.06599919472082896
190000.0,100000.0,563.9144761072913,855.1055151582987,-51006.670863631276,0.2218254717197648,0.15617239064772345,0.06565308107204135
195000.0,100000.0,575.353789065721,-1432.7059371650103,-53591.90445287376,0.220524119506724,0.15520738847200458,0.06531673103471941
200000.0,100000.0,586.7314928140552,-3726.9247473382566,-56181.94356050369,0.21926478922528597,0.1542749824352808,0.06498980679000518
205000.0,100000.0,598.0506570891838,-5982.231662724895,-58731.54874704367,0.21811434440882144,0.15337354840424117,0.06474079600458027
210000.0,100000.0,609.3141510230673,-8243.328293600993,-61285.496220200745,0.2169981635290216,0.15250156838143036,0.06449659514759123
215000.0,100000.0,620.5246592660445,-10509.935436331376,-63843.57657724853,0.21591481976141186,0.15165762197474345,0.06425719778666841
220000.0,100000.0,631.6846965796822,-12611.791555713047,-66235.59366678479,0.21510215132340677,0.15084037867665673,0.06426177264675004
225000.0,100000.0,642.7966210660088,-14488.651409135084,-68401.36355685131,0.21462393481058087,0.1500485908649174,0.06457534394566347
230000.0,100000.0,653.8626461795149,-16370.284797330445,-70570.71359799783,0.2141489532243391,0.14928108744724702,0.06486786577709208
235000.0,100000.0,664.8848516506089,-18256.47542833668,-72743.48157125252,0.21367769305446796,0.14853676808196997,0.06514092497249799
240000.0,100000.0,675.865193433905,-20147.019882873865,-74919.5149121554,0.21321056594431506,0.14781459791458362,0.06539596802973144
245000.0,100000.0,686.8055127814176,-22041.726670732547,-77098.67000304941,0.21274791826170758,0.14711360277732166,0.06563431548438592
250000.0,100000.0,697.7075445291716,-23940.41536896616,-79280.81152672463,0.21229003941157462,0.14643286480488257,0.06585717460669205
255000.0,100000.0,708.5729246756525,-25842.915833732128,-81465.81187529908,0.21183716906728642,0.14577151842483077,0.06606565064245565
260000.0,100000.0,719.4031973217094,-27749.067478542216,-83653.55060890666,0.21138950347086685,0.1451287466858401,0.06626075678502674
265000.0,100000.0,730.1998210338108,-29658.718612483688,-85843.91395936278,0.21094720092977015,0.14450377789102833,0.06644342303874182
270000.0,100000.0,740.9641746857915,-31571.72583267768,-88036.79437450826,0.21051038661906749,0.14389588250721216,0.06661450411185532
275000.0,100000.0,751.6975628282801,-33407.70346585888,-90151.84009939416,0.21016980344878972,0.1433043703240551,0.06686543312473461
280000.0,100000.0,762.4012206297723,-35177.02305450366,-92199.45479087775,0.20990917391625663,0.14272858783985024,0.0671805860764064
285000.0,100000.0,773.0763184286898,-36949.31288341625,-94249.29716256219,0.2096486351748018,0.14216791585312089,0.06748071932168093
290000.0,100000.0,783.7239659316976,-38724.45754310343,-96301.28065732757,0.209388479672244,0.14162176724137931,0.06776671243086468
295000.0,100000.0,794.345216089939,-40502.347526646336,-98355.32314498475,0.20912896784245605,0.14108958491029233,0.06803938293216372
300000.0,100000.0,804.9410686816516,-42282.87885710824,-100411.34664283118,0.20887033133743876,0.14057083989819413,0.06829949143924463
105000.0,105000.0,346.55856756304735,36042.09102655692,-11802.18173008231,0.23202813935402147,0.17536341046746393,0.05666472888655755
110000.0,105000.0,360.2112557988996,34194.47060308556,-14004.77204768583,0.23143244951557146,0.17381486676016833,0.05761758275540313
115000.0,105000.0,373.7215791362603,32332.044230171072,-16218.466827371696,0.23079507277201433,0.17233799896319335,0.05845707380882098
120000.0,105000.0,387.09919825279854,30455.81661829105,-18442.512536281713,0.2301264240213276,0.17092794325214433,0.05919848076918327
125000.0,105000.0,400.3529190804948,28630.703584371455,-20612.22231172141,0.2295968700026549,0.16958026613816535,0.060016603864489565
130000.0,105000.0,413.490785291368,26829.54167030228,-22754.96874727329,0.2291271494885086,0.16829091790450468,0.06083623158400392
135000.0,105000.0,426.5201590289328,25017.096539009013,-24906.17759574324,0.2286299475768052,0.16705619196095708,0.0615737556158481
140000.0,105000.0,439.4477915920992,23194.07032557833,-27065.322255816252,0.22811137560682357,0.1658726892569115,0.06223868634991206
145000.0,105000.0,452.27988550076526,21361.10809207958,-29231.918930940315,0.22757651952991523,0.16473728703342433,0.0628392324964909
150000.0,105000.0,465.02214914463195,19518.80351104174,-31405.522366718695,0.22702961905832134,0.16364711130939105,0.06338250774893028
155000.0,105000.0,477.67984502905705,17667.703883021924,-33585.72208773356,0.22647421273550392,0.1625995125913891,0.06387470014411481
160000.0,105000.0,490.13603298420804,15795.64743035764,-35781.63942723177,0.22585713020557946,0.161551898501425,0.06430523170415445
165000.0,105000.0,502.0490532651135,13867.101539571799,-38019.92384532115,0.22503028328415145,0.16039511667067596,0.06463516661347549
170000.0,105000.0,513.8773049564879,11929.739715474745,-40264.82021339394,0.22421040147118562,0.1592810129571146,0.06492938851407101
175000.0,105000.0,525.6253942458168,9984.04100156494,-42515.969248826295,0.2233989015049835,0.15820726830116502,0.06519163320381849
180000.0,105000.0,537.2975995340516,8030.450351541367,-44773.037236343975,0.22259692131497724,0.15717172867268225,0.06542519264229499
185000.0,105000.0,548.8979000834718,6038.381608681055,-47066.71379348921,0.22175194561871842,0.15617239064772348,0.06557955497099494
190000.0,105000.0,560.4300017126436,3760.220178114949,-49644.70986641379,0.22045479370202029,0.15520738847200458,0.06524740523001571
195000.0,105000.0,571.8973598875858,1475.325428308919,-52227.75592876831,0.21919932419707056,0.15427498243528076,0.0649243417617898
200000.0,105000.0,583.303200511853,-815.9671467673033,-54815.60036007548,0.21798361751684445,0.1533735484042412,0.06461006911260325
205000.0,105000.0,594.6505386786989,-3068.343977415294,-57363.00798306147,0.21687429126411822,0.15250156838143034,0.06437272288268789
210000.0,105000.0,605.9421956146268,-5326.511656078801,-59914.7587420591,0.21579729181136206,0.15165762197474342,0.06413966983661865
215000.0,105000.0,617.180814014619,-7590.195342479623,-62470.64650685972,0.21475131121426475,0.15084037867665673,0.06391093253760802
220000.0,105000.0,628.3688719443821,-9689.137317784247,-64860.477988338185,0.21397304210748602,0.1500485908649174,0.06392445124256863
225000.0,105000.0,639.5086954634335,-11563.095671802934,-67024.0717538522,0.21352612641043883,0.14928108744724702,0.06424503896319181
230000.0,105000.0,650.6024701042656,-13441.843109156354,-69191.25733186727,0.21308120100157343,0.14853676808197,0.06454443291960343
235000.0,105000.0,661.6522513267337,-15325.165862019698,-71361.87439651477,0.21263881455083233,0.14781459791458365,0.06482421663624868
240000.0,105000.0,672.659974052829,-17212.862698505778,-73535.77202387934,0.21219943732746355,0.1471136027773217,0.06508583455014186
245000.0,105000.0,683.627461374856,-19104.74401701498,-75712.80801276123,0.21176347097890033,0.14643286480488257,0.06533060617401776
250000.0,105000.0,694.5564325194189,-21000.631017980457,-77892.84826348534,0.2113312570421047,0.14577151842483083,0.06555973861727388
255000.0,105000.0,705.4485101403786,-22900.354945400613,-80075.76620905046,0.21090308436393979,0.14512874668584008,0.0657743376780997
260000.0,105000.0,716.3052270058275,-24803.756391393952,-82261.44229354546,0.2104791955805491,0.14450377789102836,0.06597541768952073
265000.0,105000.0,727.1280321370211,-26710.68465774982,-84449.76349331238,0.21005979278345271,0.1438958825072122,0.06616391027624052
270000.0,105000.0,737.9182964509671,-28620.997169099413,-86640.62287682455,0.20964504248137095,0.1433043703240551,0.06634067215731584
275000.0,105000.0,748.6773179528636,-30454.308932902175,-88753.66919967663,0.20932536240863897,0.14272858783985024,0.06659677456878874
280000.0,105000.0,759.4063265197358,-32220.992041947495,-90799.30653146062,0.2090846005399376,0.14216791585312086,0.06691668468681675
285000.0,105000.0,770.1064883123342,-33990.67521551723,-92847.19391163792,0.20884325436600862,0.14162176724137931,0.0672214871246293
290000.0,105000.0,780.7789098485648,-35763.24337574927,-94897.24503181195,0.2086016454772943,0.14108958491029236,0.06751206056700193
295000.0,105000.0,791.4246417683637,-37538.58725609019,-96949.37794206764,0.20836006198010984,0.14057083989819416,0.06778922208191568
300000.0,105000.0,802.044682316945,-39316.60303903773,-99003.5147792783,0.20811876180866773,0.14006502962238934,0.06805373218627839
110000.0,110000.0,357.1506176974917,37143.66424053913,-12609.75181959565,0.22946601742471823,0.17233799896319338,0.05712801846152485
115000.0,110000.0,370.6638190939385,35281.537185769615,-14823.222110672788,0.22890672596282538,0.17092794325214433,0.05797878271068105
120000.0,110000.0,384.0471242595174,33405.90092298982,-17046.824307757634,0.22831199795924206,0.16958026613816535,0.058731731821076716
125000.0,110000.0,397.30896626208875,31581.632491257216,-19215.900631557088,0.22785120509993123,0.1682909179045047,0.059560287195426526
130000.0,110000.0,410.4570636480716,29781.534619399463,-21357.849035450403,0.227446076978077,0.1670561919609571,0.06038988501711989
135000.0,110000.0,423.49849454816524,27970.34343300917,-23508.117425243123,0.22701022813984953,0.16587268925691145,0.061137538882938075
140000.0,110000.0,436.4397617475514,26148.73522174533,-25666.198583691003,0.2265499481998949,0.16473728703342436,0.06181266116647055
145000.0,110000.0,449.28684998026745,24317.332397947815,-27831.62570153914,0.22607049498975657,0.16364711130939108,0.062423383680365485
150000.0,110000.0,462.0452765106543,22476.70875710805,-30003.968432168964,0.2255762726718745,0.1625995125913891,0.06297676008048539
155000.0,110000.0,474.6021965898402,20615.128445343376,-32192.028665992468,0.22501505967597743,0.161551898501425,0.06346316117455242
160000.0,110000.0,486.6264458929332,18698.150372865057,-34421.63722035121,0.22423989495801822,0.16039511667067596,0.06384477828734225
165000.0,110000.0,498.5618229413808,16771.929585903592,-36658.177810572306,0.2234672240123072,0.1592810129571146,0.0641862110551926
170000.0,110000.0,510.41315690916633,14836.968318553292,-38901.27376108503,0.2226989550287097,0.15820726830116502,0.06449168672754468
175000.0,110000.0,522.1849333155245,12893.733064814558,-41150.57520138908,0.2219366525327836,0.15717172867268225,0.06476492386010135
180000.0,110000.0,533.8813240596521,10942.657702203811,-43405.75672334714,0.22118159319211822,0.15617239064772345,0.06500920254439477
185000.0,110000.0,545.5062143595663,8953.146293394908,-45697.51527995382,0.22038172192486044,0.1552073884720046,0.06517433345285584
190000.0,110000.0,557.0632269611166,6677.575603956124,-48273.56829703291,0.2191304148660892,0.1542749824352808,0.06485543243080841
195000.0,110000.0,568.5557439345221,4395.297369190288,-50854.651973107284,0.21791853500304156,0.1533735484042412,0.06454498659880037
200000.0,110000.0,579.9869263343306,2106.640338770376,-53440.51974592222,0.21674430759833263,0.15250156838143036,0.06424273921690227
205000.0,110000.0,591.3597319632092,-143.08787582622608,-55985.94090686967,0.21567410505778797,0.15165762197474345,0.06401648308304453
210000.0,110000.0,602.6769314495559,-2398.5991292461986,-58535.69934693465,0.21463441659162882,0.15084037867665673,0.0637940379149721
215000.0,110000.0,613.9411228227555,-4659.623226433439,-61089.59241982508,0.213624043620095,0.1500485908649174,0.06357545275517759
220000.0,110000.0,625.154744747352,-6755.906546275393,-63477.429909706545,0.21287856304466923,0.14928108744724705,0.06359747559742218
225000.0,110000.0,636.3200885579224,-8627.21078997606,-65639.03309248204,0.21246147961828543,0.14853676808197,0.06392471153631543
230000.0,110000.0,647.439309219562,-10503.31184116553,-67804.23388087415,0.21204522257965652,0.14781459791458362,0.0642306246650729
235000.0,110000.0,658.5144353242404,-12383.99872627901,-69972.87404470926,0.21163039740464878,0.14711360277732166,0.06451679462732712
240000.0,110000.0,669.5473782205404,-14269.07266506378,-72144.80449879784,0.21121752802749444,0.14643286480488257,0.06478466322261187
245000.0,110000.0,680.5399403631851,-16158.346202228742,-74319.88465167156,0.21080706679227393,0.1457715184248308,0.06503554836744313
250000.0,110000.0,691.4938229590479,-18051.64241225901,-76497.98180919426,0.21039940313086147,0.1451287466858401,0.06527065644502136
255000.0,110000.0,702.410632977844,-19948.794170304216,-78678.97062772815,0.20999487114314805,0.14450377789102833,0.06549109325211971
260000.0,110000.0,713.2918895882508,-21849.643482821935,-80862.73261211645,0.20959375622906554,0.1438958825072122,0.06569787372185334
265000.0,110000.0,724.1390300736541,-23754.040872339974,-83049.15565425498,0.20919630089989147,0.1433043703240551,0.06589193057583637
270000.0,110000.0,734.953415275955,-25661.84481130069,-85238.13360847552,0.20880270987777905,0.14272858783985024,0.06607412203792881
275000.0,110000.0,745.7363346107818,-27492.671200478682,-87349.31590035901,0.20850308238337736,0.14216791585312086,0.0663351665302565
280000.0,110000.0,756.4890106929709,-29256.892887931026,-89393.10716594827,0.2082813865121017,0.14162176724137931,0.06665961927072239
285000.0,110000.0,767.2126036071904,-31024.139224852202,-91439.16691863915,0.2080584690035236,0.14108958491029233,0.06696888409323126
290000.0,110000.0,777.9082148550758,-32794.2956550721,-93487.40924130406,0.20783467842458356,0.14057083989819416,0.0672638385263894
295000.0,110000.0,788.5768910070999,-34567.2533352616,-95537.7525014462,0.20761032853259545,0.14006502962238934,0.06754529891020611
300000.0,110000.0,799.2196270846341,-36342.90878319804,-97590.11908739853,0.2073857016563441,0.139571676255024,0.06781402540132009
115000.0,115000.0,367.74132943853994,38245.09826160816,-13417.42630379388,0.22710191657972242,0.16958026613816535,0.057521650441557076
120000.0,115000.0,381.1271472328095,36369.72331221218,-15640.832515840862,0.22657610216195373,0.1682909179045047,0.058285184257449024
125000.0,115000.0,394.3939682672103,34545.972699789854,-17809.52047515761,0.22617949400756487,0.16705619196095708,0.05912330204660779
130000.0,115000.0,407.5491975042315,32746.616540440067,-19950.91259466995,0.2258347446235658,0.16587268925691145,0.05996205536665433
135000.0,115000.0,420.59963799433757,30936.36235141111,-22100.478236441668,0.22545633811166604,0.16473728703342438,0.06071905107824166
140000.0,115000.0,433.5515508159029,29115.86128485389,-24257.729036359582,0.22505071716206426,0.16364711130939105,0.06140360585267321
145000.0,115000.0,446.41070799225145,27285.713631194143,-26422.214776604393,0.22462328850481236,0.1625995125913891,0.06202377591342326
150000.0,115000.0,459.06836019547245,25434.609460329142,-28602.417904753143,0.2241229049597184,0.161551898501425,0.06257100645829339
155000.0,115000.0,471.2038385207528,23529.199206158286,-30823.350595381286,0.2234038540195129,0.16039511667067596,0.06300873734883694
160000.0,115000.0,483.2463409262737,21614.119456332468,-33051.53540775065,0.22268232571970858,0.15928101295711464,0.06340131276259395
165000.0,115000.0,495.20091957251583,19689.895635541645,-35286.578273343766,0.221960787475344,0.15820726830116502,0.06375351917417899
170000.0,115000.0,507.0722670969974,17757.01577808772,-37528.11316643421,0.2212412875294205,0.15717172867268225,0.06406955885673823
175000.0,115000.0,518.8647480358325,15815.933795726567,-39775.799653205075,0.22052552256761046,0.15617239064772342,0.06435313191988704
180000.0,115000.0,530.582427006489,13867.072408674867,-42029.32069349385,0.21981489375328583,0.1552073884720046,0.06460750528128123
185000.0,115000.0,542.2290940346472,11879.825779603329,-44319.3806652975,0.2190577820665244,0.1542749824352808,0.06478279963124361
190000.0,115000.0,553.8082873571911,9606.56188514788,-46893.70358613909,0.2178500283116523,0.15337354840424117,0.06447647990741112
195000.0,115000.0,565.3233139899623,7326.624654956075,-49473.031508782944,0.21667959510043186,0.15250156838143036,0.0641780267190015
200000.0,115000.0,576.7772683117917,5040.335904426349,-52057.12307168024,0.21554484072393346,0.15165762197474347,0.06388721874918998
205000.0,115000.0,588.1730488844928,2792.997083987255,-54600.75218700956,0.2145118936592822,0.15084037867665673,0.06367151498262547
210000.0,115000.0,599.5133737011288,539.8908649173973,-57148.70685131195,0.21350776259799673,0.1500485908649174,0.06345917173307933
215000.0,115000.0,610.8007940312705,-1718.7174207478529,-59700.78806556089,0.21253134969588086,0.14928108744724702,0.06325026224863384
220000.0,115000.0,622.037707011579,-3812.5784707957937,-62086.808853096845,0.21181714502021587,0.14853676808196997,0.0632803769382459
225000.0,115000.0,633.2263671123906,-5681.457820311363,-64246.59336523352,0.21142851421665224,0.14781459791458362,0.06361391630206861
230000.0,115000.0,644.3688965956517,-7555.134754052211,-66409.97606553916,0.21103962048077676,0.14711360277732166,0.0639260177034551
235000.0,115000.0,655.4672950662248,-9433.401313112641,-68576.80098483448,0.2106511212200136,0.14643286480488257,0.06421825641513101
240000.0,115000.0,666.5234482069512,-11316.061386477086,-70746.92103985781,0.2102635895263895,0.14577151842483077,0.06449207110155872
245000.0,115000.0,677.5391357777171,-13202.929879117408,-72920.19740933806,0.2098775242699912,0.1451287466858401,0.0647487775841511
250000.0,115000.0,688.5160389498606,-15093.83194921451,-75096.49896191088,0.20949335891559343,0.14450377789102836,0.06498958102456506
255000.0,115000.0,699.4557470394803,-16988.602307894034,-77275.70173092053,0.20911146923728746,0.14389588250721216,0.0652155867300753
260000.0,115000.0,710.3597636963411,-18887.084575580535,-79457.68843168541,0.20873218007995695,0.1433043703240551,0.06542780975590184
265000.0,115000.0,721.2295125990461,-20789.130689699203,-81642.3480172744,0.2083557712946447,0.1427285878398502,0.06562718345479449
270000.0,115000.0,732.066342701828,-22694.60035900987,-83829.5752692574,0.20798248295650518,0.14216791585312089,0.06581456710338429
275000.0,115000.0,742.8715330736075,-24523.110560344823,-85939.02042025862,0.20770210230074637,0.14162176724137931,0.06608033505936706
280000.0,115000.0,753.6462973658162,-26285.035073955136,-87981.08880546635,0.2074987125209834,0.14108958491029233,0.06640912761069107
285000.0,115000.0,764.3917879417879,-28050.004054054036,-90025.44054054053,0.2072934990513547,0.14057083989819416,0.06672265915316053
290000.0,115000.0,775.1090996972548,-29817.90363148552,-92071.99022361415,0.20708683544312398,0.14006502962238934,0.06702180582073464
295000.0,115000.0,785.7992735985742,-31588.625545748277,-94120.65665931121,0.20687905924319822,0.13957167625502406,0.06730738298817415
300000.0,115000.0,796.4632999627219,-33362.06680387691,-96171.36260290767,0.20667047543466419,0.13909032521749282,0.06758015021717137
120000.0,120000.0,378.3308728863491,39346.410780180304,-14225.191914864772,0.22491374631405228,0.1670561919609571,0.05785755435309517
125000.0,120000.0,391.59990046029765,37522.889647870965,-16393.707764096776,0.22457713470788576,0.16587268925691145,0.05870444545097431
130000.0,120000.0,404.75951424112367,35723.98948107686,-18534.757889192355,0.22428890080602754,0.16473728703342436,0.05955161377260318
135000.0,120000.0,417.8162516515384,33914.390171759995,-20683.832371180004,0.2239643442160223,0.16364711130939105,0.06031723290663124
140000.0,120000.0,430.7761394738486,32094.718505280267,-22840.4611210398,0.22361003885801117,0.1625995125913891,0.06101052626662207
145000.0,120000.0,443.5345238011047,30254.09047531488,-25012.80714351384,0.22317606078425292,0.16155189850142504,0.06162416228282788
150000.0,120000.0,455.78123114857243,28360.248039451544,-27225.063970411342,0.22251808751890195,0.160395116670676,0.06212297084822596
155000.0,120000.0,467.9308589111665,26456.309326761315,-29444.893004929014,0.22185209191756505,0.1592810129571146,0.06257107896045044
160000.0,120000.0,479.9886822358653,24542.822952529998,-31671.882785602502,0.22118118033660916,0.158207268301165,0.06297391203544417
165000.0,120000.0,491.95960087847027,22620.29849136091,-33905.65113147932,0.22050795162356499,0.15717172867268225,0.06333622295088273
170000.0,120000.0,503.848172012013,20689.209889249352,-36145.842583062986,0.21983457887267832,0.15617239064772345,0.06366218822495487
175000.0,120000.0,515.6586396534117,18749.998523954826,-38392.12610703388,0.21916287704366957,0.15520738847200463,0.06395548857166494
180000.0,120000.0,527.394961108178,16803.075955250504,-40644.19303356212,0.21849435910660997,0.15427498243528082,0.06421937667132915
185000.0,120000.0,539.0608307798602,14817.82640110547,-42932.7551991709,0.2177778199080347,0.15337354840424117,0.06440427150379352
190000.0,120000.0,550.6597016455939,12546.608971141774,-45505.54327164367,0.21661147789254181,0.15250156838143034,0.06410990951111148
195000.0,120000.0,562.194804660374,10268.759684678895,-48083.30523649083,0.21548048634615333,0.15165762197474345,0.06382286437140988
200000.0,120000.0,573.6691663194297,7984.593297220679,-50665.80502708449,0.2143833258971472,0.15084037867665673,0.06354294722049048
205000.0,120000.0,585.0856245795021,5739.404956268205,-53207.82128279885,0.21338588281018037,0.1500485908649174,0.06333729194526297
210000.0,120000.0,596.4468433151891,3488.4717047796585,-55754.146221415256,0.21241566345498886,0.14928108744724702,0.06313457600774183
215000.0,120000.0,607.7553254652358,1232.0538483845303,-58304.5846137116,0.21147166288617023,0.14853676808197,0.06293489480420023
220000.0,120000.0,619.013425005219,-859.6037994572253,-60688.95284959292,0.2107873123057318,0.14781459791458362,0.06297271439114818
225000.0,120000.0,630.2233578670631,-2726.270781825442,-62847.07808636908,0.21042583679212581,0.14711360277732166,0.06331223401480415
230000.0,120000.0,641.387211911909,-4597.7299611614435,-65008.79747087108,0.21006307799498192,0.14643286480488257,0.06363021319009934
235000.0,120000.0,652.5069560507176,-6473.776570725371,-67173.95742804403,0.20969974082696904,0.14577151842483077,0.06392822240213827
240000.0,120000.0,663.5844485963862,-8354.217345975834,-69342.41300948188,0.20933644343813637,0.14512874668584008,0.06420769675229629
245000.0,120000.0,674.6214449218771,-10238.869728124759,-71514.02729609357,0.2089737274248009,0.14450377789102836,0.06446994953377252
250000.0,120000.0,685.6196044907099,-12127.561132966192,-73688.67084972464,0.20861206676058158,0.14389588250721216,0.06471618425336942
255000.0,120000.0,696.5804973190283,-14020.128278821066,-75866.2212091158,0.2082518756232344,0.1433043703240551,0.06494750529917931
260000.0,120000.0,707.5056099221376,-15916.416568097673,-78046.56242607324,0.207893515265282,0.14272858783985024,0.06516492742543176
265000.0,120000.0,718.396350792874,-17816.279517541116,-80229.58463815584,0.207537300054886,0.14216791585312089,0.06536938420176511
270000.0,120000.0,729.254055454244,-19719.57823275862,-82415.18367456897,0.2071835027952527,0.14162176724137931,0.06556173555387337
275000.0,120000.0,740.0799911244419,-21545.930923058055,-84523.01069229355,0.20692160512769753,0.14108958491029236,0.06583202021740517
280000.0,120000.0,750.8753610285,-23305.712453035987,-86563.47183977699,0.20673580062918434,0.14057083989819416,0.06616496073099018
285000.0,120000.0,761.6413083874097,-25068.553927709407,-88606.22794578206,0.20654760337339156,0.14006502962238937,0.0664825737510022
290000.0,120000.0,772.3789201125142,-26834.34230829851,-90651.19423122388,0.20635741006208255,0.13957167625502404,0.06678573380705852
295000.0,120000.0,783.0892302302706,-28602.970056051854,-92698.29004203889,0.20616558031622564,0.13909032521749284,0.0670752550987328
300000.0,120000.0,793.7732230600611,-30374.334801753634,-94747.43860131523,0.20597244016743374,0.1386205437834096,0.06735189638402414
