higher_gross,lower_gross,order_wk,gap_household,gap_per_person,order_pct_payor_net,line_7e,lag
60000.0,0.0,408.706523076923,-5104.521600000007,-21044.076000000005,0.4463923377441713,0.36792360639844884,0.07846873134572246
65000.0,0.0,442.62960000000004,-5344.021599999993,-22606.575999999994,0.4479925881952217,0.3667188069594035,0.08127378123581819
70000.0,0.0,476.55267692307694,-5233.5216,-23819.076,0.452244533260334,0.36569180095625997,0.08655273230407401
75000.0,0.0,510.47575384615385,-4973.0216,-24881.576,0.457175271474704,0.3648059370018141,0.09236933447288992
80000.0,0.0,544.3988307692308,-4712.521599999993,-25944.075999999994,0.46158061633784453,0.36403399002108944,0.09754662631675509
85000.0,0.0,578.3219076923076,-4452.021600000007,-27006.576000000005,0.4655402949030535,0.3633553139045962,0.1021849809984573
90000.0,0.0,607.8214153846153,-4651.572800000009,-28356.608000000007,0.4657292212480659,0.36013301125746316,0.10559620999060276
95000.0,0.0,636.8983384615385,-4895.0727999999945,-29734.107999999997,0.46559186869574387,0.3570211892544522,0.10857067944129167
100000.0,0.0,665.9752615384616,-5138.5727999999945,-31111.607999999997,0.46546658064516133,0.35422766662575184,0.1112389140194095
105000.0,0.0,695.0521846153846,-5382.072800000009,-32489.108000000007,0.4653518344223774,0.35170598263983494,0.11364585178254244
110000.0,0.0,724.1291076923076,-5625.572800000009,-33866.60800000001,0.46524635324643226,0.3494182992465016,0.11582805399993068
115000.0,0.0,753.2060307692308,-5869.0727999999945,-35244.10799999999,0.46514905851964017,0.3473334894115143,0.11781556910812585
120000.0,0.0,782.2829538461538,-6112.572800000009,-36621.60800000001,0.4650590328112495,0.3454257124418328,0.1196333203694167
125000.0,0.0,811.3598769230769,-6292.072800000009,-37935.10800000001,0.4653036840973382,0.3436733374604933,0.12163034663684491
130000.0,0.0,836.6064,-6833.934399999998,-39461.584,0.4635876940782814,0.3404991452991453,0.12308854877913605
135000.0,0.0,859.2217846153846,-7649.434399999998,-41159.084,0.460573380683136,0.33653349401946314,0.12403988666367288
140000.0,0.0,881.8371692307692,-8464.934399999998,-42856.584,0.45774968854815523,0.3328557010539763,0.1248939874941789
145000.0,0.0,904.4525538461538,-9280.434399999998,-44554.084,0.455099089928249,0.3294355215600571,0.12566356836819187
150000.0,0.0,927.0679384615383,-10095.934400000013,-46251.58400000001,0.4526061420886105,0.32624680436371506,0.12635933772489544
155000.0,0.0,949.6833230769232,-10911.434399999984,-47949.08399999999,0.45025718623066513,0.32326682202613183,0.1269903642045333
160000.0,0.0,972.2987076923077,-11726.934399999998,-49646.584,0.44804009712351345,0.3204757283030349,0.12756436882047856
165000.0,0.0,994.9140923076922,-12542.434400000013,-51344.08400000001,0.44594407375003764,0.31785611560295884,0.1280879581470788
170000.0,0.0,1017.5294769230768,-13357.93440000002,-53041.58400000002,0.44395946333727687,0.3153926515819842,0.12856681175529266
175000.0,0.0,1040.1448615384616,-14173.434399999998,-54739.084,0.4420776127210387,0.3130717788428145,0.12900583387822417
180000.0,0.0,1062.760246153846,-14988.93440000002,-56436.58400000002,0.44029074221613174,0.3108814653135618,0.12940927690256993
185000.0,0.0,1084.6351384615384,-15912.445600000006,-58213.216,0.4381870511869292,0.30860031078330524,0.12958674040362395
190000.0,0.0,1102.4043692307691,-17541.945600000006,-60535.716,0.4336497458242556,0.30530361091583047,0.1283461349084251
195000.0,0.0,1120.1735999999999,-19171.44560000003,-62858.21600000002,0.4293450421797087,0.3021779336390612,0.1271671085406475
200000.0,0.0,1137.9428307692308,-20800.945599999985,-65180.715999999986,0.42525550101691023,0.299210307234886,0.12604519378202422
205000.0,0.0,1155.7120615384615,-22385.445600000006,-67458.216,0.42149837248692834,0.29638903947446293,0.1251093330124654
210000.0,0.0,1173.4812923076922,-23969.945600000006,-69735.716,0.4179178916801359,0.29370356365876665,0.12421432802136922
215000.0,0.0,1191.2505230769232,-25554.445599999985,-72013.21599999999,0.41450188665357374,0.2911443063676186,0.12335758028595512
220000.0,0.0,1209.0197538461537,-26968.94560000003,-74120.71600000001,0.41169708788726117,0.28870257342811484,0.12299451445914633
225000.0,0.0,1226.7889846153846,-28153.445600000006,-75998.216,0.4096136638425062,0.28637045123987714,0.12324321260262905
230000.0,0.0,1244.5582153846153,-29337.945600000006,-77875.716,0.4076098254100219,0.2841407210972761,0.12346910431274577
235000.0,0.0,1262.327446153846,-30522.445600000006,-79753.216,0.40568109786810624,0.2820067845543125,0.12367431331379375
240000.0,0.0,1280.096676923077,-31706.945600000006,-81630.716,0.40382333578019497,0.27996259820662506,0.12386073757356991
245000.0,0.0,1297.8659076923077,-32891.44560000001,-83508.216,0.40203269325279456,0.27800261653292907,0.12403007671986549
250000.0,0.0,1315.6351384615384,-34075.94560000001,-85385.716,0.40030559735989046,0.2761217416573836,0.12418385570250684
255000.0,0.0,1333.4043692307694,-35260.44559999998,-87263.21599999999,0.39863872434738373,0.2743152790745518,0.12432344527283196
260000.0,0.0,1351.1735999999999,-36444.94560000001,-89140.716,0.39702897828408684,0.2725788985273351,0.12445007975675176
265000.0,0.0,1368.049846153846,-37722.31600000002,-91076.26000000001,0.3952154978208272,0.27073188107959995,0.12448361674122727
270000.0,0.0,1384.2036923076923,-39074.81599999999,-93058.76,0.3932568731150837,0.268813552232563,0.12444332088252075
275000.0,0.0,1400.3575384615385,-40347.06599999999,-94961.01,0.3915309602829272,0.2669655526389113,0.12456540764401591
280000.0,0.0,1416.5113846153847,-41549.56599999999,-96793.51,0.390002962406035,0.2651840843305828,0.12481887807545217
285000.0,0.0,1432.6652307692307,-42752.06600000002,-98626.01000000001,0.38852090425386276,0.2634656179711703,0.12505528628269247
290000.0,0.0,1448.8190769230769,-43954.56599999999,-100458.51,0.387082744721763,0.2618068695180773,0.12527587520368572
295000.0,0.0,1464.972923076923,-45157.06599999999,-102291.01,0.3856865618556636,0.2602047792761405,0.12548178257952308
300000.0,0.0,1481.1267692307692,-46359.56599999999,-104123.51,0.3843305442827791,0.25865649306161925,0.12567405122115982
60000.0,5000.0,407.8027883108374,-611.0100156729095,-19955.94375979557,0.4454052718370835,0.3671100511073254,0.07829522072975809
65000.0,5000.0,441.79428023255815,-843.3948558139527,-21513.99678488372,0.4471471475274784,0.3660267441860465,0.08112040334143189
70000.0,5000.0,475.7761427489974,-726.7811541042684,-22722.67572131517,0.45150760877722174,0.3650959126224524,0.08641169615476935
75000.0,5000.0,509.7502752010877,-460.97137908688455,-23781.857111929305,0.45652554248364363,0.36428748159057445,0.09223806089306918
80000.0,5000.0,543.7181082344366,-195.8167436185904,-24841.447964761617,0.46100345064716625,0.36357879774948176,0.09742465289768448
85000.0,5000.0,575.0257195297079,-207.32516891037812,-26073.953230568986,0.462886913820888,0.3612843436221644,0.1016025701987236
90000.0,5000.0,604.3068630605665,-429.58624170109397,-27438.178901063184,0.4630362761239145,0.3580506458131974,0.10498563031071712
95000.0,5000.0,633.5667442586399,-654.0585971014516,-28803.786623188407,0.4631563729863181,0.3551536231884058,0.1080027497979123
100000.0,5000.0,662.8085193961133,-880.4139828042244,-30170.57123925264,0.4632532662445953,0.35254329823450237,0.11070996801009292
105000.0,5000.0,692.0347494916671,-1108.3860528666264,-31538.366283041643,0.46333159910601845,0.35017911888955944,0.11315248021645902
110000.0,5000.0,721.2475343186313,-1337.7564308623405,-32907.035269288965,0.4633949686114639,0.34802783661119513,0.11536713200026877
115000.0,5000.0,750.4486117701958,-1568.344375899629,-34276.46523493727,0.46344618998307874,0.34606193299324417,0.11738425698983457
120000.0,5000.0,779.6394325983842,-1799.999009768042,-35646.56188110502,0.46348748708261095,0.344258436322781,0.11922905075982992
125000.0,5000.0,807.2504365575019,-2131.954598019802,-37055.34662376238,0.46294697680127156,0.34193267326732674,0.12101430353394482
130000.0,5000.0,830.1230009401136,-2920.7079022281832,-38736.12993889261,0.4599950559871049,0.33786039924302547,0.12213465674407942
135000.0,5000.0,852.9766617175839,-3711.427181371284,-40418.14198835705,0.45722577309528917,0.33408745148771024,0.12313832160757893
140000.0,5000.0,875.8134292273661,-4503.903360353928,-42101.2521002212,0.4546228469875323,0.3305819976178322,0.12404084936970011
145000.0,5000.0,898.6350385087305,-5297.955995092023,-43785.34749693252,0.4521718540832659,0.3273165644171779,0.124855289666088
150000.0,5000.0,921.442994867449,-6093.428533785307,-45470.33033361581,0.4498599743980185,0.3242673163497695,0.12559265804824898
155000.0,5000.0,944.2386106807375,-6890.184489203311,-47156.11530575207,0.4476757774349425,0.3214134727776069,0.12626230465733562
160000.0,5000.0,967.0230353461749,-7688.104323997817,-48842.627702498634,0.44560904097620735,0.31873683373900946,0.1268722072371979
165000.0,5000.0,989.7972798197369,-8487.082898747365,-50529.8018117171,0.4436505971341811,0.31622139140489497,0.12742920572928612
170000.0,5000.0,1012.5622368501147,-9287.027367588074,-52217.57960474255,0.4417922010740467,0.3138530096814928,0.12793919139255389
175000.0,5000.0,1035.3186977649452,-10087.8554324457,-53905.90964527857,0.44002641866289455,0.31161915841134236,0.1284072602515522
180000.0,5000.0,1058.0673664755288,-10889.493886545002,-55594.74617909063,0.43834652997807055,0.30950869161769257,0.128837838360378
185000.0,5000.0,1076.9546792252122,-12123.713360577938,-57565.57085036121,0.43508418491864576,0.3064150670794633,0.12866911783918245
190000.0,5000.0,1094.9249186214984,-13732.30846336417,-59875.0052896026,0.4307075751052856,0.3032322264561786,0.12747534864910703
195000.0,5000.0,1112.884904986534,-15341.969881400466,-62185.10617587529,0.4265513992408004,0.3002117359014119,0.12633966333938845
200000.0,5000.0,1130.835403289226,-16952.61805792049,-64495.8237862003,0.42259941623635255,0.29734148263101345,0.1252579336053391
205000.0,5000.0,1148.7771042469567,-18519.181158316496,-66762.11322394782,0.4189691324548182,0.29461052958533934,0.12435860286947886
210000.0,5000.0,1166.7106331211567,-20086.59415539971,-69028.93384712482,0.4155066222111891,0.29200897615708277,0.12349764605410635
215000.0,5000.0,1184.636557291542,-21654.798041679634,-71296.24877604978,0.41220052246258765,0.2895278382581648,0.12267268420442284
220000.0,5000.0,1202.5553928023985,-23053.73914855055,-73394.0244678441,0.40949583467506223,0.2871589446636025,0.12233689001145975
225000.0,5000.0,1220.467610040073,-24223.36855583242,-75262.23034739526,0.4075030144702133,0.2848948471121177,0.1226081673580956
230000.0,5000.0,1238.3736386732826,-25393.64157797862,-77130.83848623664,0.4055842920099935,0.2827287420795679,0.12285554993042563
235000.0,5000.0,1256.2738719655454,-26564.517315583274,-78999.82332223955,0.4037356275147376,0.2806544024944079,0.12308122502032975
240000.0,5000.0,1274.168670550902,-27735.958262706175,-80869.16141419136,0.4019532681900721,0.27866611795161134,0.12328715023846076
245000.0,5000.0,1292.058365749272,-28907.929962075694,-82738.8312262973,0.4002337233324824,0.2767586422161529,0.12347508111632954
250000.0,5000.0,1309.9432624856292,-30080.400701494567,-84608.8129384341,0.3985737419647091,0.2749271469997769,0.12364659496493224
255000.0,5000.0,1327.82364186715,-31253.34124581641,-86479.08827863526,0.39697029270841494,0.2731671811535337,0.12380311155488122
260000.0,5000.0,1345.3654382642271,-32461.49442052038,-88371.37151282524,0.39532230749088704,0.271407189482394,0.12391511800849303
265000.0,5000.0,1361.6420171906511,-33801.23021217229,-90345.89388260768,0.39336434208936055,0.2694637960067356,0.12390054608262496
270000.0,5000.0,1377.9140680345006,-35141.436924411944,-92320.71057775746,0.39146996993855737,0.2675921017679525,0.12387786817060487
275000.0,5000.0,1394.1818368444283,-36401.83896817945,-94215.55560511215,0.38980427383453314,0.2657882107459572,0.12401606308857593
280000.0,5000.0,1410.4455521597188,-37592.91257538926,-96040.91410961829,0.38833287866871946,0.26404850417010617,0.12428437449861329
285000.0,5000.0,1426.7054265405698,-38784.385639780754,-97866.52227486297,0.3869046798363468,0.2623696162881754,0.1245350635481714
290000.0,5000.0,1442.9616579406409,-39976.23757417334,-99692.36723385834,0.3855178110093206,0.2607484126329677,0.12476939837635287
295000.0,5000.0,1459.2144309405128,-41168.44918218668,-101518.43698886668,0.3841705112866877,0.2591819704912717,0.12498854079541605
300000.0,5000.0,1475.4639178582306,-42361.00254274401,-103344.72033921501,0.38286111790050487,0.25766756131912516,0.1251935565813797
60000.0,10000.0,406.59940098389984,3631.3377023255816,-18942.288936046512,0.4440909231498171,0.3660267441860465,0.07806417896377055
65000.0,10000.0,440.67076653530006,3407.2597196712086,-20495.150175205494,0.446010021114994,0.3650959126224524,0.0809141084925416
70000.0,10000.0,474.7226327404555,3531.1538050073723,-21699.278871870392,0.4505078365271227,0.3642874815905744,0.08622035493654828
75000.0,10000.0,508.75860845083264,3803.395278886597,-22754.440450695878,0.4556374189785713,0.3635787977494818,0.09205862122908948
80000.0,10000.0,540.2868403352691,3814.831394867986,-23972.60537820751,0.4580941740980596,0.3612843436221644,0.0968098304758952
85000.0,10000.0,569.8789163477591,3624.907300166946,-25316.620437395657,0.4587438159384415,0.35805064581319745,0.10069317012524404
90000.0,10000.0,599.4173574136008,3429.405171014485,-26664.121768115947,0.45928980454589613,0.35515362318840576,0.10413618135749036
95000.0,10000.0,628.9101253351034,3229.1530348507513,-28014.59185321828,0.4597522442965646,0.35254329823450237,0.10720894606206222
100000.0,10000.0,658.3636803676709,3024.822758237773,-29367.610776101392,0.46014665832149043,0.35017911888955944,0.109967539431931
105000.0,10000.0,687.7833192598625,2816.9652030256984,-30722.83424810894,0.4604851785046879,0.3480278366111951,0.11245734189349282
110000.0,10000.0,717.1734259054608,2606.0362941679196,-32079.97731614505,0.4607773910802985,0.34606193299324417,0.11471545808705436
115000.0,10000.0,746.5376598750399,2392.4166270041605,-33438.8021081224,0.4610309469849717,0.344258436322781,0.11677251066219069
120000.0,10000.0,774.372294897182,2019.7186693069234,-34897.05083168317,0.4603562288173484,0.34193267326732674,0.11842355555002165
125000.0,10000.0,797.6364240898226,1235.6881053415564,-36588.382434161525,0.4574334734257614,0.33786039924302547,0.11957307418273594
130000.0,10000.0,820.852868305304,482.69830375161837,-38246.813560155235,0.4548582085855416,0.33408745148771024,0.12077075709783136
135000.0,10000.0,844.0266986871899,-274.7233365322463,-39908.014585332654,0.45242827516902,0.3305819976178322,0.12184627755118782
140000.0,10000.0,867.1622919301557,-1036.1216392638162,-41571.701024539885,0.45013215920348276,0.3273165644171779,0.12281559478630488
145000.0,10000.0,890.2634452184327,-1801.1016972829966,-43237.62606080187,0.4479594667430318,0.3242673163497695,0.12369215039326226
150000.0,10000.0,913.333469067506,-2569.3192169793765,-44905.57451061211,0.4459008026542828,0.32141347277760696,0.12448732987667582
155000.0,10000.0,936.3752628712701,-3340.472661387903,-46575.357913367436,0.4439476622064128,0.31873683373900946,0.12521082846740333
160000.0,10000.0,959.3913768000357,-4114.296812796296,-48246.81050799768,0.4420923346295115,0.31622139140489497,0.1258709432246165
165000.0,10000.0,982.3840628422788,-4890.557464402998,-49919.78591525187,0.4403278176056968,0.3138530096814928,0.12647480792420396
170000.0,10000.0,1005.3553171484701,-5669.0470165591105,-51594.154385349444,0.43864774160076225,0.3116191584113424,0.12702858318941984
175000.0,10000.0,1028.306915358443,-6449.580802721932,-53269.800501701204,0.43704630296766234,0.3095086916176925,0.12753761134996983
180000.0,10000.0,1047.491692006033,-7621.864031372585,-55190.29001960787,0.43396513579395224,0.3064150670794633,0.12755006871448893
185000.0,10000.0,1065.7679737699427,-8919.630727925949,-57200.831704953715,0.4305648131021526,0.3032322264561786,0.12733258664597402
190000.0,10000.0,1084.0183919190904,-10499.087240414607,-59492.054525259126,0.42641730497906605,0.30021173590141187,0.12620556907765418
195000.0,10000.0,1102.2448761131668,-12081.032884230663,-61784.833052644164,0.4224732423859797,0.29734148263101345,0.12513175975496627
200000.0,10000.0,1120.4491687099048,-13665.286454169895,-64079.054033856184,0.4187180231906908,0.29461052958533934,0.12410749360535145
205000.0,10000.0,1138.6328469522064,-15206.683916970534,-66329.61494810658,0.4152694324325358,0.29200897615708277,0.12326045627545301
210000.0,10000.0,1156.7973420744108,-16750.076424261264,-68581.4227651633,0.4119761511921579,0.28952783825816486,0.12244831293399305
215000.0,10000.0,1174.9439558155136,-18295.328595186584,-70834.39287199161,0.4088279307863903,0.2871589446636024,0.12166898612278787
220000.0,10000.0,1193.073874740831,-19672.31702695359,-72918.44814184599,0.40626717495938763,0.28489484711211777,0.12137232784726987
225000.0,10000.0,1211.1881827040934,-20820.928998774296,-74773.51812423393,0.40440469823399233,0.28272874207956783,0.1216759561544245
230000.0,10000.0,1229.2878717256986,-21971.061340527347,-76629.5383378296,0.4026085791558734,0.28065440249440793,0.12195417666146546
235000.0,10000.0,1247.3738515170933,-23122.61944222229,-78486.44965138893,0.4008753791080523,0.2786661179516113,0.12220926115644104
240000.0,10000.0,1265.4469578438727,-24275.516384237242,-80344.19774014827,0.39920188918678073,0.27675864221615293,0.1224432469706278
245000.0,10000.0,1283.5079598894972,-25429.672171492304,-82202.7326071827,0.3975851117341378,0.27492714699977694,0.12265796473436086
250000.0,10000.0,1301.5575667562332,-26585.013057351753,-84062.00816084485,0.39602224357423627,0.2731671811535337,0.12285506242070254
255000.0,10000.0,1319.2685931216893,-27775.566315344302,-85943.29144709019,0.39441264868285386,0.271407189482394,0.12300545920045985
260000.0,10000.0,1335.7320368053884,-29095.8681722396,-87905.66760764975,0.3924916278960495,0.2694637960067356,0.12302783188931393
265000.0,10000.0,1352.1840582491204,-30417.357942091476,-89868.78621380718,0.3906320352498438,0.2675921017679525,0.1230399334818913
270000.0,10000.0,1368.6252781188555,-31739.97107563904,-91832.6069222744,0.3888309938272022,0.2657882107459572,0.123042783081245
275000.0,10000.0,1385.0562729125932,-32983.39761709032,-93716.84226068144,0.3872528248572384,0.2640485041701062,0.12320432068713216
280000.0,10000.0,1401.477578820553,-34158.08180266249,-95531.95737666405,0.3858637589658781,0.2623696162881754,0.1234941426777027
285000.0,10000.0,1417.889695187471,-35333.721700503025,-97347.66981281439,0.38451396367781615,0.2607484126329678,0.12376555104484838
290000.0,10000.0,1434.2930876240446,-36510.26888709937,-99163.9493044371,0.38320181859563157,0.25918197049127173,0.12401984810435984
295000.0,10000.0,1450.6881908083146,-37687.67815593528,-100980.76759745955,0.3819257897697627,0.25766756131912516,0.12425822845063755
300000.0,10000.0,1467.0754110124506,-38865.90725470515,-102798.09828419072,0.38068442413685566,0.256202634880803,0.12448178925605263
60000.0,15000.0,405.56539032160276,7891.300593446682,-17917.624629095822,0.4429615689292868,0.36509591262245245,0.07786565630683434
65000.0,15000.0,439.69499027982334,7673.278989101629,-19466.70063181148,0.44502242216049465,0.36428748159057445,0.0807349405699202
70000.0,15000.0,473.7991086672286,7802.607301391778,-20667.43293663014,0.44963141985027627,0.3635787977494818,0.08605262210079445
75000.0,15000.0,505.54796114083024,7836.987958646347,-21871.257525846035,0.45276200610244427,0.3612843436221644,0.09147766248027989
80000.0,15000.0,535.4509696349517,7679.400842034971,-23195.061973728145,0.45399397392821594,0.3580506458131974,0.09594332811501854
85000.0,15000.0,565.2679705685619,7512.868939130436,-24524.456913043476,0.45503207507357435,0.3551536231884058,0.09987845188516853
90000.0,15000.0,595.0117312740936,7338.720052505727,-25858.61246718392,0.4559140945443581,0.35254329823450237,0.10337079630985574
95000.0,15000.0,624.6926112436748,7158.031569342187,-27196.855269161133,0.4566691144648521,0.35017911888955944,0.10648999557529265
100000.0,15000.0,654.3191042010939,6971.6868369137665,-28538.633226928898,0.45731980401151723,0.34802783661119513,0.1092919674003221
105000.0,15000.0,683.8982400407258,6780.416964235483,-29883.489397352823,0.45788403749467593,0.3460619329932441,0.11182210450143182
110000.0,15000.0,713.4358871516956,6584.832263776349,-31231.042335139784,0.4583760564883941,0.344258436322781,0.11411762016561305
115000.0,15000.0,741.4941532368621,6235.391936633649,-32674.75503960397,0.4579162847696544,0.34193267326732674,0.11598361150232767
120000.0,15000.0,765.1498472395317,5428.084112911296,-34404.63492943044,0.45487358015840457,0.33786039924302547,0.1170131809153791
125000.0,15000.0,788.7290748930242,4676.823788874521,-36075.48513195342,0.4523252316767,0.33408745148771024,0.11823778018898978
130000.0,15000.0,812.2399681470138,3954.4566872894356,-37714.777070444106,0.4500855526224648,0.33058199761783225,0.11950355500463256
135000.0,15000.0,835.6895453515809,3225.7127165644197,-39358.05455214724,0.4479592649951521,0.32731656441717794,0.12064270057797416
140000.0,15000.0,859.0838955694164,2491.225139219314,-41004.92178798793,0.4459387734548161,0.3242673163497696,0.12167145710504651
145000.0,15000.0,882.4283274542745,1751.5460552445438,-42655.033715472164,0.44401702117329367,0.3214134727776069,0.12260354839568677
150000.0,15000.0,905.7274903963654,1007.1590012219967,-44308.08812423625,0.4421874689056623,0.3187368337390095,0.12345063516665278
155000.0,15000.0,928.9854737803342,258.48927315475885,-45963.819204278276,0.4404440673110717,0.31622139140489497,0.12422267590617675
160000.0,15000.0,952.2058888344432,-494.08756121790793,-47621.99222576119,0.4387812259131121,0.3138530096814929,0.1249282162316192
165000.0,15000.0,975.3919365319948,-1250.2386006725428,-49282.39912542034,0.43719378089329025,0.3116191584113424,0.12557462248194784
170000.0,15000.0,998.5464642413572,-2009.6677188988542,-50944.854824311784,0.43567696311115506,0.30950869161769257,0.1261682714934625
175000.0,15000.0,1018.0287047868538,-3151.0147021671874,-52846.00918885449,0.43267790491028824,0.3064150670794633,0.12626283783082493
180000.0,15000.0,1036.611028918387,-4385.952992487757,-54805.65812030485,0.42945738793266297,0.3032322264561786,0.12622516147648438
185000.0,15000.0,1055.1518788516469,-5656.204599428718,-56799.002874642945,0.42627596502558485,0.30021173590141187,0.12606422912417298
190000.0,15000.0,1073.654348937108,-7209.447710540786,-59073.84231908799,0.4223404301677076,0.29734148263101345,0.12499894753669416
195000.0,15000.0,1092.121233172853,-8766.391750023293,-61350.99484376456,0.41859300819261774,0.29461052958533934,0.1239824786072784
200000.0,15000.0,1110.555060783256,-10326.773678541358,-63630.29604908835,0.41502054058462856,0.29200897615708277,0.1230115644275458
205000.0,15000.0,1128.9581268572795,-11845.354806842923,-65866.59675427683,0.4117409767643913,0.2895278382581648,0.1222131385062265
210000.0,15000.0,1147.332518828629,-13366.918041822588,-68104.76127613912,0.4086053953037333,0.2871589446636025,0.12144645064013082
215000.0,15000.0,1165.6801394415888,-14891.265498074761,-70344.66593629672,0.4056045371423011,0.2848948471121177,0.12070969003018339
220000.0,15000.0,1184.002726734904,-16248.216419569973,-72416.19776223123,0.4031782550257356,0.28272874207956783,0.12044951294616779
225000.0,15000.0,1202.3018714858517,-17377.60536547142,-74259.25335341964,0.401437639887532,0.28065440249440793,0.12078323739312408
230000.0,15000.0,1220.5790324832844,-18509.280621738406,-76103.7378885865,0.399756315276817,0.2786661179516113,0.1210901973252057
235000.0,15000.0,1238.8355499384734,-19643.10280639876,-77949.56425399923,0.3981313782793471,0.2767586422161529,0.12137273606319421
240000.0,15000.0,1257.0726572933645,-20778.9436414901,-79796.65227593131,0.3965601059183008,0.2749271469997769,0.12163295891852394
245000.0,15000.0,1275.2914916453165,-21916.684868887096,-81644.92804305443,0.3950399421309794,0.27316718115353367,0.12187276097744576
250000.0,15000.0,1293.1717479791514,-23089.638210168254,-83515.21138135516,0.39347070774429715,0.271407189482394,0.12206351826190315
255000.0,15000.0,1309.8220564201254,-24390.506132306968,-85465.44133269186,0.39158848264057167,0.2694637960067356,0.12212468663383608
260000.0,15000.0,1326.4540484637405,-25693.278959770978,-87416.86184985685,0.3897653829251471,0.2675921017679525,0.12217328115719461
265000.0,15000.0,1343.0687193932827,-26997.853183098603,-89369.40823943663,0.3879987078211367,0.2657882107459572,0.1222104970751795
270000.0,15000.0,1359.6669936654675,-28304.13265879138,-91323.02041174461,0.3862859154169998,0.26404850417010617,0.12223741124689363
275000.0,15000.0,1376.2497311005359,-29531.777965544257,-93197.39247846516,0.3847905724125988,0.2623696162881754,0.12242095612442339
280000.0,15000.0,1392.817732434301,-30691.20582683271,-95002.97239177044,0.3834794747438797,0.2607484126329677,0.122731062110912
285000.0,15000.0,1409.371744307576,-31852.088592012093,-96809.46162000755,0.38220400186177494,0.2591819704912717,0.12302203137050327
290000.0,15000.0,1425.9124637583989,-33014.35376912652,-98616.81485570408,0.38096275718343353,0.25766756131912516,0.12329519586430837
295000.0,15000.0,1442.4405422739114,-34177.9336035132,-100424.98975219575,0.37975441365999363,0.25620263488080297,0.12355177877919066
300000.0,15000.0,1458.9565894514426,-35342.76469704998,-102233.94668565624,0.3785777097257067,0.254784804917569,0.1237929048081377
60000.0,20000.0,404.66734781919115,11775.404173195882,-16981.622391752575,0.44198072015538625,0.3642874815905744,0.07769323856481186
65000.0,20000.0,438.8396088836246,11561.819323896954,-18527.925422564404,0.4441566767933138,0.3635787977494818,0.08057787904383196
70000.0,20000.0,470.8090819463913,11469.144522424696,-19867.409673484566,0.4467939093204188,0.3612843436221644,0.08550956569825441
75000.0,20000.0,501.02302292214415,11343.894383902985,-21171.003510060633,0.4487095318312421,0.3580506458131974,0.09065888601804473
80000.0,20000.0,531.1185837235229,11206.332707246387,-22482.292057971008,0.45032066449736163,0.35515362318840576,0.09516704130895587
85000.0,20000.0,561.1133372130838,11058.287070160717,-23800.13308114955,0.4516876587341671,0.3525432982345024,0.09914436049966469
90000.0,20000.0,591.0215421196788,10901.240380446601,-25123.599762220874,0.45285670360603103,0.3501791188895595,0.10267758471647154
95000.0,20000.0,620.8548891423251,10736.408470801805,-26451.93220574887,0.4538636240171638,0.34802783661119513,0.10583578740596866
100000.0,20000.0,650.6230541759908,10564.797634303046,-27784.501478560596,0.45473654324128393,0.3460619329932441,0.10867461024803982
105000.0,20000.0,680.3341144283513,10387.247900548537,-29120.782562157165,0.4554977815723986,0.344258436322781,0.1112393452496176
110000.0,20000.0,708.6160115765422,10061.065203960388,-30549.959247524755,0.45527933035127194,0.34193267326732674,0.1133466570839452
115000.0,20000.0,732.6632703892408,9294.480120481036,-32254.38742469935,0.4524626948159558,0.33786039924302547,0.11460229557293033
120000.0,20000.0,756.6052814807443,8516.949273997408,-33965.65670375162,0.44979392519719563,0.33408745148771024,0.11570647370948539
125000.0,20000.0,780.4532376068375,7793.636711111103,-35619.03955555556,0.44757915328685394,0.3305819976178322,0.11699715566902175
130000.0,20000.0,804.2167987730061,7097.547072392626,-37241.908079754605,0.4456396834666757,0.3273165644171779,0.11832311904949783
135000.0,20000.0,827.9043459204001,6393.55197572161,-38869.717515173994,0.44378612170954923,0.3242673163497696,0.11951880535977966
140000.0,20000.0,851.5231858410431,5682.411327468479,-40501.9929203322,0.4420141118005734,0.3214134727776069,0.12060063902296647
145000.0,20000.0,875.0797179214607,4964.790663831911,-42138.318335105054,0.44031937501551577,0.3187368337390095,0.12158254127650625
150000.0,20000.0,898.5795707606328,4241.275359105814,-43778.32790055887,0.43869776529703886,0.31622139140489497,0.12247637389214389
155000.0,20000.0,922.0277148266074,3512.382341967168,-45421.698536270516,0.43714530350965397,0.3138530096814929,0.12329229382816109
160000.0,20000.0,945.4285559155196,2778.569815214032,-47068.14386549123,0.4356581970792675,0.31161915841134236,0.12403903866792515
165000.0,20000.0,968.7860131242713,2040.2453649242234,-48717.409146922364,0.434232849474088,0.30950869161769257,0.12472415785639546
170000.0,20000.0,988.5657175676747,929.8346270381589,-50599.22835810115,0.43132225198243923,0.30641506707946337,0.12490718490297587
175000.0,20000.0,1007.4540840668313,-273.27525704953587,-52538.98453565596,0.4281835279670387,0.30323222645617853,0.12495130151086015
180000.0,20000.0,1026.2853657842036,-1482.3219584428298,-54482.451224026765,0.42517957089756353,0.3002117359014119,0.1249678349961516
185000.0,20000.0,1045.063821761049,-2727.8625368509092,-56460.35158553182,0.42220044153203057,0.2973414826310135,0.12485895890101706
190000.0,20000.0,1063.793297635801,-4257.497045876691,-58720.43565367293,0.4184614157971863,0.29461052958533934,0.12385088621184698
195000.0,20000.0,1082.4772746143058,-5791.863440112211,-60983.47715007013,0.4148966295294366,0.29200897615708277,0.12288765337235386
200000.0,20000.0,1101.1189116401483,-7330.633189424581,-63249.27074339036,0.41149419969735396,0.28952783825816486,0.1219663614391891
205000.0,20000.0,1119.721081841744,-8828.507488458621,-65472.62968028664,0.40837214505430786,0.2871589446636025,0.12121320039070538
210000.0,20000.0,1138.2864041423468,-10330.213969195931,-67698.38373074746,0.4053837562351179,0.28489484711211777,0.12048890912300014
215000.0,20000.0,1156.817270765715,-11835.50384036565,-69926.37740022854,0.4025206553591278,0.2827287420795679,0.1197919132795599
220000.0,20000.0,1175.3158712460047,-13174.149390415521,-71986.4683690097,0.4002201949143932,0.28065440249440793,0.11956579241998527
225000.0,20000.0,1193.7842134494756,-14285.941801254521,-73818.52612578408,0.39859367147944313,0.2786661179516112,0.11992755352783191
230000.0,20000.0,1212.224142033074,-15400.68922856031,-75652.4307678502,0.39701997446476617,0.27675864221615293,0.12026133224861324
235000.0,20000.0,1230.6373546972322,-16518.215111487836,-77488.07194467989,0.39549667929047755,0.2749271469997769,0.12056953229070067
240000.0,20000.0,1249.0254165343997,-17638.35668042244,-79325.34792526402,0.39402149796337466,0.2731671811535337,0.12085431680984093
245000.0,20000.0,1267.0749028366135,-18793.710104992206,-81184.63131562012,0.3924947351812205,0.271407189482394,0.12108754569882652
250000.0,20000.0,1283.9120760348624,-20075.144092374307,-83122.71505773393,0.3906532864086602,0.26946379600673565,0.12118949040192456
255000.0,20000.0,1300.7240386783606,-21359.19997745051,-85062.43748590657,0.38886851091229596,0.2675921017679525,0.12127640914434346
260000.0,20000.0,1317.5121606677098,-22645.735290558165,-87003.70955659886,0.3871378977703239,0.2657882107459572,0.12134968702436671
265000.0,20000.0,1334.277714418342,-23934.61770049244,-88946.44856280778,0.38545907710717964,0.2640485041701062,0.12141057293707341
270000.0,20000.0,1351.0218833805193,-25225.724128425994,-90890.57758026625,0.3838298108297292,0.2623696162881754,0.12146019454155382
275000.0,20000.0,1367.745769681131,-26438.689953162393,-92755.77497072649,0.3824129194994673,0.2607484126329677,0.1216645068664996
280000.0,20000.0,1384.4504009911077,-27583.908296924812,-94552.473935578,0.3811757276044491,0.25918197049127173,0.12199375711317739
285000.0,20000.0,1401.1367367084829,-28731.029382317793,-96350.36211394862,0.3799707707270881,0.25766756131912516,0.12230320940796297
290000.0,20000.0,1417.805673535373,-29879.959952321195,-98149.38122020074,0.37879685623665926,0.25620263488080297,0.12259422135585629
295000.0,20000.0,1434.4580505170609,-31030.61274622567,-99949.47671639104,0.37765284594345555,0.254784804917569,0.12286804102588655
300000.0,20000.0,1451.0946536027634,-32182.906025312608,-101750.59751582038,0.37653765336685197,0.25341183617678326,0.12312581719006871
60000.0,25000.0,403.8801091000205,15561.031346402131,-16065.917908498668,0.4411208921067227,0.36357879774948176,0.07754209435724091
65000.0,25000.0,436.07020275195237,15141.30108620305,-17741.061821123094,0.44135371598659967,0.36128434362216433,0.08006937236443534
70000.0,25000.0,466.59507620933675,14898.387925771021,-19174.445046393113,0.442794852867698,0.35805064581319745,0.08474420705450053
75000.0,25000.0,496.9691968784838,14789.79647536232,-20467.62720289855,0.44507897933573576,0.35515362318840576,0.08992535614733
80000.0,25000.0,527.2149431520739,14667.854087815693,-21769.153695115194,0.44701087630699243,0.35254329823450237,0.09446757807249007
85000.0,25000.0,557.3504729956826,14534.449191550986,-23077.844255280634,0.4486586105619489,0.35017911888955944,0.09847949167238945
90000.0,25000.0,587.3906740835563,14391.130104689859,-24392.73118456884,0.4500746342348033,0.34802783661119513,0.10204679762360819
95000.0,25000.0,617.3478683112558,14239.178304370595,-25713.013559768377,0.4512998861587221,0.3460619329932441,0.10523795316547796
100000.0,25000.0,647.232341705007,14079.663537320725,-27038.022789174545,0.45236669043898337,0.344258436322781,0.10810825411620234
105000.0,25000.0,675.7378699162224,13776.738471287128,-28452.663455445545,0.4524205006681503,0.34193267326732674,0.11048782740082358
110000.0,25000.0,700.1766935389498,13050.87612805079,-30131.639919968256,0.4498571454132995,0.33786039924302547,0.11199674617027405
115000.0,25000.0,724.4814880684645,12311.07475912031,-31819.328275549808,0.4474099626443414,0.33408745148771024,0.11332251115663117
120000.0,25000.0,748.6665070666613,11558.81673493277,-33514.80204066702,0.4450744068533941,0.3305819976178322,0.11449240923556192
125000.0,25000.0,772.7440521944313,10859.381428220862,-35153.26160736196,0.4431580419208526,0.32731656441717794,0.11584147750367468
130000.0,25000.0,796.7247962713839,10185.87881222392,-36762.01324236005,0.44148814916840146,0.3242673163497696,0.11722083281863188
135000.0,25000.0,820.6180442278117,9503.276599692414,-38376.45212519224,0.4398804053237212,0.3214134727776069,0.11846693254611429
140000.0,25000.0,844.4319454465558,8812.422326441796,-39996.04854597388,0.43833314529648715,0.31873683373900946,0.11959631155747769
145000.0,25000.0,868.1736677409313,8114.061445056861,-41620.336596839465,0.43684441423532616,0.31622139140489497,0.12062302283043119
150000.0,25000.0,891.8495408187715,7408.852245152237,-43248.90484677985,0.4354120806543561,0.3138530096814929,0.12155907097286323
155000.0,25000.0,915.4651752990444,6697.378231100622,-44881.38860556211,0.4340339183664101,0.31161915841134236,0.12241475995506773
160000.0,25000.0,939.0255620071855,5980.158448747294,-46517.463469532944,0.4327076655297808,0.3095086916176925,0.12319897391208828
165000.0,25000.0,959.1027303484955,4900.683956243534,-48379.94752734779,0.429892572658542,0.3064150670794633,0.12347750557907872
170000.0,25000.0,978.2971392152757,3729.4024783886853,-50299.81095100707,0.4268419566809671,0.30323222645617853,0.12360973022478855
175000.0,25000.0,997.4188527167601,2550.5606825430295,-52224.39957341061,0.42391839982730906,0.3002117359014119,0.12370666392589713
180000.0,25000.0,1016.47329458499,1364.7226368389674,-54153.360851975645,0.4211145297684716,0.29734148263101345,0.12377304713745813
185000.0,25000.0,1035.4653620987492,141.3976582699106,-56117.376463581306,0.418322712896643,0.29461052958533934,0.12371218331130368
190000.0,25000.0,1054.3994884453555,-1366.9532016830344,-58364.15825105189,0.4147661991584852,0.29200897615708277,0.12275722300140246
195000.0,25000.0,1073.279696423017,-2880.91157200624,-60614.4447325039,0.4113713414879312,0.2895278382581648,0.12184350322976639
200000.0,25000.0,1092.1096448548592,-4400.096935094625,-62867.99808443414,0.40812738709747737,0.2871589446636025,0.12096844243387489
205000.0,25000.0,1110.8926688431047,-5879.162440317101,-65079.60152519819,0.40515234504147823,0.28489484711211777,0.12025749792936047
210000.0,25000.0,1129.6318147965258,-7362.791261161328,-67294.05703822583,0.4023015530875499,0.2827287420795679,0.119572811007982
215000.0,25000.0,1148.3298710061579,-8850.693415359594,-69511.18338459975,0.3995674199607226,0.28065440249440793,0.11891301746631466
220000.0,25000.0,1166.989394415667,-10172.602980770636,-71560.81436298165,0.39738485144502006,0.27866611795161134,0.11871873349340872
225000.0,25000.0,1185.6127341276747,-11268.27565072183,-73382.79728170115,0.3958652889898779,0.2767586422161529,0.11910664677372501
230000.0,25000.0,1204.2020521010998,-12367.486581485631,-75206.99161342852,0.39439263037095446,0.27492714699977694,0.11946548337117752
235000.0,25000.0,1222.7593414234832,-13470.028491957753,-77033.2678074736,0.39296487893736654,0.2731671811535337,0.11979769778383281
240000.0,25000.0,1240.9780576940757,-14607.781999816129,-78881.55124988509,0.3914828527581304,0.27140718948239406,0.12007566327573632
245000.0,25000.0,1258.0020956495994,-15869.782052441675,-80807.48878277605,0.3896843022334562,0.2694637960067356,0.12022050622672059
250000.0,25000.0,1274.9940288929804,-17135.12099513004,-82735.51312195628,0.3879398105489402,0.2675921017679525,0.12034770878098772
255000.0,25000.0,1291.9556019421373,-18403.617398017726,-84665.51087376109,0.3862470717482221,0.2657882107459572,0.12045886100226488
260000.0,25000.0,1308.8884351712163,-19675.1027421935,-86597.37671387094,0.384603901455657,0.26404850417010617,0.12055539728555081
265000.0,25000.0,1325.7940356605022,-20949.42029130776,-88531.01268206735,0.3830082297692278,0.2623696162881754,0.12063861348105243
270000.0,25000.0,1342.673806927961,-22226.424079492048,-90466.32754968252,0.3814580945422329,0.2607484126329678,0.12070968190926512
275000.0,25000.0,1359.529057674639,-23425.72800183753,-92322.98625114845,0.3801155796745221,0.25918197049127173,0.12093360918325036
280000.0,25000.0,1376.3610096585671,-24557.704995509004,-94111.40937219313,0.37894850471163133,0.2576675613191252,0.12128094339250611
285000.0,25000.0,1393.170804796834,-25691.986301129247,-95901.27268820578,0.37781050955576295,0.25620263488080297,0.12160787467495998
290000.0,25000.0,1409.9595115826794,-26828.460795401334,-97692.50674712584,0.37670058766002634,0.254784804917569,0.12191578274245735
295000.0,25000.0,1426.728130893457,-27967.024387080455,-99485.04649192528,0.375617773433865,0.25341183617678326,0.12220593725708173
300000.0,25000.0,1443.4776012558868,-29107.57946938777,-101278.83091836736,0.3745611406637389,0.2520816326530612,0.1224795080106777
60000.0,30000.0,401.3313235575135,19133.4576499814,-15272.213968761625,0.43833708937178534,0.3612843436221644,0.07705274574962095
65000.0,30000.0,432.16712949652924,18572.881467639036,-17035.3865827256,0.43740335231997507,0.3580506458131974,0.07935270650677767
70000.0,30000.0,462.8198100334448,18343.26024347826,-18460.462347826087,0.4392121566153687,0.35515362318840576,0.08405853342696296
75000.0,30000.0,493.3165490910641,18247.421105470657,-19745.674309080838,0.4418077167317172,0.35254329823450237,0.08926441849721484
80000.0,30000.0,523.6794038716866,18137.658002655415,-21039.588748340364,0.4440131909559385,0.3501791188895595,0.093834072066379
85000.0,30000.0,553.9264590247875,18015.851738577898,-22341.030163388816,0.44590233165817483,0.34802783661119513,0.0978744950469797
90000.0,30000.0,584.0726824465207,17883.558974438158,-23649.02564097615,0.4475322992296335,0.3460619329932441,0.10147036623638939
95000.0,30000.0,614.1305689816627,17742.079174092913,-24962.76301619193,0.4489479434442268,0.344258436322781,0.10468950712144576
100000.0,30000.0,642.8597282559025,17462.411738613853,-26362.86766336634,0.4493105627595017,0.34193267326732674,0.10737788949217497
105000.0,30000.0,667.690116688659,16777.272135620544,-28016.392415237162,0.44703236318679335,0.33786039924302547,0.10917196394376788
110000.0,30000.0,692.3576946561848,16075.200244243213,-29680.499847347994,0.4448335098797999,0.3340874514877103,0.11074605839208962
115000.0,30000.0,716.8797765264852,15357.996758754467,-31354.064525778456,0.442715458322226,0.33058199761783225,0.11213346070439373
120000.0,30000.0,741.2713056158565,14627.215784049069,-33036.11513496933,0.44067803695009183,0.3273165644171779,0.11336147253291395
125000.0,30000.0,765.5452466223676,13948.20564872623,-34661.80896954611,0.43902962634466647,0.3242673163497696,0.1147623099948969
130000.0,30000.0,789.7129026145802,13294.141871916356,-36258.41133005228,0.4376026570044882,0.32141347277760696,0.11618918422688124
135000.0,30000.0,813.784172971651,12630.053989051696,-37861.27875684269,0.4362172077140235,0.31873683373900946,0.11748037397501404
140000.0,30000.0,837.7677647212299,11956.847531007901,-39469.84529312006,0.43487385966203435,0.316221391404895,0.11865246825713932
145000.0,30000.0,861.6713668109355,11275.32214833729,-41083.6111572892,0.43357261050930773,0.3138530096814929,0.11971960082781485
150000.0,30000.0,885.5017946825692,10586.18664698719,-42702.133345633,0.43231303173844576,0.31161915841134236,0.12069387332710341
155000.0,30000.0,909.2651108900998,9890.071532570379,-44325.01779214351,0.431094387380254,0.30950869161769257,0.12158569576256145
160000.0,30000.0,929.6397431293166,8841.533285448917,-46168.166696594424,0.4283826333474333,0.30641506707946337,0.12196756626796995
165000.0,30000.0,949.1401943637202,7702.080213826906,-48068.13736635818,0.4254271279369509,0.3032322264561786,0.12219490148077233
170000.0,30000.0,968.5523396493165,6553.443323528918,-49973.847922794426,0.42259019190780794,0.30021173590141187,0.12237845600639607
175000.0,30000.0,987.8827674089309,5396.307810528815,-51884.870118419494,0.4198654164559795,0.29734148263101345,0.12252393382496607
180000.0,30000.0,1007.1374265616972,4231.292362416512,-53800.81727348968,0.4172467747634426,0.2946105295853393,0.12263624517810329
185000.0,30000.0,1026.3217022764052,3027.957036746142,-55752.33935203366,0.4146287210716203,0.29200897615708277,0.12261974491453753
190000.0,30000.0,1045.4404812058858,1538.8100454121304,-57987.118721617415,0.4112420193559827,0.28952783825816486,0.12171418109781784
195000.0,30000.0,1064.4982078679743,43.31361826934153,-60225.86648858166,0.4080055341040887,0.2871589446636025,0.12084658944048621
200000.0,30000.0,1083.4989335438627,-1458.1109114382998,-62468.31931964894,0.404909516872666,0.28489484711211777,0.12001466976054825
205000.0,30000.0,1102.4463588273366,-2920.0786819570058,-64669.236676223125,0.40207190135343085,0.2827287420795679,0.11934315927386296
210000.0,30000.0,1121.3438707663108,-4387.2374403036665,-66873.39840018979,0.3993499252105866,0.2806544024944079,0.11869552271617873
215000.0,30000.0,1140.1945753818582,-5859.264160286752,-69080.60260017922,0.3967367010485941,0.2786661179516113,0.11807058309698282
220000.0,30000.0,1159.0013262222756,-7165.862072883348,-71120.6637955521,0.39466474335530344,0.276758642216153,0.11790610113915045
225000.0,30000.0,1177.7667495049675,-8246.758051483368,-72933.41128217711,0.3932455862145333,0.27492714699977694,0.11831843921475638
230000.0,30000.0,1196.4932663125664,-9331.700303493097,-74748.68768968318,0.3918678976661719,0.2731671811535337,0.1187007165126382
235000.0,30000.0,1214.8812125515378,-10451.853894640051,-76585.97118415002,0.3904330414338289,0.271407189482394,0.11902585195143489
240000.0,30000.0,1232.0921152643364,-11694.420012509014,-78499.76250781813,0.38867966532844866,0.26946379600673565,0.11921586932171302
245000.0,30000.0,1249.2640191076007,-12941.042012809543,-80416.08875800596,0.38697755693318464,0.26759210176795256,0.11938545516523208
250000.0,30000.0,1266.3990432165645,-14191.499505477288,-82334.8121909233,0.3853246319367904,0.26578821074595727,0.11953642119083313
255000.0,30000.0,1283.4991559240907,-15445.58778389456,-84255.80486493409,0.3837189063012382,0.26404850417010617,0.11967040213113206
260000.0,30000.0,1300.5661879404856,-16703.116454189498,-86178.94778386844,0.38215849154308573,0.26236961628817546,0.11978887525491028
265000.0,30000.0,1317.601844174791,-17963.908205821732,-88104.13012863859,0.38064159009935655,0.2607484126329678,0.11989317746638878
270000.0,30000.0,1334.6077143581708,-19227.79770675022,-90031.24856671889,0.3791664908137642,0.25918197049127173,0.11998452032249246
275000.0,30000.0,1351.5852826086511,-20414.380608700274,-91879.95663043766,0.37789455126253896,0.2576675613191252,0.12022698994341374
280000.0,30000.0,1368.5359360582956,-21534.01264993724,-93660.66415621078,0.3767940554651964,0.256202634880803,0.12059142058439337
285000.0,30000.0,1385.4609726482977,-22656.308844577055,-95443.03677786066,0.37571969943930145,0.254784804917569,0.12093489452173245
290000.0,30000.0,1402.3616081841512,-23781.142748848273,-97226.99546803017,0.3746706466215089,0.25341183617678326,0.12125881044472564
295000.0,30000.0,1419.238982731554,-24908.39579591839,-99012.466122449,0.37364608934312743,0.2520816326530612,0.12156445669006621
300000.0,30000.0,1436.0941664238205,-26037.956691922678,-100799.37918245167,0.3726452482589596,0.250792226911375,0.12185302134758463
60000.0,35000.0,397.73918278372184,22527.37500950707,-14563.82811905808,0.4344137262078037,0.35805064581319745,0.07636308039460626
65000.0,35000.0,428.6704231884057,21976.724011594197,-16320.797492753627,0.433864279223339,0.3551536231884057,0.07871065603493327
70000.0,35000.0,459.4181550300542,21756.988123125633,-17739.694923046478,0.4359840142633966,0.35254329823450237,0.08344071602889425
75000.0,35000.0,490.00833474769047,21670.86681375981,-19018.83324140012,0.438844924122797,0.35017911888955944,0.08866580523323758
80000.0,35000.0,520.4622439660191,21570.57337246598,-20306.829142208764,0.4412854506152452,0.3480278366111953,0.09325761400404992
85000.0,35000.0,550.7974965817857,21457.939644505706,-21602.537722183934,0.44338356472391127,0.34606193299324417,0.0973216317306671
90000.0,35000.0,581.0287962583184,21334.494810865115,-22905.003243209303,0.4451999912389679,0.3442584363227811,0.10094155491618684
95000.0,35000.0,609.9815865955826,21078.085005940593,-24290.57187128713,0.4459149123532885,0.34193267326732674,0.10398223908596177
100000.0,35000.0,635.2035398383681,20433.668143190283,-25918.644910506075,0.4439594633278917,0.33786039924302547,0.10609906408486625
105000.0,35000.0,660.2339012439049,19769.325729366115,-27559.17141914618,0.44204027250372496,0.33408745148771024,0.10795282101601472
110000.0,35000.0,685.093045986309,19087.176782576134,-29210.827010889916,0.4401660393067037,0.3305819976178322,0.10958404168887154
115000.0,35000.0,709.7985590372817,18389.050139877305,-30872.468662576684,0.43834238971454115,0.32731656441717794,0.11102582529736321
120000.0,35000.0,734.3656969733512,17676.532485228527,-32543.10469673217,0.4365727248498258,0.3242673163497696,0.11230540850005621
125000.0,35000.0,758.8077610013488,17015.007144140283,-34157.87053491232,0.435165771389327,0.32141347277760696,0.11375229861172004
130000.0,35000.0,783.1364004967462,16377.685651661603,-35744.008967711496,0.43395842782824995,0.31873683373900946,0.11522159408924049
135000.0,35000.0,807.3618617015284,15729.633616958949,-37336.85398940065,0.43277462086806284,0.31622139140489497,0.11655322946316787
140000.0,35000.0,831.4931928030995,15071.792051522352,-38935.81746779853,0.43161681466380347,0.3138530096814928,0.11776380498231065
145000.0,35000.0,855.538414066094,14404.995062873764,-40540.378085703895,0.43048665403665337,0.3116191584113424,0.11886749562531096
150000.0,35000.0,879.5046597730138,13729.984616393449,-42150.0721147541,0.42938515560079915,0.3095086916176925,0.11987646398310664
155000.0,35000.0,900.1767559101374,12712.382614654307,-43973.88586584106,0.42678548035692637,0.30641506707946337,0.120370413277463
160000.0,35000.0,919.9832495121644,11604.757949265098,-45853.96378170932,0.423932872894321,0.30323222645617853,0.12070064643814249
165000.0,35000.0,939.6858265818731,10486.325964514806,-47740.796272178246,0.42118945624653514,0.3002117359014119,0.12097772034512322
170000.0,35000.0,959.292240232872,9357.892984218692,-49633.87938486332,0.4185499072176718,0.2973414826310135,0.12120842458665831
175000.0,35000.0,978.8094910246454,8220.187066563114,-51532.758083398054,0.4160091340170215,0.2946105295853393,0.12139860443168221
180000.0,35000.0,998.243916107455,7073.867275175318,-53437.02045301543,0.4135622839923807,0.29200897615708277,0.12155330783529794
185000.0,35000.0,1017.6012659887546,5888.531662830472,-55377.29271073095,0.41110570939105723,0.28952783825816486,0.12157787113289237
190000.0,35000.0,1036.8867708810894,4416.724171633308,-57601.23489272918,0.4078772700754709,0.2871589446636025,0.12071832541186844
195000.0,35000.0,1056.1051982446204,2937.9406174405012,-59829.53711409969,0.40478862462617066,0.2848948471121177,0.11989377751405295
200000.0,35000.0,1075.2609028581473,1452.6338972473168,-62061.91631422043,0.4018309194493856,0.2827287420795679,0.11910217736981771
205000.0,35000.0,1094.357870526464,6.218534752260894,-64253.11341577984,0.399121958397779,0.28065440249440793,0.11846755590337105
210000.0,35000.0,1113.3997563480493,-1445.9253398028668,-66447.89083737679,0.3965207471310479,0.2786661179516113,0.11785462917943662
215000.0,35000.0,1132.3899183168762,-2903.4484950448677,-68646.03030940304,0.39402102956266416,0.27675864221615293,0.11726238734651123
220000.0,35000.0,1151.331446908835,-4196.029521481163,-70677.33095092572,0.39205298538547295,0.27492714699977694,0.11712583838569601
225000.0,35000.0,1170.2271912016497,-5263.37211502844,-72481.60757189278,0.39072819639517137,0.2731671811535337,0.11756101524163765
230000.0,35000.0,1188.7843674089997,-6365.925789464032,-74307.89111841502,0.38934312791467,0.271407189482394,0.11793593843227601
235000.0,35000.0,1206.1821348790731,-7589.057972576411,-76209.53623286026,0.3876373711096527,0.2694637960067356,0.1181735751029171
240000.0,35000.0,1223.5340093222203,-8816.963030489103,-78114.1643940557,0.3859798982313161,0.2675921017679525,0.11838779646336361
245000.0,35000.0,1240.8424844909914,-10049.381612936908,-80021.61350808557,0.3843688650620366,0.26578821074595715,0.11858065431607945
250000.0,35000.0,1258.109876676965,-11286.07282559562,-81931.73301599726,0.3828025042843395,0.26404850417010617,0.11875400011423332
255000.0,35000.0,1275.3383402204688,-12526.812617071235,-83844.38288566952,0.381279123414069,0.2623696162881754,0.1189095071258936
260000.0,35000.0,1292.529881421621,-13771.392332151416,-85759.43270759463,0.37979710247630516,0.2607484126329677,0.11904868984333744
265000.0,35000.0,1309.6863710417022,-15019.61741166297,-87676.76088228935,0.37835489150896817,0.25918197049127173,0.11917292101769644
270000.0,35000.0,1326.8095555587352,-16271.306221891544,-89596.25388868221,0.37695100796065295,0.25766756131912516,0.11928344664152779
275000.0,35000.0,1343.9010673197565,-17446.038998745324,-91437.55562421583,0.3757460940946738,0.25620263488080297,0.11954345921387083
280000.0,35000.0,1360.962433713916,-18554.156893752748,-93211.06680859547,0.37470887042384976,0.254784804917569,0.11992406550628076
285000.0,35000.0,1377.995085474845,-19665.26111061612,-94986.44444413508,0.3736950441511085,0.25341183617678326,0.12028320797432523
290000.0,35000.0,1395.0003642072213,-20779.212122448982,-96763.60132653061,0.37270393416683306,0.2520816326530612,0.12062230151377185
295000.0,35000.0,1411.9795292208037,-21895.87896103642,-98542.45560064777,0.37173487745558503,0.25079222691137504,0.12094265054421
300000.0,35000.0,1428.93376374516,-23015.13857050336,-100322.9303565646,0.37078722940740466,0.24954177037770958,0.12124545902969508
60000.0,40000.0,394.52103634336675,25960.187779710137,-13831.132637681163,0.4308988424670252,0.35515362318840576,0.07574521927861944
65000.0,40000.0,425.5197609690444,25416.55514078062,-15583.715537012113,0.4306754429544121,0.3525432982345024,0.0781321447199097
70000.0,40000.0,456.33726562369435,25204.075624864214,-16998.07773445987,0.4330602757994727,0.35017911888955944,0.08288115690991327
75000.0,40000.0,486.9980289072502,25125.29500635402,-18272.628121028738,0.4361489343927149,0.34802783661119524,0.08812109778151966
80000.0,40000.0,517.5223107170507,25032.32031457327,-19556.049803391707,0.4387927630407082,0.3460619329932441,0.09273083004746407
85000.0,40000.0,547.927023534974,24926.91044763729,-20847.243470226695,0.4410728778020611,0.344258436322781,0.09681444147928009
90000.0,40000.0,577.1034449352627,24693.758273267318,-22218.276079207928,0.4421922808020874,0.34193267326732674,0.10025960753476065
95000.0,40000.0,602.7169629880772,24090.064150760023,-23820.897405774987,0.4406042536868522,0.33786039924302547,0.10274385444382672
100000.0,40000.0,628.1101078316251,23463.451214489003,-25437.842990944373,0.4390016882694154,0.33408745148771024,0.10491423678170514
105000.0,40000.0,653.3063154461329,22816.356806397816,-27067.589496001365,0.4374021103189739,0.3305819976178322,0.10682011270114172
110000.0,40000.0,678.3258124587069,22150.88449570551,-28708.822190184055,0.43581815342994695,0.3273165644171779,0.10850158901276907
115000.0,40000.0,703.1861473243349,21468.859321730844,-30360.400423918225,0.43425883626810863,0.3242673163497696,0.10999151991833905
120000.0,40000.0,727.9026193881174,20771.872416364204,-32021.329739772373,0.4327304928339099,0.32141347277760696,0.11131702005630295
125000.0,40000.0,752.4886280218415,20125.317314271517,-33626.739178580305,0.43154183589621836,0.31873683373900946,0.1128050021572089
130000.0,40000.0,776.955958681827,19502.41970291001,-35203.86268568124,0.4305336670693514,0.316221391404895,0.1143122756644564
135000.0,40000.0,801.3150187952638,18868.261954707436,-36788.023778307856,0.4295332983950243,0.3138530096814928,0.11568028871353148
140000.0,40000.0,825.5750334496188,18223.803478760354,-38378.62282577478,0.4285447785834948,0.3116191584113424,0.11692562017215241
145000.0,40000.0,849.7442086559281,17569.897700216512,-39975.12643736468,0.42757114719463013,0.30950869161769257,0.11806245557693756
150000.0,40000.0,870.7137686909582,16583.23194385966,-41779.60503508771,0.4250933328194255,0.30641506707946337,0.11867826573996215
155000.0,40000.0,890.8263046606088,15507.43568470332,-43639.79019706043,0.42235231009132745,0.30323222645617853,0.11912008363514892
160000.0,40000.0,910.8193135144297,14419.208605500695,-45507.744621562066,0.41971008545052857,0.30021173590141187,0.1194983495491167
165000.0,40000.0,930.701713056813,13319.47815790854,-47382.88865130716,0.41716256365814564,0.2973414826310135,0.11982108102713213
170000.0,40000.0,950.4815554875935,12209.081770709716,-49264.69889330643,0.41470570716267574,0.2946105295853393,0.12009517757733645
175000.0,40000.0,970.1661299385047,11088.777513604495,-51152.70155399719,0.4123355722121828,0.29200897615708277,0.12032659605510004
180000.0,40000.0,989.7620507716233,9959.253280248842,-53046.46669984447,0.41004833359989495,0.28952783825816486,0.1205204953417301
185000.0,40000.0,1009.2753338942046,8790.134724997275,-54976.6032968767,0.40774207538776625,0.2871589446636024,0.12058313072416382
190000.0,40000.0,1028.7114629453783,7333.9921463193605,-57190.7549085504,0.4046613718920939,0.2848948471121177,0.11976652477997618
195000.0,40000.0,1048.0754468889581,5870.346476451639,-59409.59595221773,0.4017109463676495,0.2827287420795679,0.1189822042880816
200000.0,40000.0,1067.371870286617,4399.674509808159,-61632.8284313699,0.39888274454285094,0.2806544024944079,0.11822834204844307
205000.0,40000.0,1086.6049373142405,2967.413480681018,-63815.179074574364,0.3962943953397263,0.2786661179516113,0.11762827738811504
210000.0,40000.0,1105.7785104114769,1528.965082793613,-66001.39682325399,0.3938065538544558,0.27675864221615293,0.11704791163830286
215000.0,40000.0,1124.8961443127027,84.69900852110004,-68191.2506196743,0.39141353147329305,0.27492714699977694,0.11648638447351611
220000.0,40000.0,1143.961116090733,-1195.0439265637542,-70214.52745410235,0.38954323008583835,0.2731671811535337,0.11637604893230463
225000.0,40000.0,1162.6875222664619,-2279.997684287955,-72029.81105267997,0.388210769636836,0.271407189482394,0.11680358015444198
230000.0,40000.0,1180.2721544938101,-3483.69593264375,-73919.30995790234,0.3865552618451498,0.2694637960067356,0.11709146583841423
235000.0,40000.0,1197.8039995368404,-4692.884048168606,-75812.24003010537,0.38494484378318095,0.2675921017679525,0.11735274201522844
240000.0,40000.0,1215.2859257654188,-5907.2637203964405,-77708.41482524778,0.38337793177382373,0.26578821074595727,0.11758972102786647
245000.0,40000.0,1232.7205974298395,-7126.55786729668,-79607.66116706043,0.38185299334513806,0.26404850417010617,0.11780448917503189
250000.0,40000.0,1250.1104925004518,-8350.508779953001,-81509.81798747063,0.3803685481154316,0.2623696162881754,0.11799893182725618
255000.0,40000.0,1267.4579186684514,-9578.87645848107,-83414.73528655067,0.3789231680360105,0.2607484126329678,0.11817475540304273
260000.0,40000.0,1284.765027725234,-10811.43711657566,-85322.27319785979,0.3775154771325285,0.25918197049127173,0.11833350664125675
265000.0,40000.0,1302.0338285088194,-12047.981835082785,-87232.30114692674,0.37614415085852243,0.2576675613191252,0.11847658953939721
270000.0,40000.0,1319.266198581218,-13288.315347553318,-89144.69709222083,0.37480791515266915,0.256202634880803,0.11860528027186612
275000.0,40000.0,1336.4638947795345,-14452.004942928412,-90979.09683933026,0.3736667084902931,0.25478480491756905,0.11888190357272405
280000.0,40000.0,1353.628562765539,-15549.379472383938,-92745.89342023997,0.3726896622291008,0.25341183617678326,0.11927782605231757
285000.0,40000.0,1370.7617456828884,-16650.028448979603,-94514.73653061225,0.37173345280625714,0.2520816326530612,0.11965182015319592
290000.0,40000.0,1387.8648920177868,-17753.80123015016,-96285.53201884385,0.37079754143363003,0.250792226911375,0.12000531452225505
295000.0,40000.0,1404.9393627473032,-18860.556274280476,-98058.19142142529,0.36988139773641526,0.24954177037770958,0.12033962735870568
300000.0,40000.0,1421.9864378495379,-19970.160463648062,-99832.63153978004,0.36898450083734374,0.24832852449650047,0.12065597634084327
60000.0,45000.0,391.62136690803453,29426.122158435584,-13077.736150977758,0.4277318017058978,0.35254329823450237,0.07518850347139544
65000.0,45000.0,422.66619649969823,28887.284435968613,-14827.322227519617,0.4277873041308804,0.35017911888955944,0.07760818524132096
70000.0,45000.0,453.53381384848126,28680.016640242047,-16238.427099848719,0.4303998233437545,0.3480278366111951,0.08237198673255941
75000.0,45000.0,484.2471248523157,28606.700984640833,-17509.56188459948,0.43368526143931824,0.3460619329932441,0.08762332844607412
80000.0,45000.0,514.8252508116296,28519.32608440949,-18789.483697244068,0.43650600101426285,0.34425843632278097,0.09224756469148188
85000.0,45000.0,544.2253032749429,28309.431540594058,-20145.980287128714,0.4380930495808202,0.3419326732673268,0.09616037631349339
90000.0,45000.0,570.2303861377864,27746.460158329777,-21723.14990104389,0.43692595710844895,0.3378603992430255,0.09906555786542343
95000.0,45000.0,595.9863144193453,27157.576699611905,-23316.51456274256,0.4356839468570056,0.33408745148771024,0.10159649536929538
100000.0,45000.0,621.5195849059567,26545.5368302195,-24924.351981112814,0.4343954088052385,0.3305819976178322,0.10381341118740633
105000.0,45000.0,646.8530658801321,25912.718851533748,-26545.175717791408,0.43308152606646116,0.3273165644171779,0.10576496164928328
110000.0,45000.0,672.0065976753185,25261.18615823312,-28177.6961511043,0.43175811551388843,0.3242673163497695,0.10749079916411891
115000.0,45000.0,696.9974777748857,24592.737688588124,-29820.788944632422,0.4304369685495569,0.32141347277760685,0.10902349577195003
120000.0,45000.0,721.8408555469367,23908.948976881424,-31473.46938944911,0.4291268376407993,0.31873683373900946,0.11039000390178982
125000.0,45000.0,746.5500556621254,23275.205788861036,-33070.87138196185,0.4281361466628124,0.3162213914048949,0.1119147552579175
130000.0,45000.0,771.1368447874279,22664.731857892504,-34640.23008881719,0.4273091285146818,0.3138530096814928,0.11345611883318896
135000.0,45000.0,795.6116528331435,22042.61189464692,-36216.86756584568,0.4264760917581806,0.31161915841134236,0.11485693334683822
140000.0,45000.0,819.9837575388423,21409.810784039604,-37800.18075997525,0.4256424232552687,0.30950869161769257,0.11613373163757612
145000.0,45000.0,841.2507814717789,20454.081273065007,-39585.32420433437,0.42329745592642504,0.3064150670794633,0.11688238884696173
150000.0,45000.0,861.6693598090533,19410.11342014154,-41425.61661241154,0.42067773948297144,0.30323222645617853,0.1174455130267929
155000.0,45000.0,881.9528004469862,18352.091246486576,-43274.69297094589,0.4181452666041502,0.30021173590141187,0.11793353070273832
160000.0,45000.0,902.111185880754,17281.063331598416,-45131.89791775099,0.4156973367757759,0.29734148263101345,0.11835585414476246
165000.0,45000.0,922.1536199505416,16197.976474856318,-46996.6397032148,0.41333110575431453,0.2946105295853393,0.11872057616897524
170000.0,45000.0,942.0883437695543,15103.687752033642,-48868.382654978974,0.4110436552472023,0.2920089761570827,0.11903467909011961
175000.0,45000.0,961.9228355544922,13998.974897667184,-50746.64068895801,0.40883204492767455,0.28952783825816486,0.1193042066695097
180000.0,45000.0,981.6638969073198,12884.545278361242,-52630.971701024224,0.4066933509606793,0.2871589446636025,0.11953440629707685
185000.0,45000.0,1001.3177276461363,11730.043675198162,-54551.97270300115,0.4045272431435393,0.28489484711211777,0.1196323960314215
190000.0,45000.0,1020.8899909197689,10288.059055655962,-56757.275590215024,0.4015846611582243,0.2827287420795679,0.11885591907865639
195000.0,45000.0,1040.3858700467702,8838.130484864116,-58967.54344695993,0.3987636516861347,0.28065440249440793,0.11810924919172677
200000.0,45000.0,1059.8101182804319,7380.752301164903,-61182.467311771936,0.39605687618549057,0.2786661179516113,0.11739075823387929
205000.0,45000.0,1079.1671025060775,5961.378660632065,-63356.76333710496,0.3935817514461478,0.27675864221615293,0.11682310922999489
210000.0,45000.0,1098.4608417165705,4535.427538523334,-65535.170288422916,0.3912004750928805,0.274927146999777,0.11627332809310348
215000.0,45000.0,1117.6950409798162,3103.2842619008734,-67717.44733631195,0.3889078696837317,0.27316718115353367,0.11574068853019803
220000.0,45000.0,1136.590677123924,1805.930420888093,-69751.73098694494,0.3870334379592556,0.271407189482394,0.11562624847686159
225000.0,45000.0,1154.3621741085472,621.666107288911,-71629.08368294443,0.38543101174489747,0.2694637960067356,0.11596721573816188
230000.0,45000.0,1172.0739897514602,-568.805065848137,-73510.31566615509,0.38387025084445575,0.2675921017679525,0.11627814907650325
235000.0,45000.0,1189.729367039846,-1765.1458278560312,-75395.21614241002,0.38234985483142925,0.2657882107459572,0.11656164408547204
240000.0,45000.0,1207.3313181827139,-2967.0429089977406,-77283.58931812359,0.38086854617289273,0.26404850417010617,0.11682004200278656
245000.0,45000.0,1224.882644780435,-4174.204942834767,-79175.25308927173,0.3794250744094825,0.2623696162881754,0.11705545812130708
250000.0,45000.0,1242.385955915281,-5386.360584810784,-81070.03786550675,0.3780182192577888,0.2607484126329677,0.11726980662482106
255000.0,45000.0,1259.8436844087655,-6603.2568214883795,-82967.78551343024,0.37664679284015423,0.25918197049127173,0.1174648223488825
260000.0,45000.0,1277.2581014589034,-7824.657448274054,-84868.34840517129,0.37530964120916877,0.25766756131912516,0.1176420798900436
265000.0,45000.0,1294.631329842679,-9050.3416963614,-86771.58856022588,0.3740056453035664,0.25620263488080297,0.11780301042276342
270000.0,45000.0,1311.9653558451528,-10280.102992104104,-88677.37687006507,0.3727337214473313,0.254784804917569,0.1179489165297623
275000.0,45000.0,1329.2620400562328,-11433.497834151785,-90505.34239634487,0.37165311623389674,0.25341183617678326,0.11824128005711348
280000.0,45000.0,1346.5231271585556,-12520.844775510224,-92265.8717346939,0.3707333483116795,0.25208163265306116,0.11865171565861832
285000.0,45000.0,1363.75025481477,-13611.723499263928,-94028.60843703995,0.3698320241167464,0.250792226911375,0.11903979720537144
290000.0,45000.0,1380.9449617494465,-14705.973978057562,-95793.45248628597,0.36894873529612315,0.24954177037770958,0.11940696491841357
295000.0,45000.0,1398.1086951094896,-15803.445708613086,-97560.30981788319,0.36808307322481015,0.24832852449650047,0.11975454872830968
300000.0,45000.0,1415.2428171770991,-16903.997013581684,-99329.09188348855,0.36723463076726126,0.24715085266590034,0.12008377810136092
60000.0,50000.0,388.9951273757021,32920.49324707303,-12306.566720579362,0.42486340314086346,0.35017911888955944,0.07468428425130402
65000.0,50000.0,420.0695987897125,32384.738274130097,-14054.22607866869,0.42515924552703127,0.3480278366111951,0.0771314089158362
70000.0,50000.0,450.9719389875807,32181.081654708396,-15463.073965807253,0.4279686253737421,0.3460619329932441,0.08190669238049797
75000.0,50000.0,481.72347808828533,32111.741721181665,-16731.72392426146,0.4314251170822964,0.34425843632278097,0.08716668075951545
80000.0,50000.0,511.34716161462296,31925.104807920783,-18073.68449504951,0.4335570259898972,0.3419326732673267,0.09162435272257052
85000.0,50000.0,537.7438092874954,31402.856165899517,-19625.402396312802,0.4328755460033246,0.3378603992430255,0.0950151467602991
90000.0,50000.0,563.8625210070654,30851.702184734808,-21195.186134540745,0.4320467264770855,0.33408745148771024,0.09795927498937523
95000.0,50000.0,589.7328543657804,30274.71685404116,-22781.114466224273,0.43111247920459117,0.3305819976178322,0.10053048158675898
100000.0,50000.0,615.3803193015574,29674.55320736196,-24381.52924539877,0.430104524243024,0.32731656441717794,0.10278795982584604
105000.0,50000.0,640.8270480263022,29053.512994735436,-25994.991878290355,0.42904698229462407,0.3242673163497695,0.10477966594485455
110000.0,50000.0,666.0923361616543,28413.602960812044,-27620.248149492472,0.42795825638359203,0.32141347277760685,0.10654478360598518
115000.0,50000.0,691.1930830720319,27756.580639491316,-29256.19960031793,0.4268524131676097,0.3187368337390094,0.10811557942860028
120000.0,50000.0,716.1441526424239,27083.991874812084,-30901.880078242448,0.42574020735573387,0.3162213914048949,0.10951881595083895
125000.0,50000.0,740.958670779592,26461.201761077566,-32492.43639932652,0.42492956465272413,0.3138530096814928,0.11107655497123131
130000.0,50000.0,765.6482722166683,25861.420310533496,-34055.11230591656,0.424267752424492,0.3116191584113424,0.11264859401314958
135000.0,50000.0,790.2233064217564,25249.723867862667,-35625.23508258583,0.4235877467843677,0.30950869161769257,0.11407905516667516
140000.0,50000.0,811.7877942525997,24324.93060227036,-37391.04337358102,0.421388010113552,0.3064150670794633,0.11497294303408867
145000.0,50000.0,832.5124149574976,23312.791155579762,-39211.44302776265,0.4189005169922625,0.30323222645617853,0.11566829053608396
150000.0,50000.0,853.0862873795428,22284.973887472464,-41041.64132032971,0.416487376362406,0.30021173590141187,0.11627564046099415
155000.0,50000.0,873.520658704695,21242.648505288293,-42880.90718419482,0.41414747879159675,0.29734148263101345,0.11680599616058329
160000.0,50000.0,893.82568441349,20186.871179002977,-44728.58051312314,0.4118793363477791,0.29461052958533934,0.11726880676243978
165000.0,50000.0,914.010557600604,19118.59799046282,-46584.06375596074,0.4096811922339332,0.2920089761570827,0.11767221607685047
170000.0,50000.0,934.0836203373608,18038.696515085525,-48446.81467807155,0.4075511051051993,0.2895278382581648,0.11802326684703451
175000.0,50000.0,954.0524599204349,16947.95583172521,-50316.340105171745,0.4054870138650054,0.2871589446636025,0.11832806920140293
180000.0,50000.0,973.9239923468942,15847.09520407702,-52192.19049745186,0.4034867873580938,0.28489484711211777,0.11859194024597602
185000.0,50000.0,993.7045349505797,14705.771634860284,-54104.95522821232,0.40145155221385426,0.2827287420795679,0.11872281013428637
190000.0,50000.0,1013.3998698069232,13276.586459920014,-56302.25846254999,0.3986382930128904,0.28065440249440793,0.11798389051848246
195000.0,50000.0,1033.015299246623,11839.091121648788,-58504.75554896951,0.39593862703720734,0.2786661179516113,0.11727250908559606
200000.0,50000.0,1052.5556946006782,10393.792238470516,-60712.12985095593,0.39334585811577155,0.27675864221615293,0.11658721589961862
205000.0,50000.0,1072.025539120438,8986.156068525568,-62879.08995717152,0.39097716035098157,0.27492714699977694,0.11605001335120463
210000.0,50000.0,1091.4289658688995,7571.612450365559,-65050.367218521526,0.38869617719901634,0.27316718115353367,0.11552899604548267
215000.0,50000.0,1110.4938319813862,6121.858526064141,-67243.65092120992,0.3864021711272886,0.271407189482394,0.11499498164489458
220000.0,50000.0,1128.4521937232842,4727.028147221543,-69338.85740798654,0.3842621102739939,0.26946379600673565,0.11479831426725823
225000.0,50000.0,1146.3439799660803,3555.2739164723316,-71208.3913022048,0.3827538097800248,0.2675921017679525,0.11516170801207232
230000.0,50000.0,1164.1728083142732,2376.972064684407,-73082.01745957225,0.38128250593519136,0.26578821074595727,0.1154942951892341
235000.0,50000.0,1181.9420389355885,1192.4720493011991,-74959.51746918674,0.3798471984688349,0.26404850417010617,0.11579869429872874
240000.0,50000.0,1199.654797060418,2.0988942834665067,-76840.68819107284,0.378446886603989,0.26236961628817546,0.11607727031581355
245000.0,50000.0,1217.3139931621113,-1193.8447111404384,-78725.34044446278,0.3770805753542471,0.2607484126329677,0.11633216272127939
250000.0,50000.0,1234.922341092297,-2395.076526401099,-80613.29782900069,0.3757472805280187,0.25918197049127173,0.11656531003674697
255000.0,50000.0,1252.4823744089879,-3601.333061465266,-82504.3956634158,0.37444603266900683,0.2576675613191252,0.11677847134988162
260000.0,50000.0,1269.9964611041405,-4812.3680451693945,-84398.48002823087,0.373175880121239,0.256202634880803,0.11697324524043595
265000.0,50000.0,1287.466816910771,-6027.951041279797,-86295.40690079988,0.371935891373921,0.254784804917569,0.11715108645635203
270000.0,50000.0,1304.895517346927,-7247.866195919603,-88195.04137244975,0.37072515681432866,0.25341183617678326,0.1173133206375454
275000.0,50000.0,1322.2845086342227,-8391.661102040845,-90017.00693877554,0.36970224332963453,0.2520816326530612,0.11762061067657331
280000.0,50000.0,1339.635617611753,-9469.645768377668,-91771.68485523605,0.36883703518915406,0.250792226911375,0.11804480827777908
285000.0,50000.0,1356.9505607515898,-10551.391681834648,-93528.71355114665,0.36798803207356834,0.24954177037770958,0.11844626169585876
290000.0,50000.0,1374.2309523694416,-11636.73095357808,-95287.98809598631,0.3671549452913564,0.24832852449650047,0.11882642079485592
295000.0,50000.0,1391.4783121130704,-12725.505540240672,-97049.40971265042,0.3663374780800862,0.2471508526659004,0.11918662541418582
300000.0,50000.0,1408.694071801511,-13817.566532642872,-98812.88533290179,0.3655353279615491,0.2460072128722027,0.11952811508934638
60000.0,55000.0,386.60538373094374,36439.45990801815,-11520.025057488656,0.42225330716255144,0.34802783661119513,0.07422547055135631
65000.0,55000.0,417.69675312284573,35905.46232477596,-13266.586047015026,0.42275764999052073,0.34606193299324417,0.07669571699727656
70000.0,55000.0,448.6217053649411,35704.15735795387,-14673.96415127883,0.42573827318143875,0.3442584363227811,0.08147983685865767
75000.0,55000.0,478.4690199543031,35540.77807524753,-16001.388702970296,0.4285104678169862,0.34193267326732674,0.08657779454965947
80000.0,55000.0,505.2572324372045,35059.25217346928,-17527.654891581704,0.4283935445415724,0.33786039924302547,0.09053314529854695
85000.0,55000.0,531.7387275947856,34545.82766985771,-19073.85770633893,0.42804154704019276,0.33408745148771024,0.09395409555248252
90000.0,55000.0,557.9461238256042,34003.89687786283,-20637.87695133573,0.4275134228089799,0.33058199761783214,0.09693142519114778
95000.0,55000.0,583.9075727229825,33436.38756319019,-22217.88277300613,0.4268540228671155,0.32731656441717794,0.09953745844993755
100000.0,55000.0,609.647498377286,32845.83983123774,-23812.287605476413,0.4260977139196085,0.3242673163497695,0.10183039756983897
105000.0,55000.0,635.1871945484231,32234.468233036,-25419.707354352497,0.42527098357122356,0.32141347277760696,0.1038575107936166
110000.0,55000.0,660.5453105971271,31604.212302101223,-27038.929811186736,0.42439434300427026,0.31873683373900946,0.1056575092652608
115000.0,55000.0,685.7382496227225,30956.77796076314,-28668.88877452304,0.42348373243527887,0.3162213914048949,0.10726234103038396
120000.0,55000.0,710.7804967717561,30293.67166426265,-30308.642709835847,0.4225515700483745,0.3138530096814928,0.10869856036688169
125000.0,55000.0,735.684891600193,29680.22872642008,-31893.357045987454,0.42190512512707723,0.3116191584113424,0.11028596671573482
130000.0,55000.0,760.4628553046707,29089.63695168576,-33450.2894051964,0.4213943636133766,0.3095086916176926,0.111885671995684
135000.0,55000.0,782.3248070334205,28195.77993147573,-35196.762542827666,0.4193538706993497,0.3064150670794633,0.1129388036198864
140000.0,55000.0,803.355470105942,27215.46889101796,-36997.26944311377,0.41701090526182905,0.30323222645617853,0.11377867880565051
145000.0,55000.0,824.2197743120994,26217.85652845833,-38808.58966971355,0.41472785675179535,0.30021173590141187,0.11451612085038348
150000.0,55000.0,844.930131528636,25204.23367897814,-40629.91645063866,0.4125054392456091,0.29734148263101345,0.11516395661459566
155000.0,55000.0,865.4977488764381,24175.765883149572,-42460.52132303152,0.41034371313953766,0.29461052958533934,0.11573318355419832
160000.0,55000.0,885.9327714316539,23133.508228891995,-44299.7448569425,0.40824224265322656,0.2920089761570827,0.11623326649614385
165000.0,55000.0,906.2444051202297,22078.418132503866,-46146.98866718508,0.40620021864913947,0.28952783825816486,0.1166723803909746
170000.0,55000.0,926.44102293355,21011.366385089204,-48001.70850931924,0.4042165545896125,0.2871589446636025,0.11705760992601
175000.0,55000.0,946.5302570476522,19933.14673295582,-49863.40829190261,0.4022899615972236,0.28489484711211777,0.11739511448510581
180000.0,55000.0,966.5190789813905,18844.484214064607,-51731.63486620962,0.4004190071945593,0.2827287420795679,0.11769026511499142
185000.0,55000.0,986.4138695670763,17715.04243497594,-53636.97347814003,0.3985061606694504,0.28065440249440793,0.11785175817504245
190000.0,55000.0,1006.2204802128142,16297.429942132672,-55827.04378616708,0.39581415646231494,0.2786661179516113,0.11714803851070366
195000.0,55000.0,1025.9442866952788,14871.205816308997,-58022.49636480688,0.3932284183855214,0.27675864221615293,0.11646977616936849
200000.0,55000.0,1045.5902365243055,13436.884598527773,-60223.00962592014,0.39074282808299055,0.27492714699977694,0.1158156810832136
205000.0,55000.0,1065.162890757983,12039.940638830245,-62383.2871007311,0.38847429202245143,0.2731671811535337,0.1153071108689177
210000.0,55000.0,1084.3969868388483,10607.786631240218,-64565.57085547486,0.38619184255828365,0.271407189482394,0.11478465307588964
215000.0,55000.0,1102.5422133380212,9062.390187154204,-66818.63113302863,0.38363536358699785,0.26946379600673565,0.1141715675802622
220000.0,55000.0,1120.6139701807,7679.352898792829,-68906.46693825448,0.38159302749314966,0.2675921017679525,0.11400092572519716
225000.0,55000.0,1138.6162495887004,6519.089957224845,-70768.81877673446,0.38017359101969905,0.2657882107459572,0.11438538027374184
230000.0,55000.0,1156.5527596884629,5351.987007600139,-72635.44562024991,0.3787868358640067,0.2640485041701062,0.11473833169390046
235000.0,55000.0,1174.4269493404013,4178.402731401729,-74506.12329287392,0.3774320328896963,0.2623696162881754,0.11506241660152089
240000.0,55000.0,1192.2420304089412,2998.6711625299067,-76380.64302341882,0.37610843185246606,0.2607484126329678,0.11536001921949829
245000.0,55000.0,1210.0009977758286,1813.1037686861819,-78258.81014457114,0.3748152695060335,0.25918197049127173,0.11563329901476177
250000.0,55000.0,1227.7066473590717,621.9913253434352,-80140.44292166035,0.3735517762382636,0.25766756131912516,0.11588421491913842
255000.0,55000.0,1245.3615923656018,-574.3943939774181,-82025.3714962359,0.3723171814850492,0.256202634880803,0.1161145466042462
260000.0,55000.0,1262.9682779763896,-1775.79909045549,-83913.43693153468,0.3711107181269517,0.254784804917569,0.11632591320938268
265000.0,55000.0,1280.5289946376206,-2981.9845576874504,-85804.49034855465,0.3699316260387183,0.25341183617678326,0.11651978986193506
270000.0,55000.0,1298.04589010989,-4192.7274285714375,-87698.39214285715,0.3687791549330952,0.2520816326530612,0.116697522280034
275000.0,55000.0,1315.5209804087362,-5327.568037491437,-89514.76127343214,0.36781120434259507,0.250792226911375,0.11701897743122008
280000.0,55000.0,1332.9561597537331,-6396.809385611763,-91263.97461600736,0.36699800418651835,0.24954177037770955,0.11745623380880879
285000.0,55000.0,1350.3532096293934,-7470.016198543075,-93015.66637408943,0.3661989129069786,0.24832852449650047,0.11787038841047812
290000.0,55000.0,1367.7138070490414,-8547.01406689969,-94769.7275418123,0.36541375169544615,0.24715085266590037,0.11826289902954579
295000.0,55000.0,1385.0395321022606,-9627.638661364908,-96526.05541335307,0.36464232666411434,0.2460072128722027,0.11863511379191163
300000.0,55000.0,1402.3318748573504,-10711.735014835547,-98284.55313427222,0.36388443172148366,0.24489615095371575,0.1189882807677679
60000.0,60000.0,384.42156725811066,39979.8429948435,-10720.09812822281,0.4198681263898709,0.34606193299324417,0.07380619339662675
65000.0,60000.0,415.5199326415967,39446.57299472606,-12466.204378296214,0.42055445471973196,0.344258436322781,0.07629601839695094
70000.0,60000.0,445.5908782939832,39156.45134257426,-13929.09291089109,0.4228620434581098,0.3419326732673267,0.08092937019078311
75000.0,60000.0,472.77065558691356,38715.64818103902,-15429.907386850617,0.4234070887495286,0.33786039924302547,0.08554668950650313
80000.0,60000.0,499.61493418250575,38239.953154980605,-16952.529278137124,0.42360959689369476,0.33408745148771024,0.08952214540598452
85000.0,60000.0,526.1593932854281,37733.076901684515,-18494.639436447178,0.4235502682122723,0.3305819976178322,0.09296827059444013
90000.0,60000.0,552.4348261444077,37198.2219190184,-20054.236300613502,0.4232905173433905,0.3273165644171779,0.09597395292621264
95000.0,60000.0,578.4679487282697,36638.16666774004,-21629.58333266247,0.4228774938863392,0.3242673163497696,0.09861017753656964
100000.0,60000.0,604.2820529351916,36055.333505259936,-23219.166559212543,0.42234767140631674,0.3214134727776069,0.10093419862870984
105000.0,60000.0,629.8975381222224,35451.84396471112,-24821.66002205555,0.4217294490276572,0.3187368337390094,0.10299261528864778
110000.0,60000.0,655.332346603021,34829.56404671419,-26435.89747080363,0.4210450611398912,0.3162213914048949,0.1048236697349963
115000.0,60000.0,680.6023227639203,34190.141567447696,-28060.849020345187,0.42031199529377217,0.3138530096814928,0.10645898561227934
120000.0,60000.0,705.7215109837177,33535.03714230663,-29695.601786058352,0.419544055918067,0.31161915841134236,0.10792489750672463
125000.0,60000.0,730.7024041875848,32929.550035508815,-31275.34372780699,0.4190477374067882,0.30950869161769257,0.10953904578909562
130000.0,60000.0,752.8618198142414,32066.629260681104,-33002.48171207431,0.4171824109966918,0.3064150670794633,0.11076734391722848
135000.0,60000.0,774.1985252543864,31118.146626456175,-34783.09585846489,0.4149978951661771,0.3032322264561786,0.11176566870999849
140000.0,60000.0,795.3532612446559,30150.739169444198,-36575.538019097374,0.4128570674085819,0.30021173590141187,0.11264533150717004
145000.0,60000.0,816.339604352577,29165.818852667995,-38378.9257170825,0.41076274198506924,0.29734148263101345,0.11342125935405578
150000.0,60000.0,837.1698133393862,28164.660587296174,-40192.462132939894,0.40871675501730415,0.29461052958533934,0.1141062254319648
155000.0,60000.0,857.8549852627036,27148.41846732117,-42015.425957924264,0.4067201797404285,0.2920089761570827,0.1147112035833458
160000.0,60000.0,878.4051899030984,26118.139749922237,-43847.162656298606,0.40477349551566844,0.2895278382581648,0.11524565725750363
165000.0,60000.0,898.8295859466651,25074.77693845317,-45687.076913466764,0.40287672097839117,0.2871589446636025,0.11571777631478869
170000.0,60000.0,919.1365217484101,24019.198261834652,-47534.62608635334,0.4010295192263643,0.28489484711211777,0.11613467211424655
175000.0,60000.0,939.3336230122013,22952.19679326893,-49389.31450420692,0.39923128110793726,0.2827287420795679,0.11650253902836938
180000.0,60000.0,959.4278693272295,21874.49841003187,-51250.68849373008,0.39748119128251325,0.28065440249440793,0.11682678878810532
185000.0,60000.0,979.4256611790054,20755.768762616557,-53149.33202336465,0.39568296020501403,0.2786661179516113,0.11701684225340275
190000.0,60000.0,999.3328787898795,19348.619394147478,-55332.86287865783,0.3931047998144648,0.27675864221615293,0.11634615759831185
195000.0,60000.0,1019.1549339281733,17932.613128530036,-57521.92929466873,0.3906261655292089,0.274927146999777,0.11569901852943193
200000.0,60000.0,1038.8968156470662,16508.268827294873,-59716.206982940705,0.3882414598492777,0.2731671811535337,0.11507427869574399
205000.0,60000.0,1058.3001416963104,15093.714736416296,-61887.490789739815,0.38597138696802935,0.271407189482394,0.11456419748563534
210000.0,60000.0,1076.632232952758,13567.752227086807,-64128.404858070746,0.38342654106199087,0.2694637960067356,0.11396274505525528
215000.0,60000.0,1094.8839603953202,12033.431881113298,-66374.54257430419,0.38097063418564514,0.2675921017679525,0.11337853241769263
220000.0,60000.0,1113.0596908631276,10661.207849765255,-68455.62009389672,0.37902063379466977,0.26578821074595727,0.1132324230487125
225000.0,60000.0,1131.1634804413372,9511.501965899079,-70311.37377131308,0.3776851793087145,0.26404850417010617,0.11363667513860831
230000.0,60000.0,1149.1991016203842,8354.706568519963,-72171.55839467503,0.3763784123413447,0.2623696162881754,0.11400879605316933
235000.0,60000.0,1167.1700676557714,7191.187036200223,-74035.94560237486,0.3750998490035822,0.2607484126329678,0.1143514363706144
240000.0,60000.0,1185.0796544593602,6021.284063773463,-75904.32246014159,0.3738489661416231,0.25918197049127173,0.11466699565035138
245000.0,60000.0,1202.930920309156,4845.315712152224,-77776.49017990485,0.3726252109887508,0.25766756131912516,0.11495764966962563
250000.0,60000.0,1220.7267236270627,3663.579257214529,-79652.26296424092,0.37142800920180724,0.25620263488080297,0.11522537432100427
255000.0,60000.0,1238.4697390420079,2476.3528603688173,-81531.4669622695,0.3702567715443711,0.254784804917569,0.11547196662680209
260000.0,60000.0,1256.1624719283147,1283.8970805447316,-83413.93932465954,0.3691108994347667,0.2534118361767833,0.1156990632579834
265000.0,60000.0,1273.8072715855571,86.45624489794136,-85299.52734693879,0.3679897895407986,0.2520816326530612,0.11590815688773737
270000.0,60000.0,1291.4063432057196,-1115.7403066051484,-87188.08769162821,0.3668928375731972,0.25079222691137504,0.11610061066182215
275000.0,60000.0,1308.9617587558762,-2242.227089388878,-88999.23568086805,0.3659772881591079,0.24954177037770955,0.11643551778139835
280000.0,60000.0,1326.4754668893454,-3303.3014435080695,-90743.34465219255,0.36521369843154483,0.24832852449650047,0.11688517393504436
285000.0,60000.0,1343.9493019850124,-4368.522593558708,-92490.0453709742,0.3644622531937968,0.24715085266590037,0.11731140052789646
290000.0,60000.0,1361.3849924030103,-5437.710790086916,-94239.22549380432,0.3637228746335402,0.24600721287220267,0.11771566176133752
295000.0,60000.0,1378.7841680348774,-6510.696524372732,-95990.77907773296,0.3629954635567491,0.24489615095371572,0.11809931260303339
300000.0,60000.0,1396.1483672175577,-7587.319809373992,-97744.60613085874,0.36227990271954513,0.24381629443221142,0.11846360828733371
65000.0,65000.0,412.7127366336633,42922.12460990099,-11706.797118811883,0.4177132461671061,0.3419326732673267,0.07578057289977941
70000.0,65000.0,440.28407873662263,42372.04418860876,-13332.15988211953,0.4178259347441258,0.33786039924302547,0.07996553550110036
75000.0,65000.0,467.4911407702259,41934.078640103486,-14831.200849935321,0.4186788257490075,0.33408745148771024,0.08459137426129726
80000.0,65000.0,494.372662745252,41462.25692550622,-16351.401921558616,0.4191648208503686,0.3305819976178322,0.08858282323253641
85000.0,65000.0,520.9620795658329,40960.05627484663,-17890.589828220855,0.41936651011917353,0.32731656441717794,0.0920499457019956
90000.0,65000.0,547.2883990792534,40430.49350424236,-19446.879059848525,0.4193471856202929,0.3242673163497696,0.09507986927052331
95000.0,65000.0,573.3769113219603,39876.19877748386,-21018.625764072585,0.4191557922010605,0.321413472777607,0.09774231942345346
100000.0,65000.0,599.2497656473176,39299.475627321044,-22604.39023292435,0.4188304813664048,0.3187368337390094,0.10009364762739542
105000.0,65000.0,624.9264435833198,38702.350132665255,-24202.906167084213,0.418401198266104,0.316221391404895,0.10217980686120898
110000.0,65000.0,650.4241487560845,38086.611470632786,-25813.055330854506,0.4178915887479631,0.3138530096814929,0.10403857906647024
115000.0,65000.0,675.7581303672425,37453.84555819322,-27433.846526129237,0.4173204213544326,0.3116191584113424,0.10570126294309018
120000.0,65000.0,700.941953070499,36805.46311933189,-29064.398050417567,0.4167026587363204,0.3095086916176926,0.10719396711862778
125000.0,65000.0,723.3988325950622,35937.47858988648,-30808.20088132095,0.4148592399647443,0.3064150670794633,0.10844417288528096
130000.0,65000.0,745.0415804028307,35020.824361894396,-32568.922273816002,0.41284899117600193,0.3032322264561786,0.10961676471982335
135000.0,65000.0,766.4867481772125,34083.621810430086,-34342.48636848119,0.41086410886896557,0.30021173590141187,0.1106523729675537
140000.0,65000.0,787.7490771765181,33127.40402635787,-36127.93498352633,0.40890983881547416,0.29734148263101345,0.1115683561844607
145000.0,65000.0,808.8418778023344,32153.555291442775,-37924.40294284827,0.4069900636781354,0.29461052958533934,0.11237953409279605
150000.0,65000.0,829.7771990937533,31163.328705750348,-39731.10705890603,0.4051075884450918,0.2920089761570827,0.1130986122880091
155000.0,65000.0,850.5659746859671,30157.861367340578,-41547.33664541214,0.40326436524633624,0.2895278382581648,0.11373652698817144
160000.0,65000.0,871.2181489597804,29138.187491817167,-43372.44531761427,0.4014616711793823,0.2871589446636024,0.11430272651577988
165000.0,65000.0,891.7427864491679,28105.249790713453,-45205.843880804096,0.3997002494999007,0.2848948471121177,0.11480540238778297
170000.0,65000.0,912.1481670430121,27059.909372473252,-47046.99414220422,0.39798042209946743,0.28272874207956794,0.1152516800198995
175000.0,65000.0,932.4418690873824,26002.954385087767,-48895.403509320146,0.39630217936912904,0.28065440249440793,0.11564777687472111
180000.0,65000.0,952.6308421451967,24935.107583100442,-50750.620260562224,0.3946652521714381,0.2786661179516113,0.11599913421982683
185000.0,65000.0,972.7214708844801,23826.03297198593,-52643.229392508794,0.3929745015984443,0.2767586422161529,0.11621585938229145
190000.0,65000.0,992.7196313320408,22428.34165853224,-54820.848963417346,0.3905033650241022,0.27492714699977694,0.11557621802432527
195000.0,65000.0,1012.6307405361495,21021.59701575956,-57004.126865150276,0.38812554411919975,0.2731671811535337,0.11495836296566603
200000.0,65000.0,1032.2032965537726,19579.642841592344,-59209.41072400479,0.38574005491168456,0.27140718948239406,0.1143328654292905
205000.0,65000.0,1050.722252567495,18073.114267019468,-61438.178583112836,0.3832076640296097,0.2694637960067356,0.11374386802287412
210000.0,65000.0,1069.1539506099402,16557.510863433767,-63672.618210353896,0.3807632621408986,0.26759210176795256,0.11317116037294606
215000.0,65000.0,1087.5031321375548,15033.325742305693,-65912.42141105894,0.3784024361629424,0.2657882107459572,0.11261422541698518
220000.0,65000.0,1105.7742011942116,13671.016924198018,-67987.30192237624,0.3765397687211392,0.2640485041701062,0.11249126455103298
225000.0,65000.0,1123.9712539003676,12531.010405638226,-69836.9934964761,0.37528376040002126,0.26236961628817546,0.1129141441118458
230000.0,65000.0,1142.0981049026013,11383.702909870539,-71691.24818133091,0.3740527388641276,0.2607484126329678,0.11330432623115982
235000.0,65000.0,1160.1583111428918,10229.464358860743,-73549.83477571204,0.372846442338936,0.25918197049127173,0.11366447184766426
240000.0,65000.0,1178.15519325924,9068.640098960954,-75412.5374381494,0.3716645537681496,0.25766756131912516,0.11399699244902445
245000.0,65000.0,1196.0918548885243,7901.552908406535,-77279.15443224591,0.37050671178625816,0.25620263488080297,0.11430407690545519
250000.0,65000.0,1213.9712001076264,6728.504811193154,-79149.49699300429,0.3693725199564462,0.25478480491756905,0.11458771503887716
255000.0,65000.0,1231.7959492190087,5549.7787187768845,-81023.38830076445,0.36826155454719134,0.25341183617678326,0.11484971837040808
260000.0,65000.0,1249.5686530612243,4365.63991836732,-82900.66255102042,0.367173371075871,0.25208163265306116,0.11509173842280984
265000.0,65000.0,1267.2917060027025,3176.3374242810532,-84781.16410982434,0.3661075098105302,0.250792226911375,0.11531528289915521
270000.0,65000.0,1284.9673577580197,1982.105206834036,-86664.74674572873,0.3650635003901887,0.24954177037770955,0.11552173001247915
275000.0,65000.0,1302.5977241492972,863.4133115269069,-88471.02293029569,0.3641979450182661,0.24832852449650047,0.1158694205217656
280000.0,65000.0,1320.1847969209837,-190.0311202176963,-90210.36320013605,0.36348171099407994,0.24715085266590037,0.11633085832817958
285000.0,65000.0,1337.7304527037602,-1247.7829188089527,-91952.3955742556,0.3627757789957224,0.24600721287220273,0.11676856612351966
290000.0,65000.0,1355.236461212405,-2309.6580339098873,-93697.00502119368,0.3620801641204226,0.24489615095371572,0.11718401316670687
295000.0,65000.0,1372.7044927529216,-3375.482753696153,-95444.0829710601,0.3613948544125395,0.24381629443221137,0.11757855998032812
300000.0,65000.0,1390.1361251058884,-4445.092988987599,-97193.52686811725,0.36071981459532754,0.2427663468569276,0.11795346773839993
70000.0,70000.0,435.3673473579461,45278.20412522639,-12797.372421733508,0.4131599974927127,0.33408745148771024,0.07907254600500246
75000.0,70000.0,462.5859322050758,44841.43694932788,-14295.664406670076,0.41428578643124114,0.33058199761783214,0.08370378881340901
80000.0,70000.0,489.48933298725814,44371.89063067484,-15814.443355828225,0.4150243814664507,0.3273165644171779,0.08770781704927283
85000.0,70000.0,516.1088494302371,43872.820340744656,-17351.67478703459,0.415459734051199,0.32426731634976963,0.09119241770142938
90000.0,70000.0,542.4717697087287,43347.064049707784,-18905.584968932635,0.4156565538179311,0.32141347277760696,0.09424308104032414
95000.0,70000.0,568.6019931724129,42797.10728993095,-20474.620443793156,0.41566518321393836,0.31873683373900946,0.0969283494749289
100000.0,70000.0,594.5205405636184,42225.136218616324,-22057.4148633648,0.4155251089960774,0.316221391404895,0.0993037175911824
105000.0,70000.0,620.2459747482486,41633.08137381786,-23652.76164136384,0.41526752743308243,0.3138530096814928,0.1014145177515896
110000.0,70000.0,645.7947497507673,41022.65397407981,-25259.59126620012,0.41491724207129055,0.3116191584113424,0.10329808365994814
115000.0,70000.0,671.1815019534131,40395.37620315496,-26876.95237302815,0.41449408392360654,0.30950869161769257,0.10498539230591397
120000.0,70000.0,693.935845375883,39494.327919091826,-28665.42005056761,0.4125376010008679,0.3064150670794633,0.10612253392140458
125000.0,70000.0,715.8846355512751,38573.50209733262,-30442.248689167114,0.4105499517352513,0.3032322264561786,0.10731772527907268
130000.0,70000.0,737.620235109769,37666.504451415974,-32196.934717865013,0.40873661007137596,0.3002117359014119,0.10852487416996404
135000.0,70000.0,759.1585500004591,36738.98920004774,-33964.44424997016,0.4069359344802143,0.29734148263101345,0.10959445184920086
140000.0,70000.0,780.5139422652825,35792.449995589384,-35743.843752756635,0.40515417862356945,0.29461052958533934,0.11054364903823011
145000.0,70000.0,801.6994129248031,34828.238944179524,-37534.2881598878,0.40339614462534906,0.29200897615708277,0.1113871684682663
150000.0,70000.0,822.726759468836,33847.58298475895,-39335.01063452566,0.4016654757947956,0.28952783825816486,0.11213763753663075
155000.0,70000.0,843.6067119728955,32851.598045181134,-41145.31372176179,0.3999648884931009,0.2871589446636024,0.11280594382949849
160000.0,70000.0,864.349051149926,31841.301319592312,-42964.56167525481,0.39829635662581003,0.28489484711211777,0.11340150951369227
165000.0,70000.0,884.9627110738229,30817.621951677575,-44792.17378020151,0.396661259041739,0.28272874207956794,0.11393251696217105
170000.0,70000.0,905.4558688475356,29781.410360143695,-46627.61852491019,0.3950604977309458,0.28065440249440793,0.11440609523653789
175000.0,70000.0,925.8360231113879,28733.446403584327,-48470.408497759796,0.39349459291934247,0.2786661179516113,0.11482847496773119
180000.0,70000.0,946.1100629790809,27674.44654982441,-50320.09590635974,0.391963759798848,0.27675864221615293,0.11520511758269508
185000.0,70000.0,966.2843287359084,26574.070188534475,-52207.26863216596,0.390373929077666,0.27492714699977694,0.11544678207788905
190000.0,70000.0,986.3646654252327,25184.925204224186,-54379.546747359884,0.3880035297303324,0.2731671811535337,0.1148363485767987
195000.0,70000.0,1006.1064514112346,23760.570946768392,-56573.830658269755,0.385624886016269,0.271407189482394,0.11421769653387498
200000.0,70000.0,1024.812272182232,22228.47630695213,-58835.45230815492,0.382977988411364,0.2694637960067356,0.1135141924046284
205000.0,70000.0,1043.42394082456,20731.589845754264,-61058.193846403585,0.3805459054273379,0.2675921017679525,0.1129538036593854
210000.0,70000.0,1061.9465734119817,19225.443634846102,-63286.72272822118,0.3781964620539617,0.26578821074595715,0.11240825130800453
215000.0,70000.0,1080.384921947086,17710.531882496958,-65520.7300734394,0.37592561747838477,0.26404850417010617,0.1118771133082786
220000.0,70000.0,1098.7434061803503,16357.31424275643,-67589.92859827723,0.37414563262573564,0.2623696162881754,0.11177601633756024
225000.0,70000.0,1117.0261421494315,15226.218783540884,-69434.05076028695,0.37296485086808706,0.2607484126329678,0.11221643823511929
230000.0,70000.0,1135.2369678264233,14087.644653948024,-71282.84709128249,0.37180562269779316,0.25918197049127173,0.11262365220652143
235000.0,70000.0,1153.3794662093242,12941.964485769713,-73136.08469639393,0.3706678877465389,0.25766756131912516,0.11300032642741376
240000.0,70000.0,1171.4569861499854,11789.526559598482,-74993.54590025095,0.3695515162239014,0.25620263488080297,0.11334888134309845
245000.0,70000.0,1189.4726611732447,10630.656762017461,-76855.0270237391,0.3684563210172707,0.254784804917569,0.11367151609970172
250000.0,70000.0,1207.4294265097026,9465.660357009067,-78720.33727686934,0.367382067960027,0.2534118361767833,0.11397023178324367
255000.0,70000.0,1225.3300345368916,8294.823591836728,-80589.29775510204,0.36632848454974926,0.2520816326530612,0.11424685189668804
260000.0,70000.0,1243.177068799686,7118.415155167342,-82461.74052802041,0.365295267352578,0.250792226911375,0.11450304044120302
265000.0,70000.0,1260.9729567601628,5936.687503056921,-84337.50781058942,0.36428208829207004,0.24954177037770955,0.11474031791436048
270000.0,70000.0,1278.7199814092492,4749.878066561912,-86216.45120839881,0.36328859998951524,0.24832852449650047,0.11496007549301476
275000.0,70000.0,1296.4202918569547,3638.460353123286,-88018.18102929795,0.36247077468420924,0.24715085266590037,0.11531992201830887
280000.0,70000.0,1314.0759130045099,2592.1449524690397,-89753.06565470685,0.3617997740535829,0.2460072128722027,0.11579256118138018
285000.0,70000.0,1331.688754389932,1541.380456552928,-91490.73096465442,0.36113734592587177,0.2448961509537157,0.11624119497215607
290000.0,70000.0,1349.2606182882862,486.35430198177346,-93231.0598112614,0.3604835909402802,0.2438162944322114,0.11666729650806881
295000.0,70000.0,1366.7932071388761,-572.7564575568831,-94973.94153597305,0.35983857757717,0.24276634685692763,0.11707223072024239
300000.0,70000.0,1384.2881303637355,-1635.7844421715126,-96719.27152635719,0.3592023462402172,0.24174508261211644,0.11745726362810074
75000.0,75000.0,458.01658640868334,47633.724986503075,-13775.796883435578,0.4101935413261836,0.3273165644171779,0.0828769769090057
80000.0,75000.0,484.9292997812208,47165.14717724695,-15293.970514220655,0.41115805623061275,0.3242673163497695,0.08689073988084323
85000.0,75000.0,511.5666280954973,46667.929321931726,-16830.044173792674,0.41180331531353165,0.32141347277760696,0.09038984253592469
90000.0,75000.0,537.9542206975082,46144.73895254085,-18382.35065466197,0.41219508548250827,0.31873683373900946,0.09345825174349881
95000.0,75000.0,564.114637543917,45597.92230456736,-19949.423559645402,0.4123847910910439,0.316221391404895,0.0961633996861489
100000.0,75000.0,590.0678007404128,45029.55127700293,-21529.96795187317,0.41241297901211654,0.3138530096814929,0.09855996933062366
105000.0,75000.0,615.8313691342921,44441.462389966386,-23122.83600627101,0.412311857533501,0.3116191584113424,0.10069269912215861
110000.0,75000.0,641.4210508363274,43835.28928697805,-24727.00669563872,0.4121071803730033,0.3095086916176926,0.10259848875531069
115000.0,75000.0,664.4728581567039,42965.1772482972,-26496.13921981425,0.41035110150112647,0.3064150670794633,0.10393603442166316
120000.0,75000.0,686.7276906997195,42012.17983277083,-28317.075104518233,0.40825242844844417,0.3032322264561786,0.10502020199226558
125000.0,75000.0,708.7537220423255,41099.387092401856,-30088.88306724884,0.40646047131963503,0.30021173590141187,0.10624873541822316
130000.0,75000.0,730.5680228244,40200.57437373761,-31838.453516413996,0.40482877619450774,0.29734148263101345,0.10748729356349429
135000.0,75000.0,752.1860067282307,39281.34469973599,-33600.784562665,0.40319840374676447,0.2946105295853394,0.10858787416142507
140000.0,75000.0,773.6216267558528,38343.1491826087,-35374.96926086956,0.4015764713235141,0.29200897615708277,0.10956749516643133
145000.0,75000.0,794.8875442517046,37387.30460217729,-37160.184623639194,0.3999685737476343,0.2895278382581648,0.11044073548946948
150000.0,75000.0,815.9952749860106,36415.0085985451,-38955.68212590931,0.398379081027054,0.2871589446636024,0.11122013636345157
155000.0,75000.0,836.955315850684,35427.35284847114,-40760.779469705536,0.39681137528536187,0.2848948471121178,0.11191652817324405
160000.0,75000.0,857.7772551046337,34425.3345308819,-42574.853418198814,0.39526804020914297,0.2827287420795679,0.11253929812957508
165000.0,75000.0,878.4698686076886,33409.86633519962,-44397.333540500236,0.39375101318036093,0.28065440249440793,0.113096610685953
170000.0,75000.0,899.0412040775791,32381.78522406821,-46227.69673495737,0.39226170792352905,0.2786661179516113,0.11359558997191777
175000.0,75000.0,919.4986550736816,31341.86012766289,-48065.46242021069,0.3908011137352026,0.27675864221615293,0.11404247151904967
180000.0,75000.0,939.849026139776,30290.79871853671,-49910.18830091455,0.3893698760259119,0.274927146999777,0.11444272902613489
185000.0,75000.0,960.098590314316,29198.253392688872,-51792.466629569455,0.38787492237738896,0.27316718115353367,0.1147077412238553
190000.0,75000.0,980.0096062686966,27791.49905194447,-53975.75059253471,0.38550365775517603,0.271407189482394,0.11409646827278203
195000.0,75000.0,998.9022917969689,26278.83834688476,-56225.226033197025,0.3828636441753112,0.26946379600673565,0.11339984816857557
200000.0,75000.0,1017.6939310391801,24755.668828074733,-58481.269482453295,0.38031782513483847,0.26759210176795256,0.11272572336688591
205000.0,75000.0,1036.3900146864091,23267.56152738654,-60698.52404538341,0.37798057058478446,0.26578821074595727,0.1121923598388272
210000.0,75000.0,1054.9956426999604,21770.046840795898,-62921.658224502564,0.3757209915650627,0.26404850417010617,0.11167248739495655
215000.0,75000.0,1073.5155584603338,20263.618079874723,-65150.3637000783,0.3735353863135636,0.2623696162881754,0.11116577002538819
220000.0,75000.0,1091.9541793962612,18918.73465721117,-67214.35333924301,0.3718337556798679,0.2607484126329677,0.11108534304690015
225000.0,75000.0,1110.315624509955,17795.824949035305,-69053.35940685293,0.3707242701724203,0.25918197049127173,0.1115422996811486
230000.0,75000.0,1128.6037391594082,16665.288872578443,-70897.13195463848,0.36963314965037425,0.25766756131912516,0.11196558833124909
235000.0,75000.0,1146.8221174114467,15527.500210790458,-72745.43736825597,0.3685605165826366,0.25620263488080297,0.11235788170183364
240000.0,75000.0,1164.974122238863,14382.80871284174,-74598.05705447392,0.3675064115242383,0.254784804917569,0.1127216066066693
245000.0,75000.0,1183.0629038003965,13231.541995241249,-76454.78625297421,0.3664708061775404,0.25341183617678326,0.11305897000075715
250000.0,75000.0,1201.0914160125587,12074.007265306107,-78315.43295918369,0.36545361454314784,0.2520816326530612,0.11337198189008663
255000.0,75000.0,1219.062431596669,10910.492886053573,-80179.81694621651,0.3644547024484895,0.250792226911375,0.1136624755371145
260000.0,75000.0,1236.9785557623063,9741.269799279864,-82047.76887545009,0.36347389569603333,0.24954177037770955,0.11393212531832378
265000.0,75000.0,1254.842238669201,8566.592821596889,-83919.12948650194,0.3625109870349553,0.24832852449650047,0.11418246253845485
270000.0,75000.0,1272.655786792926,7386.7018264642975,-85793.74885845982,0.3615657421283281,0.24715085266590037,0.11441488946242773
275000.0,75000.0,1290.4213733052595,6282.072823747003,-87591.23573515812,0.36079351564378975,0.2460072128722027,0.11478630277158705
280000.0,75000.0,1308.1410475674595,5242.418947015802,-89321.95690811513,0.36016574899238696,0.24489615095371572,0.11526959803867123
285000.0,75000.0,1325.8167438236503,4198.191357659642,-91055.53665146272,0.35954493005229393,0.2438162944322114,0.11572863562008254
290000.0,75000.0,1343.450289171864,3149.5800738738617,-92791.85620382884,0.35893123828428264,0.24276634685692763,0.116164891427355
295000.0,75000.0,1361.043410881801,2096.7647317073133,-94530.80329268293,0.3583248163909878,0.24174508261211644,0.11657973377887135
300000.0,75000.0,1378.5977431209399,1039.9152845777571,-96272.2716971389,0.35772577470587164,0.2407513421444126,0.11697443256145904
80000.0,80000.0,480.66148648226584,49988.79459415565,-14754.503378652716,0.40753949612062323,0.3214134727776069,0.08612602334301633
85000.0,80000.0,507.30644822260336,49492.37061515075,-16290.080865530781,0.408373935641091,0.3187368337390094,0.08963710190208157
90000.0,80000.0,533.7087345242155,48970.70839051841,-17841.432255925993,0.4089420790578237,0.316221391404895,0.09272068765292868
95000.0,80000.0,559.889626732577,48426.021180188,-19407.174262382498,0.4092961809312762,0.3138530096814929,0.0954431712497833
100000.0,80000.0,585.8679885178169,47860.27080585295,-20986.080746341904,0.40947762638342045,0.3116191584113424,0.09785846797207803
105000.0,80000.0,611.6605997192414,47275.20237080112,-22577.061018249304,0.4095194410197387,0.3095086916176925,0.10001074940204618
110000.0,80000.0,635.0098709375246,46436.026577502555,-24326.8583890609,0.40798805570830027,0.3064150670794633,0.10157298862883696
115000.0,80000.0,657.5707458481638,45514.85756820903,-26127.901519869356,0.40608864088482544,0.3032322264561786,0.10285641442864685
120000.0,80000.0,679.887208974882,44568.26973338774,-27944.831416632667,0.40418583361945654,0.30021173590141187,0.10397409771804467
125000.0,80000.0,701.9774956483411,43662.15954742749,-29712.462782857823,0.40257439906603076,0.29734148263101345,0.10523291643501731
130000.0,80000.0,723.8580711911789,42770.239403882595,-31457.725372573375,0.40111059879947253,0.2946105295853394,0.10650006921413313
135000.0,80000.0,745.5438405869025,41858.059421037855,-33215.65036185134,0.39963796688454034,0.2920089761570827,0.10762899072745763
140000.0,80000.0,767.0483290345734,40927.02621959563,-34985.35861275273,0.3981643618211729,0.2895278382581648,0.10863652356300807
145000.0,80000.0,788.3838379991257,39978.41915190907,-36766.05053005683,0.3966960628965976,0.2871589446636024,0.10953711823299517
150000.0,80000.0,809.5615805514419,39013.40437734995,-38556.99726415628,0.39523807107880854,0.2848948471121178,0.11034322396669072
155000.0,80000.0,830.5917991354444,38033.04711008622,-40357.53305619612,0.3937943494398912,0.2827287420795679,0.11106560736032334
160000.0,80000.0,851.4838683678418,37038.32231025555,-42167.04855609028,0.39236801619133843,0.2806544024944079,0.11171361369693056
165000.0,80000.0,872.2463850437703,36030.124044552096,-43984.98497215494,0.3909615003622514,0.2786661179516113,0.11229538241064013
170000.0,80000.0,892.8872471682823,35009.27370550134,-45810.82893406166,0.3895766678644304,0.27675864221615293,0.11281802564827748
175000.0,80000.0,913.4137235436435,33976.527248538914,-47644.10796966318,0.38821492396122115,0.27492714699977694,0.11328777696144421
180000.0,80000.0,933.8325152033993,32932.58158115353,-49484.38651177904,0.3868772968432452,0.2731671811535337,0.11371011568971146
185000.0,80000.0,953.9127611261588,31822.427157120517,-51377.67052679967,0.3853758790078838,0.271407189482394,0.11396868952548977
190000.0,80000.0,972.9923114117058,30329.200386817392,-53614.99975823913,0.3827432839612738,0.2694637960067356,0.11327948795453818
195000.0,80000.0,991.9639212538,28824.7478103952,-55859.345118503,0.3802042751333026,0.2675921017679525,0.11261217336535012
200000.0,80000.0,1010.8334559608363,27309.67941992698,-58110.32536254564,0.3777540278264245,0.26578821074595727,0.11196581708046721
205000.0,80000.0,1029.6063634528348,25829.561799094838,-60322.58637556573,0.37550651320524625,0.26404850417010617,0.11145800903514008
210000.0,80000.0,1048.287710740317,24339.921916992957,-62540.7988018794,0.37333206146410214,0.2623696162881754,0.11096244517592674
215000.0,80000.0,1066.8822166430914,22841.250530881516,-64764.65591819905,0.37122728013035444,0.2607484126329678,0.11047886749738667
220000.0,80000.0,1085.3942811934864,21504.005244122585,-66823.87172242338,0.36959997002142203,0.25918197049127173,0.1104179995301503
225000.0,80000.0,1103.8280121094922,20388.613259387203,-68658.179212883,0.368558115505017,0.25766756131912516,0.11089055418589183
230000.0,80000.0,1122.1872486729078,19265.473861982406,-70497.328836261,0.3675316613193208,0.25620263488080297,0.11132902643851783
235000.0,80000.0,1140.4755833044815,18134.960663666076,-72341.08708520871,0.3665208960927109,0.254784804917569,0.11173609117514188
240000.0,80000.0,1158.6963810910904,16997.4236334734,-74189.23522907912,0.36552601549856345,0.2534118361767833,0.11211417932178014
245000.0,80000.0,1176.8527974882259,15853.190938775486,-76041.56816326533,0.3645471361348413,0.25208163265306116,0.11246550348178014
250000.0,80000.0,1194.9477943936522,14702.570616939833,-77897.89336441261,0.3635843074303982,0.250792226911375,0.11279208051902323
255000.0,80000.0,1212.9841547644498,13545.852095502778,-79758.02994031076,0.36263752187030973,0.24954177037770958,0.11309575149260015
260000.0,80000.0,1230.964495929153,12383.307576631894,-81621.80776460507,0.3617067237864458,0.24832852449650047,0.11337819928994533
265000.0,80000.0,1248.891281728897,11215.19329980528,-83489.0666876217,0.3607918169211728,0.24715085266590037,0.11364096425527243
270000.0,80000.0,1266.7668336060092,10041.750695024966,-85359.6558156094,0.3598926709401224,0.24600721287220267,0.11388545806791972
275000.0,80000.0,1284.5933407449868,8943.457437478617,-87153.18285157587,0.3591640352273878,0.24489615095371572,0.1142678842736721
280000.0,80000.0,1302.3728693590147,7910.028413337539,-88880.01349166404,0.35857761732368865,0.24381629443221137,0.11476132289147728
285000.0,80000.0,1320.1073712048517,6871.916605304577,-90609.77087168464,0.3579966195573244,0.24276634685692766,0.11523027270039676
290000.0,80000.0,1337.7986913998668,5829.313905586139,-92342.33505900866,0.35742129407351614,0.24174508261211644,0.1156762114613997
295000.0,80000.0,1355.4485756070537,4782.401863133593,-94077.59258554151,0.35685185211480586,0.24075134214441254,0.11610050997039331
300000.0,80000.0,1373.0586766468437,3731.352371271714,-95815.43601795517,0.3562884686784385,0.23978402757094835,0.11650444110749014
85000.0,85000.0,503.30283150451396,52343.49447646946,-15733.44095220659,0.40515108538619493,0.31622139140489497,0.08892969398129996
90000.0,85000.0,529.7114527247411,51822.49108337308,-17284.380572891823,0.4058792535428651,0.3138530096814928,0.09202624386137226
95000.0,85000.0,555.9046079013417,51279.07922173954,-18849.32548641279,0.4063830121374866,0.3116191584113424,0.09476385372614421
100000.0,85000.0,581.9001486021557,50715.11545462418,-20427.115340859884,0.4067044049369905,0.30950869161769257,0.09719571331929794
105000.0,85000.0,605.5468837183455,49906.87590670792,-22157.57755830755,0.4054261815219231,0.3064150670794633,0.0990111144424598
110000.0,85000.0,628.4138009966082,49017.53530364725,-23938.727935220468,0.4037501408763035,0.3032322264561786,0.10051791442012492
115000.0,85000.0,651.0206959074386,48101.152374373625,-25736.779766016487,0.402043599503421,0.30021173590141187,0.10183186360200913
120000.0,85000.0,673.3869684722822,47159.74472111734,-27550.47204930166,0.4003215086379178,0.2973414826310135,0.10298002600690431
125000.0,85000.0,695.5301356541268,46259.13410802919,-29314.666182481757,0.39887692715087203,0.2946105295853393,0.10426639756553274
130000.0,85000.0,717.4660544179524,45372.96965946705,-31056.33146283309,0.39756859826444224,0.29200897615708277,0.10555962210735947
135000.0,85000.0,739.2091138174422,44466.74783701398,-32810.53260186626,0.3962423284403634,0.28952783825816486,0.10671449018219853
140000.0,85000.0,760.7724010122411,43541.82970527306,-34576.41893420434,0.394906612887683,0.2871589446636025,0.1077476682240805
145000.0,85000.0,782.1678452521996,42599.45590622875,-36353.21505860703,0.3935683226629094,0.28489484711211777,0.10867347555079165
150000.0,85000.0,803.4063431662553,41640.75968929054,-38140.21269419341,0.39223300733863425,0.2827287420795679,0.10950426525906637
155000.0,85000.0,824.4978681279948,40666.77828531148,-39936.76357168033,0.39090513767653395,0.2806544024944079,0.11025073518212608
160000.0,85000.0,845.4515660099617,39678.46286503601,-41742.2732093525,0.38958830115837517,0.2786661179516113,0.11092218320676389
165000.0,85000.0,866.275839262883,38676.68728333982,-43556.195447912614,0.38828536025264226,0.27675864221615293,0.11152671803648934
170000.0,85000.0,886.978420947511,37662.25577854115,-45378.02763841178,0.38699858105965357,0.27492714699977694,0.11207143405987663
175000.0,85000.0,907.5664400924827,36635.909769618185,-47207.306393988634,0.385729738287017,0.2731671811535337,0.11256255713348329
180000.0,85000.0,927.8159159836209,35574.355262296565,-49058.59046106465,0.3843846810856647,0.271407189482394,0.1129774916032707
185000.0,85000.0,947.0823310264428,34379.56242675005,-51004.77348328121,0.3826164201653662,0.2694637960067356,0.11315262415863059
190000.0,85000.0,966.2339114684198,32893.82679271564,-53237.420754552724,0.3800847509407364,0.2675921017679525,0.1124926491727839
195000.0,85000.0,985.2768972352635,31396.797312467417,-55477.126679707864,0.37764124328779647,0.26578821074595727,0.1118530325418392
200000.0,85000.0,1004.2170842057092,29889.07675739375,-57723.514526628904,0.37528145327385337,0.26404850417010617,0.1112329491037472
205000.0,85000.0,1023.0598630203001,28416.22575411119,-59931.233903680506,0.37311894681251934,0.26236961628817546,0.11074933052434388
210000.0,85000.0,1041.8102538899213,26933.766404551803,-62144.95849715512,0.3710252116420288,0.2607484126329677,0.11027679900906107
215000.0,85000.0,1060.472937877018,25442.185539209866,-64364.384037993834,0.36899713786459143,0.25918197049127173,0.1098151673733197
220000.0,85000.0,1079.0522850595764,24111.937646195933,-66419.22647112753,0.3674403846784887,0.2576675613191252,0.1097728233593635
225000.0,85000.0,1097.5523799343694,23003.44751317441,-68249.220304266,0.3664627391033566,0.256202634880803,0.11026010422255356
230000.0,85000.0,1115.9770443700997,21887.112614490383,-70084.11711594352,0.3654977345328218,0.254784804917569,0.11071292961525281
235000.0,85000.0,1134.3298583817843,20763.305271705554,-71923.68420518402,0.36454581075219034,0.25341183617678326,0.11113397457540708
240000.0,85000.0,1152.6141789638932,19632.374612244894,-73767.70336734694,0.3636073048291491,0.2520816326530612,0.11152567217608789
245000.0,85000.0,1170.8331571906353,18494.648347826093,-75615.96978260869,0.3626824656886036,0.250792226911375,0.11189023877722859
250000.0,85000.0,1188.989753766593,17350.434391725663,-77468.29100517146,0.3617714666643037,0.24954177037770955,0.11222969628659415
255000.0,85000.0,1207.086753189105,16200.0223316669,-79324.48604270819,0.3608744163224286,0.2483285244965005,0.11254589182592811
260000.0,85000.0,1225.1267766648682,15043.684773146291,-81184.38451678357,0.35999136780627544,0.2471508526659004,0.11284051514037505
265000.0,85000.0,1243.112293906759,13881.67856630293,-83047.82589606068,0.3591223269128607,0.24600721287220273,0.113115114040658
270000.0,85000.0,1261.0456339225143,12714.24592794149,-84914.65879503656,0.35826725908021956,0.24489615095371575,0.1133711081265038
275000.0,85000.0,1278.9289948943788,11621.865469015378,-86704.49033186538,0.35758032056213196,0.24381629443221137,0.11376402612992059
280000.0,85000.0,1296.7644532378395,10594.253136735293,-88427.68553954044,0.3570334723733407,0.24276634685692763,0.11426712551641308
285000.0,85000.0,1314.5539719179326,9561.863079464994,-90153.86682533438,0.35649060708051006,0.24174508261211647,0.11474552446839359
290000.0,85000.0,1332.299408093168,8524.888441689487,-91882.91347394406,0.355952043902625,0.24075134214441254,0.11520070175821248
295000.0,85000.0,1350.0025201496373,7483.512095562299,-93614.71119027356,0.3554180574200654,0.23978402757094844,0.11563402984911694
300000.0,85000.0,1367.6649741813267,6437.907314857948,-95349.15167821378,0.35488888246655187,0.23884209863324304,0.11604678383330883
90000.0,90000.0,525.9412272848665,54697.88763762612,-16712.570226483676,0.4029904047566943,0.31161915841134247,0.09137124634535182
95000.0,90000.0,552.1396974850699,54155.02853844727,-18277.169663470457,0.40363074922466713,0.30950869161769257,0.09412205760697456
100000.0,90000.0,576.0838964991664,53377.7252359133,-19988.29672755419,0.4026392824994174,0.3064150670794633,0.09622421541995407
105000.0,90000.0,599.2568561450526,52520.21303908547,-21749.55435057158,0.40121487777439385,0.30323222645617853,0.09798265131821532
110000.0,90000.0,622.1541828399952,51634.03501535949,-23528.728115400318,0.3997283932498888,0.3002117359014119,0.09951665734847687
115000.0,90000.0,644.7964412962231,50721.3298948072,-25324.4813157455,0.3981997559146534,0.29734148263101345,0.10085827328363994
120000.0,90000.0,667.2022001170749,49784.02881217579,-27135.60699239013,0.39664472854793525,0.2946105295853393,0.10203419896259597
125000.0,90000.0,689.3882682490021,48887.87989789621,-28897.012563814867,0.39535465101653855,0.29200897615708277,0.10334567485945578
130000.0,90000.0,711.369898600311,48006.46945443234,-30635.706590979786,0.39419054280342464,0.2895278382581648,0.10466270454525983
135000.0,90000.0,733.1609640253562,47105.24025863705,-32386.787338351845,0.3930003054301275,0.2871589446636025,0.105841360766525
140000.0,90000.0,754.7741099529575,46185.507435107575,-34149.43285305776,0.39179298152804853,0.2848948471121177,0.10689813441593082
145000.0,90000.0,776.2208871970661,45248.472268494865,-35922.892332190706,0.3905759543101156,0.28272874207956794,0.10784721223054766
150000.0,90000.0,797.5118678881479,44295.234260367375,-37706.478587270394,0.3893552509147758,0.2806544024944079,0.10870084842036792
155000.0,90000.0,818.6567469761528,43326.801685519895,-39499.56144655007,0.38813578634609286,0.2786661179516113,0.10946966839448158
160000.0,90000.0,839.6644313574836,42344.1008611783,-41301.56196176356,0.38692156062766203,0.2767586422161529,0.11016291841150916
165000.0,90000.0,860.5431183513786,41347.98430854338,-43111.947307160386,0.38571581888548906,0.2749271469997769,0.11078867188571218
170000.0,90000.0,881.300364981566,40339.23795808287,-44930.226276198206,0.3845211818917565,0.2731671811535337,0.11135400073822277
175000.0,90000.0,901.7190708410831,39295.28336747264,-46770.5103953296,0.38324451614638777,0.271407189482394,0.11183732666399376
180000.0,90000.0,921.1723506411798,38150.924466682714,-48673.5472083233,0.3816323196512106,0.26946379600673565,0.11216852364447494
185000.0,90000.0,940.5039016830398,36962.90577503614,-50615.49639060241,0.3799587683401487,0.2675921017679525,0.11236666657219618
190000.0,90000.0,959.7203385096907,35483.91520500783,-52843.92799687011,0.3775225248313356,0.26578821074595727,0.11173431408537832
195000.0,90000.0,978.8278049585836,33993.59171569269,-55079.44267769207,0.37516940696211265,0.26404850417010617,0.11112090279200648
200000.0,90000.0,997.8320153002832,32492.529591229453,-57321.66900548159,0.372895317869697,0.2623696162881754,0.11052570158152158
205000.0,90000.0,1016.7382911367513,31026.28227822215,-59525.26107611116,0.37081341384358246,0.2607484126329677,0.11006500121061474
210000.0,90000.0,1035.5515945605496,29550.365834297147,-61734.89635356428,0.3687962832996506,0.25918197049127173,0.10961431280837886
215000.0,90000.0,1054.2765580096607,28065.26203300472,-63950.27372937205,0.36684107489069423,0.2576675613191252,0.10917351357156901
220000.0,90000.0,1072.9175111958302,26741.42116436636,-66001.11177227102,0.3653513629511625,0.25620263488080297,0.10914872807035952
225000.0,90000.0,1091.478505435718,25639.26456531469,-67827.14714667833,0.3644347277515167,0.254784804917569,0.1096499228339477
230000.0,90000.0,1109.963335672478,24529.186909937707,-69658.13318128893,0.36352816274260485,0.25341183617678326,0.1101163265658216
235000.0,90000.0,1128.3755604395603,23411.558285714273,-71493.83857142858,0.36263224535076055,0.25208163265306116,0.11055061269769939
240000.0,90000.0,1146.7185199876185,22286.726078712323,-73334.04620080479,0.361747441650577,0.250792226911375,0.110955214739202
245000.0,90000.0,1164.9953527687362,21155.016687948548,-75178.55207003216,0.3608741215287725,0.24954177037770953,0.11133235115106299
250000.0,90000.0,1183.2090104490567,20016.737086701905,-77027.16432081131,0.3600125717858828,0.2483285244965005,0.1116840472893823
255000.0,90000.0,1201.3622716008392,18872.176246487274,-78879.70234594545,0.359163007472604,0.24715085266590034,0.11201215480670365
260000.0,90000.0,1219.4577542075087,17721.606437580893,-80735.99597651194,0.35832558171179063,0.2460072128722027,0.11231836883958793
265000.0,90000.0,1237.4979271000414,16565.28441840432,-82595.8847384973,0.3575003942188848,0.24489615095371572,0.11260424326516907
270000.0,90000.0,1255.4851204297431,15403.452524693275,-84459.21717206671,0.35668749870157485,0.24381629443221137,0.11287120426936348
275000.0,90000.0,1273.421535270827,14316.589668166009,-86245.60020739624,0.3560404702768272,0.24276634685692763,0.11327412341989959
280000.0,90000.0,1291.3092524359981,13294.412253343791,-87965.39859166014,0.35553151164337765,0.2417450826121164,0.11378642903126124
285000.0,90000.0,1309.1502405792821,12267.375020245338,-89688.23436234666,0.35502518268062416,0.24075134214441257,0.11427384053621159
290000.0,90000.0,1326.9463636524306,11235.671819852781,-91413.98636259201,0.3545218645463877,0.23978402757094838,0.1147378369754393
295000.0,90000.0,1344.6993877742839,10199.486328525527,-93142.53979467155,0.3540218903915174,0.23884209863324304,0.11517979175827434
300000.0,90000.0,1362.410987566313,9158.992706896563,-94873.78580818966,0.3535255504565233,0.23792456896551722,0.11560098149100606
95000.0,95000.0,546.6209092799872,56848.57456511867,-17819.01589680083,0.39959634882169665,0.3064150670794633,0.09318128174223334
100000.0,95000.0,570.0999112934969,56022.89077452367,-19560.380765922702,0.398456927248143,0.30323222645617853,0.09522470079196449
105000.0,95000.0,593.2876697725518,55166.91765634538,-21320.676464784137,0.397218383856474,0.3002117359014119,0.09700664795506209
110000.0,95000.0,616.2059141201642,54282.91506849707,-23098.490582189334,0.3959066847995124,0.2973414826310135,0.0985652021684989
115000.0,95000.0,638.874264580023,53372.92351632239,-24892.547802298504,0.3945424632066886,0.2946105295853393,0.09993193362134933
120000.0,95000.0,661.3104820800519,52438.7901363254,-26701.69366479663,0.39314216380659306,0.2920089761570828,0.10113318764951024
125000.0,95000.0,683.5306833831797,51546.191071850706,-28460.88058009331,0.39199540699239965,0.2895278382581648,0.10246756873423485
130000.0,95000.0,705.5495270384712,50668.650812001,-30197.155742499377,0.3909653073390149,0.2871589446636024,0.10380636267541249
135000.0,95000.0,727.3803746537154,49771.558963986405,-31945.650647508497,0.3899017043041919,0.28489484711211777,0.10500685719207414
140000.0,95000.0,749.0354312278768,48856.18484769919,-33705.57197018801,0.38881411140242766,0.2827287420795679,0.10608536932285978
145000.0,95000.0,770.525867648301,47923.6902354233,-35476.19360286044,0.3877103554428837,0.2806544024944079,0.10705595294847581
150000.0,95000.0,791.861927942344,46975.14050600378,-37256.84968374764,0.38659687969319495,0.2786661179516112,0.10793076174158373
155000.0,95000.0,813.0530234520843,46011.514439016755,-39046.92847561453,0.38547898831136806,0.2767586422161529,0.10872034609521519
160000.0,95000.0,834.1078157552463,45033.712838545616,-40845.86697590899,0.384361044425791,0.2749271469997769,0.10943389742601412
165000.0,95000.0,855.0342898706492,44042.5661465475,-42653.14615840781,0.38324663141163534,0.2731671811535337,0.11007945025810162
170000.0,95000.0,875.6222256985452,43016.21147264872,-44482.43032959455,0.3820437463716897,0.27140718948239406,0.11063655688929563
175000.0,95000.0,895.2623702559167,41891.286506615346,-46373.32093336541,0.3805003187886053,0.2694637960067356,0.1110365227818697
180000.0,95000.0,914.7738918976597,40752.98475735661,-48272.572026652124,0.3789815033834595,0.2675921017679525,0.11138940161550698
185000.0,95000.0,934.1637797841179,39571.033097548265,-50210.72931403233,0.37739739150425267,0.26578821074595727,0.1116091807582954
190000.0,95000.0,953.4385257114579,38098.10667399163,-52435.37082875523,0.3750514655727715,0.26404850417010617,0.11100296140266536
195000.0,95000.0,972.6041675802663,36613.833428347716,-54667.10410728268,0.37278398397704604,0.26236961628817546,0.11041436768887058
200000.0,95000.0,991.6663283835815,35118.798151892464,-56905.563655067206,0.37059116672257564,0.2607484126329678,0.10984275408960786
205000.0,95000.0,1010.6302512440811,33658.54612938443,-59105.40866913473,0.36858575787327225,0.25918197049127173,0.10940378738200052
210000.0,95000.0,1029.5008309597447,32188.58641981345,-61311.32098761659,0.3666413939258878,0.25766756131912516,0.10897383260676263
215000.0,95000.0,1048.2826424572918,30709.394815558335,-63523.00324027604,0.3647554604403586,0.256202634880803,0.10855282555955559
220000.0,95000.0,1066.9799665013365,29391.416516138997,-65570.17717741313,0.36332950197482433,0.25478480491756905,0.10854469705725528
225000.0,95000.0,1085.5968129631722,28295.06854816992,-67392.5821573938,0.36247088422709045,0.25341183617678326,0.1090590480503072
230000.0,95000.0,1104.1369419152275,27190.74195918365,-69219.97377551021,0.36161993915546714,0.2520816326530612,0.10953830650240592
235000.0,95000.0,1122.6038827846019,26078.803809598612,-71052.12261900087,0.3607773696331023,0.25079222691137504,0.10998514272172727
240000.0,95000.0,1141.0009517708795,24959.59898417146,-72888.81313489284,0.3599437595447972,0.24954177037770955,0.11040198916708763
245000.0,95000.0,1159.3312677090084,23833.451841736896,-74729.84259891445,0.35911958944816325,0.24832852449650045,0.1107910649516628
250000.0,95000.0,1177.5977665368105,22700.6677198283,-76575.02017510732,0.35830525014285464,0.2471508526659004,0.11115439747695424
255000.0,95000.0,1195.8032145082586,21561.534308858914,-78424.16605696318,0.35750105444537716,0.2460072128722027,0.11149384157317446
260000.0,95000.0,1213.9502202775689,20416.32290886715,-80277.11068195803,0.3567072474214604,0.24489615095371572,0.1118110964677447
265000.0,95000.0,1232.0412459651075,19265.289580371173,-82133.69401226801,0.35592401528996237,0.2438162944322114,0.11210772085775098
270000.0,95000.0,1250.0786173038148,18108.676199596724,-83993.76487525205,0.35515149318041855,0.24276634685692763,0.11238514632349092
275000.0,95000.0,1268.064532954064,17026.961427222646,-85776.93035798584,0.3545426868867193,0.24174508261211644,0.11279760427460286
280000.0,95000.0,1286.0010730653964,16009.861598801217,-87493.55525074924,0.3540700297929657,0.24075134214441257,0.11331868764855313
285000.0,95000.0,1303.890207155224,14987.831544143279,-89213.26153491045,0.3535987273591508,0.2397840275709484,0.11381469978820241
290000.0,95000.0,1321.7338013672413,13961.065342193106,-90935.92791112931,0.3531292179775219,0.23884209863324302,0.11428711934427888
295000.0,95000.0,1339.5336251657827,12929.747017241418,-92661.43936422412,0.35266188899596207,0.23792456896551728,0.11473732003044479
300000.0,95000.0,1357.2913575166062,11894.051181727074,-94389.68676142058,0.3521970819929142,0.23703050264929112,0.1151665793436231
100000.0,100000.0,564.4211567051083,58699.80029733127,-19112.624814167957,0.3944879052240004,0.30021173590141187,0.09427616932258853
105000.0,100000.0,587.6153869441051,57844.50024218694,-20872.49984863316,0.3934206730111497,0.29734148263101345,0.09607919038013624
110000.0,100000.0,610.5463290429711,56961.818220468995,-22649.48861220688,0.3922704529589732,0.2946105295853393,0.09765992337363394
115000.0,100000.0,633.2326959111016,56053.70037475456,-24442.374765778397,0.39105846248481085,0.29200897615708277,0.09904948632772809
120000.0,100000.0,655.6914681660485,55121.91268926905,-26250.054569206848,0.38980171881370207,0.2895278382581648,0.10027388055553726
125000.0,100000.0,677.9380900515864,54232.06136536499,-28007.52414664688,0.38878813195346484,0.2871589446636025,0.10162918728986237
130000.0,100000.0,699.9866393544733,53357.61049286521,-29741.86844195924,0.38788275110487536,0.2848948471121177,0.10298790399275765
135000.0,100000.0,721.8499752586876,52463.89742690351,-31488.251608185306,0.38693721388797636,0.2827287420795679,0.10420847180840848
140000.0,100000.0,743.539867408454,51552.14621047921,-33245.90861845049,0.38596143891989704,0.2806544024944079,0.10530703642548916
145000.0,100000.0,765.0671089085353,50623.479326487664,-35014.13792094521,0.38496363741545264,0.2786661179516113,0.10629751946384136
150000.0,100000.0,786.441615546685,49678.928016855236,-36792.294989465474,0.38395061550851667,0.2767586422161529,0.1071919732923638
155000.0,100000.0,807.672513159114,48719.44136854785,-38579.78664465759,0.38292801856584413,0.27492714699977694,0.10800087156606719
160000.0,100000.0,828.7682147597326,47745.894335012184,-40376.066040617385,0.38190052963779036,0.2731671811535337,0.10873334848425664
165000.0,100000.0,849.5253805560072,46737.13957782474,-42194.35026385954,0.3807774077061064,0.271407189482394,0.1093702182237124
170000.0,100000.0,869.3523898706537,45631.64854654798,-44073.09465840751,0.3793081470475495,0.26946379600673565,0.10984435104081386
175000.0,100000.0,889.0438821122797,44512.063739677076,-45960.64766270183,0.3778573653934339,0.2675921017679525,0.11026526362548139
180000.0,100000.0,908.6072210585451,43379.1509900887,-47856.53063119456,0.37642671448296905,0.26578821074595727,0.11063850373701178
185000.0,100000.0,928.0492464643323,42202.62163229057,-49791.2989798184,0.3749271513010988,0.26404850417010617,0.11087864713099266
190000.0,100000.0,947.3763198602494,40735.13726546592,-52012.5392090838,0.37266679248920487,0.2623696162881754,0.11029717620102947
195000.0,100000.0,966.5943656304114,39256.31402556278,-54240.86623402326,0.37048052077129634,0.2607484126329677,0.10973210813832862
200000.0,100000.0,985.7089079276127,37766.72642447171,-56475.92098470518,0.36836484589848045,0.25918197049127173,0.10918287540720872
205000.0,100000.0,1004.7251039098287,36311.91080662218,-58672.36824586114,0.36643209860681997,0.25766756131912516,0.1087645372876948
210000.0,100000.0,1023.6477737187531,34847.36846675031,-60874.894708281056,0.3645569147287563,0.256202634880803,0.10835427984795326
215000.0,100000.0,1042.4814275669548,33373.568466963305,-63083.207208147935,0.36273689719917196,0.254784804917569,0.10795209228160296
220000.0,100000.0,1061.2302902538659,32060.950186402042,-65127.03113349872,0.36137161422332326,0.25341183617678326,0.10795977804654
225000.0,100000.0,1079.8983233908948,30969.92563265306,-66946.10897959184,0.36056821048177584,0.2520816326530612,0.10848657782871463
230000.0,100000.0,1098.4892455815848,29870.88154048483,-68770.19903719699,0.3597702414168897,0.250792226911375,0.1089780145055147
235000.0,100000.0,1117.0065507730228,28764.181280394376,-70599.07419975352,0.3589785243315062,0.24954177037770953,0.10943675395379665
240000.0,100000.0,1135.4535249689602,27650.166596771858,-72432.52087701758,0.3581937507864492,0.24832852449650045,0.10986522628994877
245000.0,100000.0,1153.8332614727815,26529.159193169267,-74270.3380042692,0.3574165026796686,0.24715085266590034,0.11026565001376828
250000.0,100000.0,1172.1486748090083,25401.462180136878,-76112.33613741444,0.3566472662114453,0.2460072128722027,0.11064005333924262
255000.0,100000.0,1190.4025134550964,24267.361399330024,-77958.33662541874,0.35588644403304126,0.24489615095371575,0.11099029307932551
260000.0,100000.0,1208.5973715004718,23127.12663604907,-79808.17085246934,0.3551343658310563,0.24381629443221137,0.11131807139884492
265000.0,100000.0,1226.7356993368023,21981.01273102744,-81661.67954310785,0.3543912975620139,0.2427663468569276,0.11162495070508627
270000.0,100000.0,1244.8198134721297,20829.2606011015,-83518.71212431157,0.35365744952003336,0.2417450826121164,0.11191236690791695
275000.0,100000.0,1262.8519055515103,19752.348177357097,-85298.87613915182,0.35308526979396665,0.24075134214441254,0.1123339276495541
280000.0,100000.0,1280.8340506580175,18739.99126843385,-87012.53670722885,0.35264741217931117,0.23978402757094838,0.11286338460836279
285000.0,100000.0,1298.7682149601987,17722.644355860655,-88729.31602758709,0.352209707093667,0.23884209863324304,0.11336760846042396
290000.0,100000.0,1316.656262765252,16700.50132758623,-90449.09292025861,0.35177264584936996,0.23792456896551722,0.11384807688385273
295000.0,100000.0,1334.4999630310974,15673.746155234156,-92171.75240297866,0.3513366659753262,0.23703050264929112,0.11430616332603508
300000.0,100000.0,1352.3009953851745,14642.55352005815,-93897.18529996366,0.35090215664689706,0.23615901102896614,0.11474314561793092
105000.0,105000.0,582.2183935059195,60550.712924615626,-20406.429422115234,0.389807274114756,0.29461052958533934,0.09519674452941668
110000.0,105000.0,605.1549097421513,59668.61061318373,-22183.05586676017,0.3888065151861601,0.29200897615708277,0.09679753902907734
115000.0,105000.0,627.8522529489172,58761.634306687396,-23975.228558320377,0.387735722256984,0.2895278382581648,0.09820788399881919
120000.0,105000.0,650.3266530647015,57831.47191872896,-25781.8925507944,0.38661239235583034,0.2871589446636025,0.09945344769222786
125000.0,105000.0,672.5929040552312,56943.66202174406,-27538.086236409967,0.38572274160446024,0.28489484711211777,0.10082789449234247
130000.0,105000.0,694.6645192894983,56071.61000610783,-29270.931246182605,0.3849336111406945,0.2827287420795679,0.10220486906112664
135000.0,105000.0,716.5538671686071,55180.602185535136,-31015.623634040538,0.3840983119290327,0.2806544024944079,0.10344390943462484
140000.0,105000.0,738.2722898747265,54271.81814697157,-32771.42615814277,0.38322711101946355,0.2786661179516113,0.10456099306785227
145000.0,105000.0,759.8302076412856,53346.34159469371,-34537.661503316434,0.38232855281025757,0.2767586422161529,0.1055699105941047
150000.0,105000.0,781.2372105629815,52405.169898550084,-36313.7063134062,0.38140976001797977,0.27492714699977694,0.10648261301820283
155000.0,105000.0,802.5021396488158,51449.22252347684,-38098.98592282698,0.38047667739564656,0.27316718115353367,0.10730949624211289
160000.0,105000.0,823.4285354134695,50458.067683000816,-39906.27019812449,0.3794399787453735,0.271407189482394,0.10803278926297949
165000.0,105000.0,843.4424094853906,49372.01058648061,-41772.86838344962,0.37805087591737435,0.2694637960067356,0.10858707991063876
170000.0,105000.0,863.3138723268995,48271.142721997545,-43648.72329875153,0.3766734744715917,0.26759210176795245,0.10908137270363927
175000.0,105000.0,883.0506623329723,47156.26888262911,-45533.331948356805,0.3753101545283723,0.26578821074595727,0.10952194378241503
180000.0,105000.0,902.6599672172068,46028.13659058951,-47426.227130881554,0.3739628278091618,0.26404850417010617,0.10991432363905562
185000.0,105000.0,922.1484721402326,44856.441102584184,-49357.974310884885,0.3725432686394469,0.26236961628817546,0.11017365235127147
190000.0,105000.0,941.5224028772413,43393.8298992331,-51576.16881297932,0.3703640534193941,0.2607484126329677,0.10961564078642638
195000.0,105000.0,960.7875646111443,41919.90671955899,-53801.43330027563,0.36825486465107854,0.25918197049127173,0.10907289415980681
200000.0,105000.0,979.949376859913,40435.23519343094,-56033.415504105666,0.36621247742829866,0.25766756131912516,0.1085449161091735
205000.0,105000.0,999.0129049802142,38985.34211794229,-58226.78617628607,0.3643488093237186,0.25620263488080297,0.10814617444291563
210000.0,105000.0,1017.9828886325731,37525.72041778761,-60426.23723888274,0.36253945024308826,0.254784804917569,0.10775464532551926
215000.0,105000.0,1036.86376754456,36056.831824634224,-62631.48010960361,0.3607822028399648,0.25341183617678326,0.10737036666318156
220000.0,105000.0,1055.659704866562,34749.109306122424,-64672.24418367348,0.3594747107405765,0.2520816326530612,0.1073930780875153
225000.0,105000.0,1074.3746083785682,33662.95927137107,-66488.27545539307,0.3587238923695372,0.250792226911375,0.10793166545816224
230000.0,105000.0,1093.012149775166,32568.76357661729,-68309.3352646142,0.35797641768264327,0.24954177037770955,0.10843464730493371
235000.0,105000.0,1111.5757822289124,31466.881351806907,-70135.19915512069,0.3572332084453983,0.2483285244965005,0.1089046839488978
240000.0,105000.0,1130.0687564087525,30357.65066651028,-71965.65583343108,0.3564950547101387,0.24715085266590037,0.10934420204423834
245000.0,105000.0,1148.4941351097582,29241.39005141484,-73800.50621786572,0.35576263124455265,0.24600721287220273,0.10975541837234992
250000.0,105000.0,1166.8548066326236,28118.39988979284,-75639.56256887948,0.3550365118307359,0.24489615095371575,0.11014036087702017
255000.0,105000.0,1185.1534970358362,26988.963691726967,-77482.64769267064,0.3543171817314189,0.24381629443221137,0.11050088729920754
260000.0,105000.0,1203.3927813697903,25853.349262458214,-79329.59421096361,0.3536050485753225,0.24276634685692763,0.11083870171839486
265000.0,105000.0,1221.5750939901955,24711.809774980313,-81180.2438906373,0.35290045187620056,0.24174508261211647,0.11115536926408409
270000.0,105000.0,1239.7027380376248,23564.58475591299,-83034.44702755439,0.35220367136870323,0.24075134214441257,0.11145232922429066
275000.0,105000.0,1257.7778941608108,22492.15099272433,-84811.8118795473,0.3516666088465134,0.23978402757094838,0.11188258127556502
280000.0,105000.0,1275.8026285531562,21484.22336952825,-86522.70414404484,0.3512621289070952,0.23884209863324304,0.11242003027385214
285000.0,105000.0,1293.7789003647215,20471.25563793104,-88236.7464762931,0.35085666733489446,0.23792456896551725,0.1129320983693772
290000.0,105000.0,1311.7085685455886,19453.441128741237,-89953.81804453673,0.35045076440185435,0.2370305026492911,0.11342026175256326
295000.0,105000.0,1329.5933981708508,18430.963409768476,-91673.80411889471,0.35004490412658446,0.23615901102896614,0.11388589309761832
300000.0,105000.0,1347.4350662924676,17403.996894416632,-93396.5956909896,0.34963951983856184,0.23530924976561407,0.11433027007294777
110000.0,110000.0,600.0130377317861,62401.355924105745,-21700.402547433907,0.3855029092735266,0.28952783825816486,0.09597507101536173
115000.0,110000.0,622.7152160778166,61494.882472092926,-23492.26095494192,0.3845632996175466,0.2871589446636025,0.09740435495394412
120000.0,110000.0,645.1991687559891,60565.713550622866,-25298.30403086071,0.3835641565715266,0.28489484711211777,0.09866930945940883
125000.0,110000.0,667.4790633203091,59679.322585312155,-27053.610884179903,0.3827900245678845,0.28272874207956794,0.10006128248831658
130000.0,110000.0,689.5678669287603,58809.05816059106,-28785.338649630583,0.38210940932316934,0.28065440249440793,0.10145500682876141
135000.0,110000.0,711.4774708409177,57920.156967455434,-30528.714395340354,0.38137718327494724,0.2786661179516113,0.10271106532333596
140000.0,110000.0,733.2187997358864,57013.755172532175,-32283.028017167388,0.38060391297582347,0.27675864221615293,0.10384527075967054
145000.0,110000.0,754.8019079668492,56090.89842855232,-34047.6259821548,0.379798431582791,0.27492714699977694,0.10487128458301403
150000.0,110000.0,776.2360645378991,55152.5507119415,-35821.905805036564,0.37896813808874913,0.27316718115353367,0.10580095693521546
155000.0,110000.0,797.3316902709315,54178.99578817689,-37618.19013238944,0.37802530025564207,0.271407189482394,0.10661811077324806
160000.0,110000.0,817.5324291001276,53112.37262641327,-39472.64210849171,0.37672302352947057,0.2694637960067356,0.10725922752273498
165000.0,110000.0,837.5838625415196,52030.22170431804,-41336.79893480122,0.37542493634067603,0.2675921017679525,0.10783283457272352
170000.0,110000.0,857.4941036073994,50933.38677516952,-43210.13326551905,0.37413424444823223,0.26578821074595727,0.10834603370227497
175000.0,110000.0,877.2706879700812,49822.65154888845,-45092.155281944724,0.3728535762550765,0.26404850417010617,0.10880507208497031
180000.0,110000.0,896.9206244202155,48698.74493970242,-46982.409412685985,0.3715850765627586,0.2623696162881754,0.10921546027458318
185000.0,110000.0,916.4504401240714,47531.34577290341,-48911.47139193537,0.37024129283376556,0.2607484126329677,0.10949288020079784
190000.0,110000.0,935.8662212946758,46073.08701464627,-51126.94561584608,0.36813909697502983,0.25918197049127173,0.1089571264837581
195000.0,110000.0,955.1736498099971,44603.5595802397,-53349.46276235019,0.36610313880510986,0.2576675613191252,0.10843557748598465
200000.0,110000.0,974.3780362416754,43123.315769134264,-55578.677644291085,0.36413043676519885,0.25620263488080297,0.10792780188439588
205000.0,110000.0,993.4843496981916,41677.87236861192,-57769.26726961755,0.3623324964970839,0.254784804917569,0.10754769157951488
210000.0,110000.0,1012.4972448352539,40222.71346286639,-59965.9290857085,0.3605858198739364,0.2534118361767833,0.10717398369715309
215000.0,110000.0,1031.421086342229,38758.29297959182,-62168.379387755114,0.35888839328175953,0.25208163265306116,0.10680676062869837
220000.0,110000.0,1050.259971175551,37455.037002257304,-64206.351873589185,0.3576359859150442,0.250792226911375,0.10684375900366921
225000.0,110000.0,1069.0177487773096,36373.345872840204,-66019.59632947488,0.3569352857587195,0.24954177037770958,0.10739351538100994
230000.0,110000.0,1087.6980394888642,35283.59610684187,-67837.87743322382,0.35623597393382295,0.2483285244965005,0.10790744943732244
235000.0,110000.0,1106.3042513447238,34186.14213985129,-69660.97366259294,0.35553906763981,0.24715085266590037,0.10838821497390966
240000.0,110000.0,1124.8395954105076,33081.317922692804,-71488.676298317,0.3548454470861906,0.24600721287220267,0.10883823421398792
245000.0,110000.0,1143.307099810151,31969.438380255713,-73320.78851234018,0.3541558722110202,0.24489615095371572,0.10925972125730446
250000.0,110000.0,1161.7096225712003,30850.80074740482,-75157.12453287198,0.35347099725984726,0.24381629443221137,0.1096547028276359
255000.0,110000.0,1180.049863402778,29725.68579388893,-76997.50887881941,0.35279138352048883,0.24276634685692763,0.1100250366635612
260000.0,110000.0,1198.3303745082612,28594.358948859153,-78841.77565696303,0.3521175104648301,0.24174508261211644,0.11037242785271364
265000.0,110000.0,1216.5535705237387,27457.07133446884,-80689.76791595697,0.3514497855118176,0.24075134214441254,0.11069844336740506
270000.0,110000.0,1234.7217376636045,26314.060717014843,-82541.33705186572,0.35078855259466885,0.2397840275709484,0.11100452502372044
275000.0,110000.0,1252.8370421461136,25245.802383195827,-84316.09226050261,0.350285178404074,0.23884209863324307,0.11144307977083096
280000.0,110000.0,1270.901537964191,24242.009948275867,-86024.40003232758,0.34991272934033085,0.23792456896551722,0.11198816037481363
285000.0,110000.0,1288.91717406008,23233.136102248332,-87735.88368609479,0.34953822792591976,0.23703050264929115,0.11250772527662861
290000.0,110000.0,1306.8858009565274,22219.373299478844,-89450.42293782573,0.3491622597533004,0.23615901102896616,0.11300324872433423
295000.0,110000.0,1324.8091768919278,21200.904396760496,-91167.9035020247,0.34878535193476035,0.2353092497656141,0.11347610216914625
300000.0,110000.0,1342.6889735021853,20177.903244227273,-92888.21672235796,0.34840797878265806,0.23448041610844034,0.11392756267421772
115000.0,115000.0,617.8054334567471,64251.765079501696,-22994.52182531144,0.3815312198539336,0.28489484711211777,0.09663637274181586
120000.0,115000.0,640.2936073511199,63323.03516451648,-24800.2905221772,0.3806478516320823,0.28272874207956794,0.09791910955251437
125000.0,115000.0,662.5818666889134,62437.51413564698,-26555.053665220636,0.379981549932709,0.28065440249440793,0.09932714743830107
130000.0,115000.0,684.6826518071089,61568.49578793932,-28286.002632537926,0.3794023709675905,0.2786661179516113,0.10073625301597922
135000.0,115000.0,706.6073918304871,60681.16875037067,-30028.394531018334,0.37876664802759896,0.27675864221615293,0.10200800581144603
140000.0,115000.0,728.3666053707168,59776.62695855455,-31781.545650903405,0.378085204832268,0.27492714699977694,0.10315805783249105
145000.0,115000.0,749.9699894269825,58855.878900406184,-33544.825687246135,0.3773671246880848,0.2731671811535337,0.10419994353455109
150000.0,115000.0,771.2348451283937,57899.92389335294,-35330.11006665441,0.3765264803323269,0.271407189482394,0.10511929084993288
155000.0,115000.0,791.6224487148646,56852.73466634593,-37172.41583353379,0.37531847475278163,0.2694637960067356,0.10585467874604604
160000.0,115000.0,811.8538527561398,55789.30068663854,-39024.87457085091,0.37410630720911037,0.26759210176795256,0.1065142054411578
165000.0,115000.0,831.9375448818266,54710.50466770999,-40886.93458268126,0.372894122958578,0.26578821074595727,0.10710591221262072
170000.0,115000.0,851.8814087229556,53617.16650718739,-42758.08343300788,0.37168536304942645,0.26404850417010617,0.10763685887932029
175000.0,115000.0,871.6927767001986,52510.04877682065,-44637.84451448709,0.3704828779135856,0.26236961628817534,0.10811326162541024
180000.0,115000.0,891.3784773709015,51389.86164657376,-46525.7739708914,0.36928902150552023,0.2607484126329677,0.10854060887255251
185000.0,115000.0,910.9448779782074,50226.26730973355,-48452.45793141653,0.368017073871761,0.25918197049127173,0.1088351033804893
190000.0,115000.0,930.3979227600812,48771.88396704843,-50665.51002059473,0.3659880475635759,0.2576675613191252,0.10832048624445068
195000.0,115000.0,949.7431675031365,47306.28942032618,-52885.569112296136,0.36402171976872544,0.25620263488080297,0.10781908488792247
200000.0,115000.0,968.9858107638099,45830.02431943623,-55112.29730035236,0.36211533241620814,0.254784804917569,0.10733052749863914
205000.0,115000.0,988.1307221259478,44388.59510109859,-57300.37806181338,0.3603799813475941,0.2534118361767833,0.10696814517081077
210000.0,115000.0,1007.1824678178963,42937.476653061225,-59494.514591836734,0.35869304116463446,0.2520816326530612,0.10661140851157325
215000.0,115000.0,1026.1453339725344,41477.11473314359,-61694.428291785254,0.3570526674890798,0.250792226911375,0.10626044057770484
220000.0,115000.0,1045.0233477794527,40177.928169063074,-63729.85739433557,0.3558528036339627,0.24954177037770955,0.10631103325625316
225000.0,115000.0,1063.8202967488162,39100.310861876875,-65540.55571132695,0.35519990388397576,0.2483285244965005,0.10687137938747526
230000.0,115000.0,1082.539746280695,38014.63361319226,-67356.29149175483,0.354546562407705,0.24715085266590042,0.10739570974180457
235000.0,115000.0,1101.1850557112575,36921.24579397077,-69176.84637876827,0.35389388364962276,0.2460072128722027,0.10788667077742006
240000.0,115000.0,1119.759392987678,35820.47687071853,-71002.01445580092,0.35324283040433435,0.2448961509537157,0.10834667945061865
245000.0,115000.0,1138.2657481065648,34712.63780308276,-72831.60137307327,0.35259424077358525,0.2438162944322114,0.10877794634137386
250000.0,115000.0,1156.7069454357656,33598.022325319645,-74665.42354667521,0.35194884297819695,0.2427663468569276,0.10918249612126935
255000.0,115000.0,1175.085655026327,32476.90812273801,-76503.30742328874,0.35130726831864295,0.24174508261211644,0.10956218570652651
260000.0,115000.0,1193.404403009853,31349.55791302469,-78345.08880435956,0.3506700625343276,0.24075134214441254,0.10991872038991504
265000.0,115000.0,1211.6655811663973,30216.22044130531,-80190.61222418418,0.35003769577500304,0.23978402757094833,0.11025366820405472
270000.0,115000.0,1229.8714557390708,29077.131396863377,-82039.73037696039,0.34941057136692866,0.23884209863324302,0.11056847273368564
275000.0,115000.0,1248.0241755636605,28012.76425862068,-83812.05358836208,0.3489395318652539,0.23792456896551725,0.11101496289973664
280000.0,115000.0,1266.125779574571,27012.8310757554,-85517.94932765288,0.34859783703525205,0.2370305026492911,0.11156733438596095
285000.0,115000.0,1284.1782037422036,26007.783189189155,-87227.04175675678,0.3482530784062758,0.23615901102896616,0.11209406737730962
290000.0,115000.0,1302.183287491388,24997.811899104374,-88939.21131305977,0.34790588354444835,0.2353092497656141,0.11259663377883425
295000.0,115000.0,1320.1427796456046,23983.09908314288,-90654.34432303571,0.3475568195285729,0.2344804161084404,0.11307640342013253
300000.0,115000.0,1338.0583439373727,22963.817769486748,-92372.33264407079,0.3472063987302358,0.23367174636538796,0.11353465236484783
120000.0,120000.0,635.5958664490664,66101.97011070291,-24288.76868081068,0.3778550938076078,0.28065440249440793,0.09720069131319986
125000.0,120000.0,657.8878327733001,65216.834608423225,-26043.290869735487,0.37728958630924814,0.2786661179516113,0.09862346835763686
130000.0,120000.0,679.9959839250878,64348.58232820913,-27773.761044869294,0.3768053533541263,0.27675864221615293,0.10004671113797337
135000.0,120000.0,701.9313027745844,63462.35548855679,-29515.46531965201,0.3762600982829174,0.274927146999777,0.1013329512831404
140000.0,120000.0,723.7039143160657,62559.20708887084,-31267.745569455725,0.3756648652814588,0.2731671811535337,0.10249768412792509
145000.0,120000.0,745.1379999858558,61620.851998529,-33042.030000919374,0.3749357821175449,0.271407189482394,0.1035285926351509
150000.0,120000.0,765.7124683296016,60593.096706278564,-34872.1895585759,0.37383038703175525,0.26946379600673565,0.1043665910250196
155000.0,120000.0,786.1238429707597,59548.37966895901,-36712.95020690062,0.3727115144215093,0.26759210176795256,0.10511941265355673
160000.0,120000.0,806.3809861562538,58487.6225602504,-38563.7358998435,0.37158438296550345,0.2657882107459572,0.10579617221954624
165000.0,120000.0,826.4921294758301,57411.68146548633,-40424.01158407105,0.37045335872758917,0.2640485041701062,0.10640485455748294
170000.0,120000.0,846.4649289801818,56321.352613938914,-42293.27961628818,0.36932209250609954,0.2623696162881754,0.10695247621792414
175000.0,120000.0,866.3065146177315,55217.37752024409,-44171.07654984745,0.3681936334333648,0.2607484126329678,0.10744522080039703
180000.0,120000.0,886.023534661739,54100.44760482083,-46056.97024698698,0.36707052329910467,0.25918197049127173,0.10788855280783294
185000.0,120000.0,905.6221957101652,52940.208353857175,-47981.55727883926,0.36586673744549836,0.25766756131912516,0.1081991761263732
190000.0,120000.0,925.1082987645977,51489.26307151816,-50192.46058030115,0.36390728285947016,0.2562026348808029,0.10770464797866725
195000.0,120000.0,944.4872718294282,50027.176270260534,-52410.32733108717,0.36200721706153755,0.254784804917569,0.10722241214396855
200000.0,120000.0,963.7641994166418,48554.47673933074,-54634.82703791829,0.3601639875072073,0.2534118361767833,0.10675215133042398
205000.0,120000.0,982.9438492935635,47116.66032653059,-56820.649795918376,0.358488283121103,0.2520816326530612,0.10640665046804176
210000.0,120000.0,1002.0306967695176,45669.192464029824,-59012.50470998136,0.3568583146043812,0.250792226911375,0.10606608769300624
215000.0,120000.0,1021.0289467815961,44212.51046528599,-61210.11845919625,0.35527239364876595,0.24954177037770955,0.1057306232710564
220000.0,120000.0,1039.9425540087677,42917.02561691184,-63243.2339894301,0.3541226846736294,0.24832852449650045,0.10579416017712895
225000.0,120000.0,1058.775241216666,41843.125086533255,-65051.609320916716,0.3535154058107714,0.24715085266590037,0.10636455314487103
230000.0,120000.0,1077.5305160120074,40761.17366524879,-66865.0164592195,0.35290597103156973,0.24600721287220276,0.10689875815936697
235000.0,120000.0,1096.2116861652057,39671.5153611814,-68683.24039926162,0.3522955645893081,0.24489615095371575,0.10739941363559236
240000.0,120000.0,1114.821873641929,38574.4748587606,-70506.07821327462,0.35168522497606913,0.2438162944322114,0.10786893054385774
245000.0,120000.0,1133.3640274687536,37470.35885675036,-72333.33821453102,0.3510758620736655,0.24276634685692766,0.10830951521673782
250000.0,120000.0,1151.8409355443928,36359.45729661686,-74164.83918961446,0.3504682721577771,0.24174508261211647,0.10872318954566063
255000.0,120000.0,1170.2552354959676,35242.04449158063,-76000.4096927621,0.34986315104703386,0.2407513421444126,0.10911180890262126
260000.0,120000.0,1188.6094246691912,34118.380165595896,-77839.88739650257,0.3492611056456737,0.23978402757094838,0.10947707807472531
265000.0,120000.0,1206.9058693320283,32988.710410530926,-79683.11849341817,0.3486626640922084,0.23884209863324304,0.10982056545896537
270000.0,120000.0,1225.14681316313,31853.268568965505,-81529.95714439655,0.3480682846960245,0.23792456896551725,0.11014371573050727
275000.0,120000.0,1243.3343850890624,30792.526049262495,-83300.01496921094,0.3476282966145319,0.23703050264929112,0.11059779396524075
280000.0,120000.0,1261.47060652788,29796.193078899523,-85003.6605756878,0.3473161450570297,0.23615901102896614,0.11115713402806354
285000.0,120000.0,1279.557398090848,28794.719401448165,-86710.51912409489,0.34699997366729773,0.23530924976561407,0.11169072390168366
290000.0,120000.0,1297.5965857890237,27788.29492205847,-88420.47192371346,0.34668044890429867,0.23448041610844036,0.1122000327958583
295000.0,120000.0,1315.5899067868545,26777.100305832864,-90133.40605885445,0.34635817493125903,0.23367174636538796,0.11268642856587108
300000.0,120000.0,1333.5390147409028,25761.3075330539,-91849.21404184132,0.3460336994812887,0.23288251355612813,0.11315118592516057
