higher_gross,lower_gross,order_wk,gap_household,gap_per_person,order_pct_payor_net,line_7e,lag
60000.0,0.0,228.2776923076923,-18771.32,-27805.44,0.24369616095257646,0.2054989266671283,0.03819723428544816
65000.0,0.0,248.47000000000003,-20438.819999999996,-29997.939999999995,0.24620913724929736,0.205857497928749,0.04035163932054836
70000.0,0.0,268.6623076923077,-21756.319999999996,-31840.439999999995,0.2499407818230611,0.2061631544773036,0.04377762734575749
75000.0,0.0,288.8546153846154,-22923.819999999996,-33532.939999999995,0.25388447073737586,0.2064268044637458,0.047457666273630045
80000.0,0.0,309.0469230769231,-24091.319999999996,-35225.439999999995,0.257415345186609,0.20665655058896149,0.05075879459764754
85000.0,0.0,329.23923076923074,-25258.82,-36917.94,0.260594999809734,0.20685853752839398,0.05373646228134002
90000.0,0.0,346.79846153846154,-26700.159999999996,-38815.81999999999,0.2614880011600087,0.20547741670844538,0.05601058445156332
95000.0,0.0,364.10615384615386,-28167.659999999996,-40733.31999999999,0.2621191292008445,0.20410417834504765,0.05801495085579686
100000.0,0.0,381.4138461538462,-29635.159999999996,-42650.81999999999,0.26269562913907285,0.2028714046070128,0.059824224532060044
105000.0,0.0,398.72153846153844,-31102.659999999996,-44568.31999999999,0.26322429936204655,0.20175859250321124,0.06146570685883532
110000.0,0.0,416.0292307692307,-32570.160000000007,-46485.82000000001,0.2637108551228134,0.20074904420771314,0.06296181091510025
115000.0,0.0,433.3369230769231,-34037.659999999996,-48403.31999999999,0.2641601359866358,0.19982902344719947,0.06433111253943632
120000.0,0.0,450.64461538461535,-35505.16,-50320.82000000001,0.2645762673591509,0.1989871267959648,0.0655891405631861
125000.0,0.0,467.95230769230767,-36908.659999999996,-52174.31999999999,0.26514756438405424,0.1982138086083868,0.06693375577566743
130000.0,0.0,482.98,-38513.28000000001,-54169.66000000001,0.2645322884738943,0.19657305657305657,0.06795923190083775
135000.0,0.0,496.44153846153847,-40280.78000000001,-56287.16000000001,0.26312664040322703,0.1944424693440993,0.06868417105912772
140000.0,0.0,509.9030769230769,-42048.28000000001,-58404.66000000001,0.26180891820372054,0.19246653697627827,0.06934238122744227
145000.0,0.0,523.3646153846154,-43815.780000000006,-60522.16,0.26057112218567935,0.1906290101145947,0.06994211207108464
150000.0,0.0,536.8261538461538,-45583.280000000006,-62639.66,0.25940619453401603,0.18891583876993043,0.0704903557640856
155000.0,0.0,550.2876923076924,-47350.779999999984,-64757.15999999999,0.25830788465270793,0.18731481239035377,0.07099307226235416
160000.0,0.0,563.7492307692308,-49118.27999999999,-66874.65999999999,0.25727063696838853,0.1858152683755483,0.07145536859284024
165000.0,0.0,577.2107692307692,-50885.780000000006,-68992.16,0.25628949694100167,0.18440785431667936,0.07188164262432231
170000.0,0.0,590.6723076923076,-52653.280000000006,-71109.66,0.2553600319252417,0.18308433275315322,0.07227569917208848
175000.0,0.0,604.1338461538462,-54420.77999999999,-73227.15999999999,0.25447826421544206,0.18183741983283558,0.07264084438260648
180000.0,0.0,617.5953846153845,-56188.28000000001,-75344.66,0.25364061414039296,0.180660651200468,0.07297996293992495
185000.0,0.0,630.6161538461538,-58032.62000000001,-77527.54000000001,0.2526069121708283,0.179422862270469,0.07318404990035932
190000.0,0.0,641.1930769230769,-60410.11999999999,-80180.04,0.25014284428172734,0.17757418887539678,0.07256865540633056
195000.0,0.0,651.77,-62787.61999999999,-82832.54,0.2478040791258285,0.17582141893714592,0.07198266018868257
200000.0,0.0,662.3469230769231,-65165.11999999999,-85485.04,0.24558129585659588,0.1741572783722012,0.07142401748439467
205000.0,0.0,672.9238461538462,-67372.62,-87967.54,0.24375439293090778,0.17257521058965103,0.07117918234125675
210000.0,0.0,683.5007692307693,-69580.12,-90450.04,0.2420097778867236,0.1710692901561387,0.0709404877305849
215000.0,0.0,694.0776923076924,-71787.62,-92932.54,0.24034201352471707,0.16963414863416745,0.07070786489054962
220000.0,0.0,704.6546153846153,-73825.12,-95245.04,0.23901087360655418,0.16826491063720359,0.0707459629693506
225000.0,0.0,715.2315384615385,-75632.61999999998,-97327.53999999998,0.23808314849133727,0.1669571384963459,0.07112600999499136
230000.0,0.0,725.8084615384615,-77440.12,-99410.04,0.23718932642877794,0.16570678421524035,0.07148254221353759
235000.0,0.0,736.3853846153846,-79247.62,-101492.54,0.23632758232297205,0.16451014761732913,0.07181743470564292
240000.0,0.0,746.9623076923077,-81055.12,-103575.04,0.2354962197687602,0.16336383977389346,0.07213237999486674
245000.0,0.0,757.5392307692308,-82887.62,-105682.54,0.23465870810361622,0.16226475095154141,0.0723939571520748
250000.0,0.0,768.1161538461538,-84820.12000000001,-107890.04000000001,0.23371312214017387,0.1612100224407097,0.07250309969946417
255000.0,0.0,778.693076923077,-86752.62,-110097.54,0.23280050823729623,0.1601970217277777,0.07260348650951853
260000.0,0.0,789.27,-88685.12,-112305.04,0.23191917137093357,0.15922332055678837,0.0726958508141452
265000.0,0.0,799.3153846153846,-90672.90000000001,-114554.0,0.23091397476104097,0.15818148604831714,0.07273248871272384
270000.0,0.0,808.9307692307692,-92705.4,-116836.5,0.22981992219939684,0.15709505385339328,0.07272486834600356
275000.0,0.0,818.5461538461539,-94657.65,-119038.75,0.22886023950952836,0.15604845214177826,0.0728117873677501
280000.0,0.0,828.1615384615385,-96540.15,-121171.25,0.22801472466699407,0.15503952996068604,0.07297519470630803
285000.0,0.0,837.776923076923,-98422.65000000001,-123303.75,0.22719463048747254,0.15406628849499937,0.07312834199247317
290000.0,0.0,847.3923076923077,-100305.15,-125436.25,0.22639882752942417,0.15312686785004379,0.07327195967938038
295000.0,0.0,857.0076923076923,-102187.65,-127568.75,0.22562625228306313,0.15221953518875272,0.0734067170943104
300000.0,0.0,866.623076923077,-104070.15,-129701.25,0.22487590242855734,0.15134267406402385,0.07353322836453349
60000.0,5000.0,227.73975494692704,-14022.26548551959,-25444.89911413969,0.24312188990433597,0.20501466756526912,0.038107222339066854
65000.0,5000.0,247.97278585271317,-15685.530271317832,-27634.222703488373,0.2457164473220158,0.20544555580175075,0.040270891520265056
70000.0,5000.0,268.2000849696413,-16999.391163157306,-29473.99337236798,0.24951076873461575,0.20580845904051334,0.04370230969410241
75000.0,5000.0,288.42278285779025,-18163.730582789813,-31164.12293709236,0.25350491795656194,0.20611820005229362,0.04738671790426832
80000.0,5000.0,308.64173109192654,-19328.45996643964,-32854.54497482973,0.25707784745763546,0.2063856028082426,0.05069224464939284
85000.0,5000.0,327.27721400577855,-20657.869743399035,-34668.47730754928,0.2590420507370978,0.20562581712218458,0.05341623361491321
90000.0,5000.0,344.7064661074801,-22112.727524822072,-36576.49564361655,0.2599106247747258,0.204237913467811,0.05567271130691481
95000.0,5000.0,362.1230620587142,-23568.901545893725,-38485.501159420295,0.26069150627561194,0.2029925318771629,0.05769897439844904
100000.0,5000.0,379.52888059292457,-25026.19641833585,-40395.34731375189,0.26139737471300767,0.20186880437412624,0.059528570338881426
105000.0,5000.0,396.92544612599227,-26484.453602896803,-42305.915202172604,0.2620385717275729,0.20084974503280914,0.06118882669476375
110000.0,5000.0,414.31400852299487,-27943.54311360854,-44217.107335206405,0.2626236172755011,0.1999213878771736,0.06270222939832751
115000.0,5000.0,431.6956022441642,-29403.357366606928,-46128.8430249552,0.26315959458042304,0.19907214462680056,0.06408744995362248
120000.0,5000.0,449.0710908323716,-30863.80655343335,-48041.054915075016,0.2636524412699935,0.19829231958224353,0.06536012168774996
125000.0,5000.0,465.5062122366083,-32358.053927392742,-49962.61544554456,0.26376157644966824,0.19717769896959722,0.06658387748007102
130000.0,5000.0,479.12083389292474,-34109.63327513583,-52068.17495635187,0.2624185900973456,0.19500237439679477,0.06741621570055081
135000.0,5000.0,492.7242034033237,-35862.38284605433,-54174.612134540745,0.2611563582867217,0.19298649164662735,0.06816986664009433
140000.0,5000.0,506.3175173972418,-37616.17819068686,-56281.83364301514,0.2599679184076837,0.19111314207381153,0.06885477633387216
145000.0,5000.0,519.9018086361491,-39370.91190184049,-58389.75892638037,0.2588470708955536,0.1893677261009761,0.06947934479457749
150000.0,5000.0,533.4779731353864,-41126.49079391982,-60498.31809543986,0.25778828003680004,0.18773757209496283,0.07005070794183721
155000.0,5000.0,547.0467920718675,-42882.833624525796,-62607.45021839435,0.2567865893448377,0.18621162831385082,0.0705749610309869
160000.0,5000.0,560.6089496108184,-44639.86924047489,-64717.10193035616,0.2558375491878833,0.18478021208743792,0.0710573371004454
165000.0,5000.0,574.1650475117482,-46397.53505877819,-66827.22629408364,0.25493715473118733,0.18343480419878416,0.07150235053240317
170000.0,5000.0,587.7156171726874,-48155.775814040506,-68937.78186053038,0.2540817925772129,0.18216787924095604,0.07191391333625688
175000.0,5000.0,601.2611296219912,-49914.54251931292,-71048.73188948468,0.2532681947560606,0.18097276481410215,0.07229542994195845
180000.0,5000.0,614.8020038544814,-51673.791599133925,-73160.04369935044,0.25249339894194284,0.17984352400054587,0.07264987494139696
185000.0,5000.0,626.0444519197692,-53703.077000344,-75481.632750258,0.25077561828476785,0.17812212197056312,0.07265349631420473
190000.0,5000.0,636.7410229889871,-56068.13360914534,-78124.80020685901,0.2484060048272014,0.17634122193512777,0.07206478289207363
195000.0,5000.0,647.4314910634131,-58433.82492940505,-80768.4436970538,0.24615457053873474,0.1746510631409261,0.07150350739780864
200000.0,5000.0,658.1163114816821,-60800.10360590507,-83412.5277044288,0.24401269329859085,0.17304488277465804,0.0709678105239328
205000.0,5000.0,668.7958953850933,-62996.92687995029,-85887.02015996272,0.24225911803548375,0.171516573750887,0.07074254428459675
210000.0,5000.0,679.4706149530695,-65194.25604488078,-88361.89203366058,0.2405828054742521,0.17006060711942209,0.07052219835483
215000.0,5000.0,690.1408079116321,-67392.05597719026,-90837.1169828927,0.23897876740220128,0.16867196523568306,0.07030680216651822
220000.0,5000.0,700.8067814299992,-69420.29473128008,-93142.67104846006,0.23770573186064536,0.1673460839916605,0.07035964786898485
225000.0,5000.0,711.4688155000435,-71218.94318799546,-95218.5323909966,0.2368306297174863,0.1660788027060129,0.0707518270114734
230000.0,5000.0,722.1271658769539,-73017.9747487968,-97294.6810615976,0.23598630375184826,0.1648663205142235,0.07111998323762475
235000.0,5000.0,732.782066646158,-74817.36506879957,-99371.09880159967,0.235171172321091,0.16370515829595733,0.07146601402513367
240000.0,5000.0,743.433732470775,-76617.0918230394,-101447.76886727955,0.23438375918369012,0.16259212533638526,0.07179163384730486
245000.0,5000.0,754.0823605650429,-78442.13450123555,-103549.67587592665,0.23358789267485894,0.16152429004869845,0.07206360262616049
250000.0,5000.0,764.7281324319223,-80367.47422708006,-105751.80567031004,0.2326822558335184,0.16049895419213428,0.07218330164138412
255000.0,5000.0,775.371215397113,-82293.09359870024,-107954.14519902518,0.2318073941664815,0.15951363010812408,0.07229376405835741
260000.0,5000.0,785.8127608715638,-84239.67286935738,-110172.20465201803,0.23090329589879083,0.15852587469670443,0.0723774212020864
265000.0,5000.0,795.5012007087211,-86264.57512629303,-112449.00634471978,0.2298120963494537,0.1574266735049455,0.07238542284450822
270000.0,5000.0,805.1869452586313,-88289.75769310234,-114726.01826982675,0.2287562893562264,0.15636800000541085,0.07238828935081557
275000.0,5000.0,814.8701409788264,-90234.95533820205,-116922.97900365153,0.22783244995691287,0.15534765339597226,0.07248479656094062
280000.0,5000.0,824.5509239045945,-92110.65391392219,-119050.37793544165,0.22702062720430627,0.15436358938897377,0.0726570378153325
285000.0,5000.0,834.2294205598629,-93986.59026177425,-121177.95519633069,0.22623259214371305,0.15341390654083573,0.07281868560287733
290000.0,5000.0,843.905748774191,-95862.75212748413,-123305.70159561309,0.22546731936725603,0.1524968339898595,0.07297048537739653
295000.0,5000.0,853.5800184169718,-97739.12808463494,-125433.60856347621,0.2247238412301013,0.1516107204358546,0.0731131207942467
300000.0,5000.0,863.2523320584706,-99615.70746591907,-127561.6680994393,0.22400124386767983,0.1507540242173012,0.07324721965037864
60000.0,10000.0,227.02345296660704,-9214.26089147287,-23059.52066860465,0.24235720702655647,0.20436984201688882,0.03798736500966765
65000.0,10000.0,247.30402769958334,-10872.581119243332,-25245.1358394325,0.2450537742914265,0.2048914893948495,0.040162284896577
70000.0,10000.0,267.5729956788425,-12182.108449400377,-27081.656337050284,0.24892737767778533,0.20532725009296693,0.043600127584818404
75000.0,10000.0,287.8325050302575,-13342.619476853222,-28768.914607639916,0.25298610203377797,0.20569636443259565,0.047289737601182325
80000.0,10000.0,306.5993097233745,-14658.37178876905,-30572.603841576787,0.2553766475350869,0.20501985630388705,0.05035679123119982
85000.0,10000.0,324.21364068318996,-16093.981368948243,-32466.186026711184,0.25661721245901103,0.2037009969977995,0.05291621546121153
90000.0,10000.0,341.79604607952433,-17532.91120772947,-34362.2584057971,0.2577161516150984,0.20251349523876835,0.05520265637633007
95000.0,10000.0,359.3512650804187,-18974.668431636455,-36260.45132372734,0.2586960964134119,0.201438767023649,0.05725732938976291
100000.0,10000.0,376.8831430759946,-20418.853120096566,-38160.464840072425,0.25957514490002276,0.20046155476404115,0.05911359013598161
105000.0,10000.0,394.39483289277536,-21865.13737915137,-40062.053034363526,0.26036793487700277,0.1995692198671161,0.06079871500988668
110000.0,10000.0,411.88894399134574,-23313.24982490005,-41965.01236867504,0.26108642759249073,0.19875120715220276,0.06233522044028797
115000.0,10000.0,429.3676546875238,-24762.963912497522,-43869.17293437314,0.2617404887752556,0.19799863470390583,0.06374185407134975
120000.0,10000.0,445.9358898197512,-26307.36745874588,-45844.35059405941,0.2618117451803891,0.19690793681113977,0.0649038083692493
125000.0,10000.0,459.78358576775156,-28070.70708015385,-47967.73031011539,0.2605190655246131,0.19475372633608454,0.06576533918852859
130000.0,10000.0,473.6028978007762,-29800.998628719288,-50057.32397153947,0.2593963691728585,0.19275657216148806,0.06663979701137046
135000.0,10000.0,487.3968444566607,-31533.92817650729,-52148.89613238047,0.2583327225647763,0.19089991196217615,0.06743281060260015
140000.0,10000.0,501.1680309108069,-33269.22478527609,-54242.24358895707,0.2573239228184561,0.18916943183532678,0.06815449098312934
145000.0,10000.0,514.9187173919242,-35006.65339123987,-56337.1900434299,0.2563661051609728,0.18755269748942352,0.06881340767154928
150000.0,10000.0,528.6508744449441,-36746.00905772582,-58433.58179329437,0.2554557198719191,0.18603885568296127,0.06941686418895784
155000.0,10000.0,542.3662278995656,-38487.11229844518,-60531.284223833885,0.2545895083502432,0.1846183907908762,0.069971117559367
160000.0,10000.0,556.066295714307,-40229.80524571207,-62630.17893428405,0.25376447946522,0.18328292498379833,0.07048155448142168
165000.0,10000.0,569.7524183584994,-41973.948490716066,-64730.16136803705,0.2529778868759107,0.18202505317294962,0.0709528337029611
170000.0,10000.0,583.4257840169464,-43719.41846223757,-66831.13884667818,0.25222720769598866,0.18083820586586644,0.07138900183012223
175000.0,10000.0,597.0874496181209,-45466.10523971543,-68933.02892978657,0.2515101226838907,0.1797165345797868,0.07179358810410391
180000.0,10000.0,608.5069595274007,-47445.97620915033,-71209.80715686275,0.24990808346042234,0.17800208082302849,0.07190600263739386
185000.0,10000.0,619.3856986725849,-49513.08733805117,-73559.76550353838,0.24810831094349564,0.17622757398051267,0.07188073696298297
190000.0,10000.0,630.2490428089824,-51860.79954786583,-76189.92466089937,0.24587334743320743,0.17454331089062378,0.07133003654258366
195000.0,10000.0,641.0981405435518,-54209.99338347062,-78821.19503760297,0.24374661973806072,0.17294257905140326,0.07080404068665747
200000.0,10000.0,651.934028993991,-56560.56098462494,-81453.49573846871,0.2417204610985442,0.17141931548556627,0.07030114561297793
205000.0,10000.0,662.7576469953609,-58742.40471248246,-83916.75353436184,0.24007187265992197,0.1699680300435914,0.07010384261633057
210000.0,10000.0,673.5698464728636,-60925.43596682219,-86380.90197511663,0.23849349740973774,0.16858373932244713,0.06990975808729061
215000.0,10000.0,684.3714022711391,-63109.574163801546,-88845.88062285117,0.23698096429767185,0.16726190952463402,0.06971905477303783
220000.0,10000.0,695.1630206790661,-65124.74584937713,-91141.63438703284,0.23579143206318978,0.16599840687768153,0.06979302518550826
225000.0,10000.0,705.9453468476747,-66910.88392784183,-93208.11294588138,0.23499200161367276,0.16478945447235227,0.07020254714132049
230000.0,10000.0,716.7189712652968,-68697.92698840913,-95275.27024130685,0.23421894210602828,0.16363159457067594,0.07058734753535234
235000.0,10000.0,727.4844354268413,-70485.8187156085,-97343.06403670638,0.23347100770042337,0.16252165559191173,0.07094935210851164
240000.0,10000.0,738.242236811829,-72274.5073715698,-99411.45552867735,0.23274702652658352,0.16145672311289813,0.07129030341368539
245000.0,10000.0,748.9928332675579,-74088.94534017397,-101505.40900513048,0.23201133815203484,0.16043411432466514,0.0715772238273697
250000.0,10000.0,759.7366468787102,-76004.08872461415,-103699.89154346062,0.2311635067915702,0.15945135547413236,0.07171215131743783
255000.0,10000.0,770.278924477196,-77940.19185437162,-105910.09389077872,0.23028498700840944,0.15846601601816,0.07181897099024945
260000.0,10000.0,780.0785933365408,-79953.52629299977,-108178.21971974983,0.2292183675685304,0.15736909286595538,0.07184927470257502
265000.0,10000.0,789.8714632435242,-81967.56782267347,-110446.8758670051,0.22818572323069375,0.15631256979138414,0.07187315343930961
270000.0,10000.0,799.6579036421759,-83982.2780212137,-112716.03351591027,0.22718547024232455,0.15529425534946129,0.07189121489286326
275000.0,10000.0,809.4382576860673,-85917.371200649,-114905.41590048675,0.22631373032757077,0.1543121137674895,0.07200161656008128
280000.0,10000.0,819.2128445360435,-87783.3141682515,-117025.49812618863,0.22555091309547212,0.153364251364015,0.07218666173145713
285000.0,10000.0,828.9819614211136,-89649.8260122042,-119146.00700915315,0.2248095468112543,0.15244890436511688,0.07236064244613744
290000.0,10000.0,838.7458854905027,-91516.87790898774,-121266.92093174081,0.2240887524543459,0.15156442795313568,0.07252432450121021
295000.0,10000.0,848.5048754811397,-93384.44294996146,-123388.2197124711,0.22338769747002693,0.15070928640481504,0.07267841106521189
300000.0,10000.0,858.2591732216968,-95252.49598494353,-125509.88448870764,0.22270559281788865,0.14988204419449036,0.0728235486233983
60000.0,15000.0,226.40797042952545,-4623.271075329354,-20780.028306497014,0.24170015319924704,0.2038157756099876,0.037884377589259444
65000.0,15000.0,246.72320849989484,-6277.986316010938,-22962.939737008204,0.24447824004562968,0.20441028044730308,0.0400679595983266
70000.0,15000.0,267.02327896858844,-7584.278987266807,-24797.034240450106,0.24841596755285086,0.20490541447326896,0.043510553079581904
75000.0,15000.0,285.9214054409704,-8886.373834139078,-26590.480375604307,0.2513063694558286,0.20433061792824006,0.046975751527588566
80000.0,15000.0,303.7208152588998,-10302.735213074418,-28469.626409805813,0.25297905483682187,0.20309503617950192,0.04988401865731995
85000.0,15000.0,321.4690301003344,-11724.420869565227,-30352.76565217392,0.2544448352710132,0.20197657876875683,0.052468256502256366
90000.0,15000.0,339.1736495679129,-13150.64044493706,-32239.305333702796,0.2557388498155799,0.20095973038525444,0.054779119430325485
95000.0,15000.0,356.84084002599695,-14580.752637296318,-34128.76447797224,0.25688884755964203,0.2000315174135639,0.05685733014607813
100000.0,15000.0,374.47565726255584,-16014.231644694191,-36020.74873352064,0.25791700897553516,0.1991810295983481,0.05873597937718705
105000.0,15000.0,392.0822857385273,-17450.64228319317,-37914.93171239488,0.2588412588745792,0.1983990391421453,0.06044221973243391
110000.0,15000.0,409.664218542676,-18889.6212715617,-39811.040953671276,0.25967622800291523,0.19767769722930806,0.061998530773607174
115000.0,15000.0,426.36556740289416,-20420.180990099012,-41775.83574257426,0.2599104305846897,0.1966142519328021,0.06329617865188761
120000.0,15000.0,440.44633764257844,-22223.280885171836,-43945.03566387888,0.25858879482233355,0.19448396417762712,0.06410483064470643
125000.0,15000.0,454.48159219822867,-23967.114411384217,-46053.78580853816,0.2575148904019994,0.19250792410077786,0.06500696630122152
130000.0,15000.0,468.4761715160796,-25679.17816232772,-48129.70862174579,0.2565884172152825,0.19066999247703686,0.06591842473824566
135000.0,15000.0,482.43425318546485,-27395.037668711666,-50208.47825153375,0.2557024229872455,0.18895620172369146,0.06674622126355403
140000.0,15000.0,496.35946164846223,-29114.31598855993,-52289.81199141995,0.25485497063193685,0.18735440322377425,0.0675005674081626
145000.0,15000.0,510.25495681802056,-30836.684490925858,-54373.463368194396,0.25404412677224597,0.18585398107742196,0.06819014569482401
150000.0,15000.0,524.1235061883128,-32561.855356415464,-56459.21651731159,0.2532679960393665,0.18444561815998664,0.06882237787937986
155000.0,15000.0,537.9675439168656,-34289.57543264599,-58546.88157448449,0.2525247433723783,0.18312110368723658,0.06940363968514171
160000.0,15000.0,551.7892195443114,-36019.62116739161,-60636.29087554371,0.25181260786955395,0.18187317395796374,0.06993943391159022
165000.0,15000.0,565.5904384119017,-37751.79440516222,-62727.29580387166,0.2511299107055881,0.18069537979786002,0.07043453090772808
170000.0,15000.0,579.3728953817603,-39485.91888029693,-64819.764160222694,0.25047505890249944,0.17958197563155107,0.07089308327094837
175000.0,15000.0,590.9694671350321,-41447.37541795666,-67082.7315634675,0.24893305541194644,0.1778750914022694,0.07105796400967704
180000.0,15000.0,602.0303743561827,-43464.54106695699,-69387.48080021775,0.2472482108621462,0.176107532832978,0.07114067802916821
185000.0,15000.0,613.0665945545518,-45515.27416632661,-71725.15562474496,0.24557705739217647,0.1744296629360087,0.07114739445616777
190000.0,15000.0,624.0799696054214,-47847.38316103617,-74343.61237077712,0.24346666281158597,0.17283482680110093,0.07063183601048503
195000.0,15000.0,635.0721626028887,-50181.69508929957,-76963.72131697467,0.24145553252260346,0.1713170117623115,0.07013852076029195
200000.0,15000.0,646.0446790376525,-52518.05338008415,-79585.36503506312,0.23953684078773826,0.1698707717782707,0.06966606900946756
205000.0,15000.0,656.998885034095,-54686.31595645413,-82038.43696734059,0.2379858661468149,0.16849116224661645,0.06949470390019846
210000.0,15000.0,667.9360231122791,-56856.35359632298,-84492.84019724224,0.23649870764281106,0.1671736836113981,0.06932502403141297
215000.0,15000.0,678.8572258580887,-59028.048510758774,-86948.48638306907,0.2350715407897117,0.16591423241065503,0.06915730837905668
220000.0,15000.0,689.7635278183952,-61031.29310688689,-89235.29483016516,0.23395998517064812,0.16470905864402083,0.06925092652662729
225000.0,15000.0,700.6558758844355,-62805.9889080187,-91293.19168101402,0.2332312656378931,0.16355472852880468,0.06967653710908842
230000.0,15000.0,711.5351383829073,-64582.04560817765,-93352.10920613323,0.2325249003651989,0.1624480918666303,0.0700768084985686
235000.0,15000.0,722.4021130586152,-66359.38024190401,-95411.98518142801,0.2318399419799974,0.16138625336842463,0.07045368861157278
240000.0,15000.0,733.2575341031932,-68137.91645326791,-97472.76233995093,0.23117548987410977,0.16036654738886477,0.070808942485245
245000.0,15000.0,744.1020783603075,-69942.58385052804,-99559.38788789604,0.2304963562453929,0.1593865156066632,0.07110984063872972
250000.0,15000.0,754.7450880828283,-71868.21083938585,-101761.73312953938,0.22964473546422554,0.1584037413841683,0.07124099408005724
255000.0,15000.0,764.6559859643604,-73869.97745970653,-104021.1830947799,0.22860393579276533,0.15730923418741094,0.0712947016053544
260000.0,15000.0,774.5559812284171,-75872.87795224464,-106281.48346418349,0.227595602704898,0.156254989152394,0.07134061355250401
265000.0,15000.0,784.4456663055254,-77876.85070422536,-108542.58802816902,0.22661826642789185,0.15523882513543455,0.0713794412924573
270000.0,15000.0,794.3255914675402,-79881.83848737582,-110804.45386553186,0.22567054261720404,0.15425871572097852,0.07141182689622552
275000.0,15000.0,804.1962685122238,-81807.53807472873,-112986.79105604655,0.2248481038724281,0.1533127757425307,0.07153532812989741
280000.0,15000.0,814.0581740680364,-83664.39989692421,-115100.06242269315,0.22413169629666357,0.15239924918829614,0.07173244710836743
285000.0,15000.0,823.9117525640332,-85522.12773334055,-117213.9833000054,0.2234345695398012,0.15151649832839303,0.07191807121140817
290000.0,15000.0,833.7574189038088,-87380.67843400389,-119328.52132550292,0.222755977804228,0.1506629939220961,0.07209298388213192
295000.0,15000.0,843.5955608773284,-89240.01166875783,-121443.64625156837,0.22209521169040247,0.14983730638200418,0.07225790530839829
300000.0,15000.0,853.4265413401445,-91100.08970062497,-123559.32977546874,0.22145159614458573,0.14903809778780347,0.07241349835678226
60000.0,20000.0,215.75034439787018,-1364.1641826215055,-19427.57313696613,0.2303226834056508,0.19422162434542709,0.036101059060223706
65000.0,20000.0,236.09097598384247,-3016.238497680388,-21608.50387326029,0.23394275167757245,0.1956014714033492,0.03834128027422326
70000.0,20000.0,255.12042423548937,-4454.675879509108,-23541.70690963183,0.23734255407899538,0.19577153149526957,0.0415710225837258
75000.0,20000.0,273.1049129115327,-5851.789057200593,-25406.416792900443,0.24004150384787157,0.19517145114891568,0.04487005269895589
80000.0,20000.0,291.01893719806765,-7256.2305314009645,-27276.622898550722,0.24239924290084122,0.19460141883518745,0.04779782406565378
85000.0,20000.0,308.87295713233004,-8666.912458237675,-29151.509343678255,0.24447496131330967,0.1940625606650375,0.05041240064827218
90000.0,20000.0,326.6754600529223,-10082.952154496088,-31030.414115872067,0.24631514424348522,0.1935545773067768,0.052760566936708414
95000.0,20000.0,344.4334047092594,-11503.625910237031,-32912.79443267777,0.24795676523561397,0.19307637709544098,0.054880388140172986
100000.0,20000.0,362.15255056263186,-12928.33474148628,-34798.20105611471,0.2494295712484352,0.19262645379952598,0.05680311744890923
105000.0,20000.0,379.8377054747512,-14356.578630625874,-36686.2589729694,0.25075774506855064,0.19220311280883443,0.058554632259716216
110000.0,20000.0,396.6721680629601,-15873.294521452146,-38640.67089108911,0.2514408818098851,0.1914085663048321,0.060032315505053
115000.0,20000.0,410.9860125943283,-17652.154690189855,-40791.69101764239,0.2505351268122865,0.18952212279544067,0.06101300401684584
120000.0,20000.0,425.2372096726042,-19437.530194049163,-42947.59764553687,0.24965942083070358,0.18776820507944209,0.0618912157512615
125000.0,20000.0,439.4324216524216,-21164.728148148148,-45043.87111111111,0.24898784426796325,0.18613344242551502,0.06285440184244823
130000.0,20000.0,453.5773985370457,-22861.150552147243,-47108.06291411043,0.24842823146929544,0.1846061858107634,0.06382204565853203
135000.0,20000.0,467.67712898192315,-24562.27858587999,-49175.783939409994,0.24788077187053112,0.18317624285996206,0.06470452901056906
140000.0,20000.0,481.7359622680201,-26267.659924125925,-51246.694943094444,0.2473465582955196,0.1818346595477559,0.0655118987477637
145000.0,20000.0,495.757707553983,-27976.89841438578,-53320.49881078934,0.2468262820836827,0.1805735394974021,0.06625274258628061
150000.0,20000.0,509.7457151963473,-29689.645619579875,-55396.93421468491,0.24632033147364174,0.17938589365616833,0.06693443781747341
155000.0,20000.0,523.7029438070465,-31405.593844067174,-57475.77038305038,0.245828866413306,0.1782655146367365,0.0675633517765695
160000.0,20000.0,537.63201588378,-33124.47034808689,-59556.80276106517,0.24535187567757147,0.17720687118706777,0.0681450044905037
165000.0,20000.0,551.5352642223227,-34846.03252087844,-61639.84939065883,0.24488922062410207,0.17620501916615947,0.0686842014579426
170000.0,20000.0,563.3088978195866,-36789.07462676299,-63889.00597007224,0.2435302557063751,0.17460279134151846,0.06892746436485664
175000.0,20000.0,574.5519731167036,-38787.29479586282,-66179.54609689712,0.24201754255473812,0.17293361233861562,0.0690839302161225
180000.0,20000.0,585.7610693770442,-40789.0487847874,-68472.73658859055,0.24056656036840762,0.17134839229318816,0.06921816807521947
185000.0,20000.0,596.9387217442141,-42825.072938601734,-70799.3797039513,0.23911668982046794,0.16984096173589514,0.0692757280845728
190000.0,20000.0,608.0872192887094,-45143.129193974215,-73407.29689548066,0.23722755606497684,0.16840574020053306,0.06882181586444377
195000.0,20000.0,619.208634156867,-47464.00204768583,-76017.32653576438,0.23542419162281855,0.16703766769810277,0.06838652392471578
200000.0,20000.0,630.3048466722494,-49787.495946086055,-78629.32195956455,0.23370091358073236,0.16573214552171764,0.06796876805901472
205000.0,20000.0,641.3775670303421,-51943.43302884442,-81073.14977163331,0.23232732854475333,0.16448498493607241,0.06784234360868091
210000.0,20000.0,652.4283541140343,-54101.65117214044,-83518.68837910533,0.23100784691703627,0.16329236255525395,0.06771548436178232
215000.0,20000.0,663.4586318660391,-56262.00228593194,-85965.82671444895,0.22973938687306034,0.16215078141524897,0.06758860545781137
220000.0,20000.0,674.4697035804973,-58254.35082762828,-88244.46312072121,0.22877249301196853,0.1610570369123724,0.06771545609959614
225000.0,20000.0,685.4627644158968,-60018.57250074674,-90294.50437556006,0.22817384909612512,0.16000818691362442,0.0681656621825007
230000.0,20000.0,696.4389123823244,-61784.55311223828,-92345.8648341787,0.22759155518332388,0.15900152545565088,0.068590029727673
235000.0,20000.0,707.3991580157518,-63552.18756636181,-94398.46567477136,0.22702505541780413,0.15803455954021708,0.06899049587758704
240000.0,20000.0,718.3444329188277,-65321.37897644192,-96452.23423233144,0.22647380825272098,0.15710498860962568,0.0693688196430953
245000.0,20000.0,729.0881747653835,-67136.5298244001,-98546.72236830008,0.2258455829546162,0.15617054047469947,0.06967504247991674
250000.0,20000.0,739.1103016691031,-69126.72862641327,-100797.49646980995,0.22488757116238173,0.15512235710915775,0.06976521405322397
255000.0,20000.0,749.117422290233,-71118.48808181577,-103049.44106136182,0.2239584783875086,0.15411255542360508,0.06984592296390352
260000.0,20000.0,759.110352045798,-73111.723387237,-105302.49254042775,0.22305705756656038,0.15313906638002783,0.06991799118653255
265000.0,20000.0,769.089848325936,-75106.35577410266,-107556.591830577,0.22218212891118405,0.15219996693972035,0.0699821619714637
270000.0,20000.0,779.0566155653273,-77102.31198120597,-109811.68398590448,0.22133257577580434,0.15129346741681862,0.07003910835898572
275000.0,20000.0,789.011309791882,-79019.27378164428,-111987.4678362332,0.22060248708790053,0.15041790012310227,0.07018458696479826
280000.0,20000.0,798.954542714487,-80867.67755769336,-114094.39566827002,0.2199732680376685,0.14957170915292595,0.07040155888474256
285000.0,20000.0,808.886885403401,-82717.21391804627,-116202.1729385347,0.21936001335586375,0.14875344117701284,0.07060657217885091
290000.0,20000.0,818.8088716098832,-84567.82735257216,-118310.75801442913,0.2187621563476356,0.14796173713082222,0.07080041921681338
295000.0,20000.0,828.7210007656498,-86419.46592037243,-120420.11194027933,0.2181791543638689,0.14719532469775584,0.07098382966611305
300000.0,20000.0,838.6237406976156,-88272.08096744798,-122530.19822558599,0.21761048777625394,0.14645301149996645,0.07115747627628749
60000.0,25000.0,156.56685984882785,-3442.5791750793724,-22005.551231470163,0.16714179248899708,0.14094378353540352,0.02619800895359356
65000.0,25000.0,179.0662364020531,-4870.144013543948,-24018.099860318594,0.17743688805500948,0.14835645103732653,0.029080437017682953
70000.0,25000.0,200.16774552405863,-6093.087064855368,-25789.68214880216,0.18621921043476247,0.153602543640444,0.03261666679431846
75000.0,25000.0,220.74786813428443,-7220.254313391888,-27451.932585204548,0.19402305756150925,0.1577550594110108,0.03626799815049844
80000.0,25000.0,240.9071751611384,-8391.186382599073,-29147.00663710994,0.20065950838345661,0.16109219058149268,0.03956731780196393
85000.0,25000.0,260.72193447169525,-9597.951414301162,-30868.955410886505,0.2063631126378957,0.16380963453347053,0.04255347810442517
90000.0,25000.0,280.25103371629507,-10834.425092862788,-32613.185669807724,0.21131086425356838,0.1660481946270378,0.04526266962653058
95000.0,25000.0,299.54066431606424,-12095.803510486789,-34376.09448302572,0.21563859127726911,0.16791119986670844,0.04772739141056068
100000.0,25000.0,318.6275681153673,-13378.265515359271,-36154.815986680085,0.21945209989402784,0.16947581463523484,0.049976285258792996
105000.0,25000.0,336.798850540297,-14755.952143166578,-38004.95595753557,0.22234475168179063,0.1704248591734016,0.05191989250838902
110000.0,25000.0,352.53835446688345,-16386.54373480159,-40044.774651261825,0.22346552608371964,0.1701124163197166,0.05335310976400304
115000.0,25000.0,368.0758466286294,-18038.144549980017,-42100.35026264565,0.22437729286584482,0.16973452542202058,0.054642767443824236
120000.0,25000.0,383.4370579490141,-19708.07857266,-44169.675779655634,0.22511829076830453,0.16931088459417762,0.05580740617412691
125000.0,25000.0,398.6435274184614,-21330.10574783748,-46187.07116103874,0.22587635238669107,0.16885620724121073,0.057020145145480344
130000.0,25000.0,413.7134223435998,-22930.336675623097,-48179.119356877956,0.22659438979858215,0.1683815312753764,0.05821285852320576
135000.0,25000.0,428.66217324900407,-24543.166581461046,-50180.61678625642,0.22720185314165653,0.1678951598998841,0.05930669324177243
140000.0,25000.0,443.5029705203771,-26167.223665238256,-52190.534599089326,0.22771588991527714,0.16740334533738574,0.0603125445778914
145000.0,25000.0,458.24715668462,-27801.328304156996,-54207.98807827838,0.22815064745628247,0.16691079086884816,0.061239856587434305
150000.0,25000.0,472.9045390466711,-29444.46053850367,-56232.212254038386,0.2285178655567451,0.16642102291780742,0.062096842638937694
155000.0,25000.0,487.4836409303038,-31095.733942605868,-58262.54230711503,0.22882733859346172,0.16593666916535177,0.06289066942810995
160000.0,25000.0,501.9919051436128,-32754.37446442173,-60298.397698476925,0.229087278776507,0.16545966803242734,0.06362761074407966
165000.0,25000.0,514.4345608460006,-34627.8382713734,-62495.370553690685,0.22841599955591824,0.16435205060082103,0.0640639489550972
170000.0,25000.0,526.3257401881397,-36558.65561979094,-64735.35856500384,0.22754166069273837,0.16313952033680207,0.0644021403559363
175000.0,25000.0,538.140847185044,-38497.38449211289,-66981.2802192453,0.2266801464061717,0.161974277358838,0.06470586904733372
180000.0,25000.0,549.8863009383227,-40443.35730177192,-69232.63482648958,0.22583313047950324,0.1608542092256744,0.06497892125382884
185000.0,25000.0,561.5678181025382,-42426.97951669349,-71519.97648768075,0.2249481108915567,0.15977723480188652,0.06517087608967018
190000.0,25000.0,573.1905064131241,-44695.719932392574,-74090.90679945506,0.2236136177226124,0.15874132599157695,0.06487229173103545
195000.0,25000.0,584.7589436584872,-46970.1024588748,-76666.06869431672,0.22232635982614057,0.15774452216306642,0.06458183766307415
200000.0,25000.0,596.2772446723601,-49249.699153432026,-79245.14121523465,0.2210843492050648,0.15678493923546613,0.06429940996959868
205000.0,25000.0,607.7491184142838,-51364.12428427195,-81657.83506336459,0.22014603622695741,0.15586077487888755,0.06428526134806986
210000.0,25000.0,619.177916807976,-53483.029251327964,-84073.88878865661,0.21923473515282885,0.15497031090090077,0.06426442425192808
215000.0,25000.0,630.5666766934256,-55606.098223241206,-86493.06551759155,0.21834971274498569,0.15411191361347845,0.06423779913150723
220000.0,25000.0,641.9181559995083,-57563.0443754086,-88745.15013171709,0.21773137633620404,0.1532840327693027,0.06444734356690135
225000.0,25000.0,653.2348650451737,-59293.6066346594,-90769.94682615518,0.2174459668106932,0.15248519950417946,0.06496076730651373
230000.0,25000.0,664.5190937177888,-61027.54685270744,-92797.27698969122,0.21716037300514712,0.15171402360919645,0.06544634939595068
235000.0,25000.0,675.7729351485757,-62764.6473439056,-94826.97735808983,0.216875276586831,0.15096919037190432,0.06590608621492669
240000.0,25000.0,686.8165044070851,-64523.616141020626,-96873.0789559261,0.21653393858969436,0.1502096962919888,0.06632424229770556
245000.0,25000.0,697.1454428042176,-66381.90654771884,-98999.92176094977,0.2159508607925759,0.14932841370969055,0.06662244708288534
250000.0,25000.0,707.4455814652404,-68343.19212697247,-101229.01094538998,0.21525301187927876,0.14847665615744216,0.0667763557218366
255000.0,25000.0,717.718629478638,-70307.29513357911,-103460.21320034497,0.21457139746795015,0.14765302310807382,0.06691837435987633
260000.0,25000.0,727.966163324114,-72274.05161364963,-105693.40556039786,0.21390564621005004,0.14685619594999272,0.06704945026005732
265000.0,25000.0,738.1896394893106,-74243.31009246915,-107928.4744195125,0.21325537711740394,0.14608493269033868,0.06717044442706527
270000.0,25000.0,748.3904056729634,-76214.93040936928,-110165.31465718758,0.2126202035436104,0.1453380629770772,0.0672821405665332
275000.0,25000.0,758.5697107558746,-78108.53268074652,-112323.57886072052,0.21209121180586785,0.14461448343368435,0.06747672837218349
280000.0,25000.0,768.7287136949685,-79934.49637508072,-114413.67663147117,0.21165129972395016,0.14391315329610158,0.06773814642784859
285000.0,25000.0,778.8684914737269,-81762.45948608987,-116505.27396472803,0.21121940011047657,0.14323309033905943,0.06798630977141715
290000.0,25000.0,788.9900462237754,-83592.31779208482,-118598.29269422425,0.2107954247117252,0.14257336707731447,0.06822205763441072
295000.0,25000.0,799.0943116167077,-85423.97419121988,-120692.65999357554,0.210379272402213,0.14193310722653332,0.06844616517567967
300000.0,25000.0,809.1821586119312,-87257.33810371664,-122788.30792794812,0.20997083160191182,0.14131148240828448,0.06865934919362734
60000.0,30000.0,121.91692364905458,-4089.7878522768297,-23230.053911262996,0.13015150954117918,0.10975140277250257,0.02040010676867661
65000.0,30000.0,150.61006603491472,-4873.2010441473685,-24759.4888051659,0.14923964430118747,0.1247805021001779,0.024459142201009573
70000.0,30000.0,173.1017517810682,-5951.565726547415,-26422.637316965935,0.16103928960757755,0.1328329362584196,0.028206353349157942
75000.0,30000.0,194.88099821128793,-6954.024097804562,-27991.356095408795,0.17128775672067562,0.13926958258186703,0.032018174138808586
80000.0,30000.0,216.0852286800695,-8016.284129051273,-29604.92611884383,0.17998449289385895,0.14449400611290072,0.03549048678095823
85000.0,30000.0,236.81865805645708,-9127.507473906968,-31255.2186274856,0.18744351335950027,0.14879138537209136,0.03865212798740891
90000.0,30000.0,257.161752321786,-10279.325670312755,-32935.95727478994,0.19390141551124299,0.15236784012502705,0.04153357538621594
95000.0,30000.0,277.17762892103366,-11465.174503991002,-34642.218900048625,0.19953949681782784,0.1553753255993031,0.044164171218524756
100000.0,30000.0,296.23422968341345,-12750.788024703506,-36423.304040583,0.20402887342433773,0.15756495175665378,0.046463921667683955
105000.0,30000.0,312.9354353365291,-14281.362636779479,-38388.109999639986,0.20659082283301505,0.15834964226284995,0.048241180570165104
110000.0,30000.0,329.3360148815217,-15843.20236410026,-40376.36479513057,0.20875812487156856,0.15891645423183187,0.049841670639736685
115000.0,30000.0,345.4759579571222,-17432.148284237803,-42384.949235233726,0.21060050776671674,0.15931281094826677,0.05128769681844997
120000.0,30000.0,361.3884627142159,-19044.74778950005,-44411.27386418041,0.21217342284226295,0.15957508288729347,0.052598339954969486
125000.0,30000.0,377.10131885318424,-20614.110751047352,-46389.17108534089,0.21367027061587038,0.1597314243619105,0.053938846253959866
130000.0,30000.0,392.63796591311393,-22165.799456814653,-48344.81261466636,0.21505118154940359,0.1598038119304493,0.055247369618954295
135000.0,30000.0,408.0183124248232,-23733.743419596896,-50312.645586753046,0.21626008191024024,0.15980952853251487,0.056450553377725365
140000.0,30000.0,423.2593766820852,-25316.17273684164,-52291.3425746866,0.21732184908041816,0.15976225710249722,0.05755959197792093
145000.0,30000.0,438.3757928631005,-26911.56545401606,-54279.76211256742,0.2182571555805888,0.15967289532992368,0.05858426025066513
150000.0,30000.0,453.3802143959287,-28518.605614601925,-56276.91723300682,0.21908328282971345,0.1595501688407751,0.059533113988938346
155000.0,30000.0,468.2836381104691,-30136.149548289715,-58281.95018327266,0.21981475811411413,0.1594010969976198,0.06041366111649432
160000.0,30000.0,481.1789709263886,-31962.534935434087,-60443.61422363094,0.21958916055124542,0.15859959488965927,0.06098956566158614
165000.0,30000.0,493.5118185272494,-33847.41878494457,-62649.152110763804,0.21912601504879425,0.15766763266703307,0.061458382381761184
170000.0,30000.0,505.7399997799106,-35743.1879346678,-64862.853973056226,0.21864201319040705,0.15675878012300226,0.061883233067404786
175000.0,30000.0,517.8726021981074,-37648.89728317534,-67084.01098443689,0.21814258832064856,0.1558737660293903,0.06226882229125827
180000.0,30000.0,529.9176908710424,-39563.70806119009,-69311.99406794793,0.21763221018902987,0.1550129380824813,0.06261927210654858
185000.0,30000.0,541.882448319228,-41517.87328657878,-71577.24298698945,0.21706271111932687,0.1541763548215177,0.06288635629780917
190000.0,30000.0,553.7732920048571,-43758.72554327336,-74127.25717951039,0.21603855583420287,0.1533638566724855,0.06267469916171736
195000.0,30000.0,565.5959735539511,-46006.66666216758,-76682.58801868107,0.21504056551208756,0.15257512100187515,0.06246544451021241
200000.0,30000.0,577.3556629269074,-48261.15896738014,-79242.83224759049,0.21406871071894004,0.15180970486134576,0.06225900585759428
205000.0,30000.0,589.0570201355725,-50351.71781767896,-81637.6263853146,0.2133751644640173,0.15106707821432686,0.06230808624969045
210000.0,30000.0,600.7042566047572,-52447.905224883754,-84036.6419407182,0.21269369437599497,0.15034664977304718,0.06234704460294779
215000.0,30000.0,612.3011878816977,-54549.32437208194,-86439.58130111682,0.21202482374815312,0.14964778707792803,0.062377036670225094
220000.0,30000.0,623.8512790840613,-56485.61488703613,-88676.17418733246,0.21160329608153042,0.148969832076795,0.0626334640047354
225000.0,30000.0,635.3576842273922,-58196.44875212972,-90686.17458615266,0.21149508899509578,0.14831211317728354,0.06318297581781224
230000.0,30000.0,646.8232803725314,-59911.52675303523,-92699.3580868318,0.21137750015316317,0.14767395452912502,0.06370354562403815
235000.0,30000.0,658.0736485816602,-61648.98845928584,-94729.32936651976,0.21119505846926845,0.14701513002975689,0.06417992843951156
240000.0,30000.0,668.6176245870178,-63459.91495472865,-96814.39923810186,0.21079634332214675,0.1462295237232084,0.06456681959893834
245000.0,30000.0,679.1233498060162,-65299.81953195282,-98927.45267101999,0.21036825742563625,0.1454680850122458,0.06490017241339044
250000.0,30000.0,689.5931399979881,-67243.46135198775,-101143.30903604618,0.2098210862359445,0.14472983677973952,0.06509124945620498
255000.0,30000.0,700.0291276873655,-69190.61863229248,-103361.80199627473,0.209282888902104,0.14401384152704896,0.06526904737505504
260000.0,30000.0,710.4332799352538,-71141.08679851211,-105582.77812093946,0.20875378209854495,0.143319201116654,0.06543458098189095
265000.0,30000.0,720.8074140820132,-73094.67684724912,-107806.09565749222,0.20823383138433546,0.14264505614264014,0.06558877524169532
270000.0,30000.0,731.153211726055,-75051.2138922688,-110031.62344125698,0.207723059409037,0.14199058502918563,0.06573247437985136
275000.0,30000.0,741.4722311651774,-76930.28587060006,-112178.98992500541,0.20731086648783015,0.14135500293509856,0.06595586355273159
280000.0,30000.0,751.7659184941728,-78742.24238838452,-114258.58231334377,0.2069809945990863,0.1407375605251112,0.06624343407397512
285000.0,30000.0,762.0356175250249,-80556.69368917591,-116340.0457889373,0.20665453508319484,0.1401375426550102,0.06651699242818465
290000.0,30000.0,772.2825786729082,-82373.50972979606,-118423.28281940242,0.2063316704031651,0.13955426700696136,0.06677740339620375
295000.0,30000.0,782.5079669316215,-84192.56935088985,-120508.20253522276,0.20601254988156206,0.13898708270294272,0.06702546717861935
300000.0,30000.0,792.7128690454908,-86013.75953104746,-122594.72017034097,0.2056972939449643,0.13843536891755054,0.06726192502741377
60000.0,35000.0,100.33287327732452,-3585.644403357801,-23539.167496468464,0.10710961630919472,0.0903211240637919,0.01678849224540281
65000.0,35000.0,119.84808621330359,-5323.562258015969,-25784.48088746209,0.11875757197068813,0.09929418907481656,0.019463382895871573
70000.0,35000.0,139.1448365742404,-6734.2002204785385,-27696.834359309018,0.1294486358683335,0.10677544864323978,0.02267318722509372
75000.0,35000.0,166.63552179226411,-7142.668957804082,-28820.060912303175,0.14646181505510641,0.11908426052990123,0.027377554525205183
80000.0,35000.0,189.0376132123625,-8080.351450113842,-30340.197781535495,0.1574556445145419,0.12640753931180043,0.031048105202741455
85000.0,35000.0,210.82417141603742,-9082.049396931645,-31908.346241648847,0.16686870754037744,0.1324592445221829,0.03440946301819453
90000.0,35000.0,232.10039897206843,-10136.821731104428,-33516.30049227843,0.17500501336253982,0.13751903680948405,0.03748597655305577
95000.0,35000.0,252.33326754742393,-11300.103399267464,-35205.63674340071,0.18165410185811157,0.14144851356631932,0.040205588291792244
100000.0,35000.0,270.26517705117186,-12702.684810877676,-37074.44780210837,0.1861429033994826,0.14375219105868148,0.042390712340801134
105000.0,35000.0,287.76207321929553,-14150.507609392807,-38977.18990099472,0.1899721053404433,0.14561157416413692,0.04436053117630637
110000.0,35000.0,304.8845068854163,-15637.274508116257,-40909.14007503731,0.1932589060528024,0.14711772352586808,0.04614118252693433
115000.0,35000.0,321.682289492282,-17157.805117002208,-42866.41303170177,0.19609600015941694,0.14834059676491312,0.04775540339450382
120000.0,35000.0,338.19677294615303,-18707.798837799623,-44845.78332229983,0.19855743697866046,0.14933453511429604,0.04922290186436443
125000.0,35000.0,354.4625723401749,-20219.655700821357,-46780.55096956613,0.2008428768837311,0.15014217328931198,0.05070070359441911
130000.0,35000.0,370.50888416864746,-21718.339270660203,-48696.438646945266,0.20293089367891287,0.15079726665390616,0.05213362702500671
135000.0,35000.0,386.36050667117826,-23237.270530397,-50627.51209174786,0.20478089408054623,0.15132676287925392,0.053454131201292304
140000.0,35000.0,402.03863798290496,-24774.244873977426,-52572.11784943318,0.20642609478169616,0.1517523386016017,0.05467375618009446
145000.0,35000.0,417.56150656381806,-26327.36654156247,-54528.83410012197,0.20789420443894102,0.1520915520811867,0.055802652357754334
150000.0,35000.0,432.94487363425674,-27894.99636623684,-56496.43146862774,0.20920847709789286,0.15235871679828206,0.05684976029961081
155000.0,35000.0,446.3758825579124,-29665.671438176665,-58616.31277258261,0.20953114451821828,0.15194382114249066,0.05758732337572761
160000.0,35000.0,459.2274386474051,-31496.60960486941,-60781.39139760217,0.20957143567711956,0.15136423271256474,0.05820720296455481
165000.0,35000.0,471.93924436135,-33342.081810619144,-62957.37055191447,0.20954749629026714,0.15077560582678112,0.05877189046348602
170000.0,35000.0,484.5237949647215,-35200.788547868506,-65143.27560485149,0.20946980269673116,0.1501826216480623,0.05928718104866887
175000.0,35000.0,496.9921392099137,-37071.58074636852,-67338.2447537265,0.2093471466961163,0.14958898404132526,0.05975816265479103
180000.0,35000.0,509.3540827683376,-38953.43861629244,-69541.51315616944,0.20918692980313353,0.14899761652501944,0.06018931327811408
185000.0,35000.0,521.6183582695128,-40876.45396417021,-71783.39966707777,0.20894549245280508,0.14841081739300227,0.06053467505980281
190000.0,35000.0,533.7927681721571,-43087.8153342952,-74311.29569467151,0.20824373514503625,0.14783038252781242,0.06041335261722383
195000.0,35000.0,545.8843054001466,-45307.79546258431,-76845.65579088836,0.207546155252506,0.14725770310227854,0.06028845215022746
200000.0,35000.0,557.8992556784855,-47535.74063363705,-79385.9896691779,0.20685477261746238,0.14669384364839527,0.06016092896906711
205000.0,35000.0,569.8432847281342,-49601.06161247358,-81761.8554033053,0.2064153391629171,0.14613960469246504,0.060275734470452064
210000.0,35000.0,581.7215128703722,-51673.22588568083,-84142.85360821075,0.20597240041167458,0.14559557319487185,0.060376827216802736
215000.0,35000.0,593.5385791118508,-53751.75099656706,-86528.62244137541,0.20552779435115814,0.14506216330683877,0.06046563104431937
220000.0,35000.0,605.2986964010438,-55666.198798490994,-88748.83329281837,0.20531046992540639,0.14453964940419115,0.06077082052121524
225000.0,35000.0,617.005699443219,-57356.170482104775,-90743.18705552869,0.20538616051037126,0.1440281929353369,0.06135796757503437
230000.0,35000.0,628.4909993204842,-59069.19929486919,-92754.833665102,0.20538663393286394,0.14348857573920892,0.061898058193655014
235000.0,35000.0,639.2772909635776,-60854.924963987476,-94821.00291694072,0.20516275820209304,0.1428159815525856,0.06234677664950744
240000.0,35000.0,650.0143359996272,-62645.772280238336,-96891.01340412887,0.20493124933750834,0.14216090523367966,0.06277034410382867
245000.0,35000.0,660.7051772978632,-64466.42478522177,-98989.62778286645,0.20466296271501905,0.14152291616338866,0.06314004655163039
250000.0,35000.0,671.3526121010938,-66391.59156568581,-101191.62786821448,0.20427107833294444,0.1409015669316643,0.06336951140128014
255000.0,35000.0,681.9592163197534,-68321.00472694519,-103396.81273915901,0.2038806519041776,0.14029639999615126,0.06358425190802633
260000.0,35000.0,692.5273659984744,-70254.41716035819,-105604.99706421875,0.20349230665559492,0.1397069529954558,0.06378535366013913
265000.0,35000.0,703.0592563318004,-72191.60056569231,-107816.00961821934,0.20310657156966336,0.13913276297077842,0.06397380859888493
270000.0,35000.0,713.5569185494,-74132.34369506194,-110029.69196524657,0.20272389398885882,0.13857336970081416,0.06415052428804466
275000.0,35000.0,724.0222349441556,-75996.20079000737,-112165.64728645564,0.20243195978743408,0.13802831831581913,0.06440364147161495
280000.0,35000.0,734.4569522771408,-77793.49018737688,-114234.23933448277,0.20221537945885829,0.13749716132548248,0.0647182181333758
285000.0,35000.0,744.862693760385,-79593.79307311951,-116305.09149878974,0.20199745279598236,0.1369794601701066,0.06501799262587576
290000.0,35000.0,755.2409697904159,-81396.95236599632,-118378.08596844735,0.20177864315098448,0.13647478638433447,0.06530385676665001
295000.0,35000.0,765.5931875819116,-83202.82171568074,-120453.11298071066,0.20155935966270486,0.1359827224462687,0.06557663721643617
300000.0,35000.0,775.9206598307591,-85011.2646018006,-122530.07014530056,0.20133996340359547,0.13550286237154077,0.0658371010320547
60000.0,40000.0,79.19405425492383,-3035.196894108507,-23813.553036426234,0.08454302650905438,0.0712916491457662,0.013251377363288172
65000.0,40000.0,98.7896055492287,-4764.759559500802,-26052.600035470456,0.09789070532246948,0.08184722912115054,0.016043476201318935
70000.0,40000.0,118.16941878278624,-6166.758983210821,-27958.47460325297,0.10993487390115188,0.09067956107527425,0.019255312825877627
75000.0,40000.0,137.3626351459937,-7438.164481437241,-29728.903726922785,0.12073284644143963,0.09816471095035556,0.022568135491084065
80000.0,40000.0,156.3933735642546,-8726.467685938114,-31512.00613029844,0.1302651838113285,0.10457866654674706,0.025686517264581446
85000.0,40000.0,182.7384745504362,-9254.077183375222,-32724.58825337627,0.14463869518052713,0.11481321198374514,0.029825483196781993
90000.0,40000.0,204.52574035963576,-10255.70153921847,-34292.6815202587,0.1542135648329016,0.1211811049940871,0.033032459838814504
95000.0,40000.0,224.03158884580557,-11494.593296656807,-36038.72533833746,0.16127979261387726,0.12558365982473685,0.03569613278914041
100000.0,40000.0,242.91918214349778,-12797.783593696819,-37832.993061117464,0.16730857578095212,0.1292070442234553,0.03810153155749682
105000.0,40000.0,261.2787641885964,-14155.887061006564,-39668.44566159978,0.17248859920407547,0.1322106548772626,0.040277944326812865
110000.0,40000.0,279.1838304785671,-15561.260166849614,-41539.35049098206,0.17696786962742106,0.1347162242018252,0.04225164542559587
115000.0,40000.0,296.69484123410905,-17007.61504827324,-43440.99165204978,0.1808637700439456,0.13681788287195976,0.04404588717198585
120000.0,40000.0,313.86198864482554,-18489.731717558723,-45369.454154013896,0.18427033317749722,0.13858924127518535,0.04568109190231187
125000.0,40000.0,330.72728787943333,-19939.240597159514,-47257.46081371449,0.18739417119027318,0.14008845402341513,0.04730571716685805
130000.0,40000.0,347.3261771102008,-21380.456117159694,-49130.24745371462,0.19023352618711034,0.14136189544574715,0.04887163074136319
135000.0,40000.0,363.688755988069,-22846.247913861414,-51021.466301240915,0.1927642896525743,0.14244686294010114,0.05031742671247316
140000.0,40000.0,379.8407544228368,-24333.94007664555,-52929.11042332902,0.19502862701911128,0.1433735898346993,0.05165503718441197
145000.0,40000.0,395.80429778677234,-25841.231566796254,-54851.454040942044,0.19706179403133905,0.14416676112263707,0.05289503290870198
150000.0,40000.0,409.86820418421894,-27546.08530146181,-56921.96934194121,0.1980573232994711,0.1442377481496128,0.0538195751498583
155000.0,40000.0,423.3282152661824,-29313.744148937607,-59039.58847754806,0.19871245046504046,0.14409852579037916,0.05461392467466131
160000.0,40000.0,436.60547946006983,-31100.40867277333,-61171.46187042486,0.19924775711234824,0.14390789363811535,0.05533986347423289
165000.0,40000.0,449.7168383483023,-32904.32734839714,-63316.27587714271,0.19968044328033677,0.14367597008006514,0.05600447320027163
170000.0,40000.0,462.67712574257234,-34723.95745939307,-65472.87346038966,0.20002502921171061,0.1434110449119821,0.056613984299728526
175000.0,40000.0,475.49945822046266,-36557.93488169246,-67640.2315271142,0.20029382153257477,0.14311993139464274,0.05717389013793203
180000.0,40000.0,488.195476630208,-38405.04896707896,-69817.44209115408,0.2004972893218141,0.14280824455328872,0.05768904476852538
185000.0,40000.0,500.77554795339256,-40295.221549467766,-72034.69652794568,0.20059645489199138,0.14248062251634028,0.0581158323756511
190000.0,40000.0,513.2489349150243,-42475.48930545806,-74539.27234493839,0.20022915565511254,0.1421409035575577,0.05808825209755483
195000.0,40000.0,525.6239391970731,-44665.988860124984,-77051.52201093858,0.19984312904739582,0.14179226846427653,0.058050860583119285
200000.0,40000.0,537.9080229270941,-46865.94415220281,-79570.86347999696,0.19944253490063168,0.1414373555966146,0.05800517930401708
205000.0,40000.0,550.1079121919686,-48904.65566865585,-81926.77211733675,0.19926656032365664,0.14107835431330198,0.058188206010354654
210000.0,40000.0,562.2296856048208,-50951.49123371922,-84288.77379113427,0.19907085325986765,0.14071708116637474,0.058353772093492906
215000.0,40000.0,574.2788503838851,-53005.87809669651,-86656.43893836724,0.19885862455400083,0.14035504230021068,0.058503582253790154
220000.0,40000.0,586.2604079504558,-54897.29610977316,-88859.37744817472,0.1988528978678319,0.1399934847514911,0.0588594131163408
225000.0,40000.0,598.0120084311371,-56582.62965978234,-90850.25261068161,0.19906362366117825,0.13959447863397645,0.0594691450272018
230000.0,40000.0,609.0709315850551,-58340.00165177486,-92895.156604676,0.19904028633641396,0.13905484818681998,0.05998543814959398
235000.0,40000.0,620.067837479494,-60103.8234387532,-94944.89794490975,0.19899788340353877,0.13852454653182486,0.06047333687171391
240000.0,40000.0,631.0066386449136,-61873.68811754958,-96999.17145400704,0.19893865663577914,0.13800384082340264,0.0609348158123765
245000.0,40000.0,641.890925279759,-63674.22230752563,-99082.69709648908,0.19883497666072436,0.13749290716311918,0.06134206949760518
250000.0,40000.0,652.7239977745572,-65580.08276806661,-101270.21744189481,0.19860298817027874,0.1369918466132165,0.06161114155706224
255000.0,40000.0,663.508895375802,-67490.9534175372,-103461.49542899776,0.19836468647417105,0.13650069851538077,0.06186398795879028
260000.0,40000.0,674.248421513776,-69406.54269918788,-105656.31239023576,0.19812121988120016,0.13601945158639822,0.062101768294801935
265000.0,40000.0,684.9451662386722,-71326.58124779869,-107854.46630169387,0.19787359767338772,0.1355480531747536,0.06232554449863412
270000.0,40000.0,695.6015261429984,-73250.81981774874,-110055.7702291564,0.19762270728307574,0.13508641699196275,0.06253629029111299
275000.0,40000.0,706.2197220928094,-75098.77743896842,-112179.80094507117,0.19745449170467977,0.13463442957584612,0.06282006212883365
280000.0,40000.0,716.8018150438725,-76880.73977205786,-114236.89769488825,0.19735445430326604,0.1341919556972155,0.06316249860605053
285000.0,40000.0,727.3497201798075,-78666.25763792061,-116296.66109428531,0.19724815324883926,0.13375884288434875,0.06348931036449051
290000.0,40000.0,737.865219576298,-80455.1457006856,-118358.95214135907,0.19713634295518329,0.13333492520943377,0.06380141774574952
295000.0,40000.0,748.3499735675782,-82247.23128559247,-120423.64133003922,0.19701970174564146,0.13292002645651127,0.06409967528913019
300000.0,40000.0,758.805530967736,-84042.35331597604,-122490.60785282688,0.19689883997780538,0.1325139627702552,0.06438487720755018
60000.0,45000.0,58.43437452421696,-2508.3188985230663,-24089.865711631894,0.062381184053772985,0.052603480978797905,0.00977770307497508
65000.0,45000.0,78.08481268279098,-4232.1733300313645,-26324.631535263117,0.0773743082179054,0.06469329965434216,0.012681008563563245
70000.0,45000.0,97.52428388555472,-5627.968324943926,-28225.85278144754,0.09072837931923868,0.074837122396093,0.015891256923145677
75000.0,45000.0,116.78005705861767,-6892.867914945382,-29991.40247394863,0.10264209536527563,0.08345559572107249,0.019186499644203145
80000.0,45000.0,135.87489565487056,-8174.504700935082,-31769.505063440905,0.1131746688139239,0.09085816797043965,0.022316500843484258
85000.0,45000.0,154.52726580350338,-9502.158205477273,-33582.12019184755,0.12230933934749687,0.0970883212723186,0.025221018075178264
90000.0,45000.0,173.6256516602217,-10783.426076378571,-35359.94609502352,0.13091472321223124,0.10287286229355463,0.02804186091867661
95000.0,45000.0,194.27875037730158,-11903.003809802263,-37016.504395091295,0.13986079700439114,0.10890534064529,0.03095545635910113
100000.0,45000.0,214.1962449603913,-13099.08437316092,-38730.439817610284,0.14752589056874635,0.1139295112509753,0.033596379317771055
105000.0,45000.0,233.4855082444316,-14360.500991620742,-40493.37728145515,0.1541403044239114,0.11814688440222688,0.03599342002168453
110000.0,45000.0,252.23398566097424,-15678.159340300299,-42298.49604296482,0.15988501559542465,0.12171195625970326,0.03817305933572139
115000.0,45000.0,270.5136131826033,-17044.57807805088,-44140.18509627775,0.16490381742030272,0.12474466926940667,0.04015914815089605
120000.0,45000.0,288.3841098102332,-18453.54642877738,-46013.78635932263,0.169312111438773,0.12733920136996135,0.04197291006881165
125000.0,45000.0,305.89546547095983,-19835.865440061796,-47851.40061778594,0.17332415353549674,0.12957026656422005,0.04375388697127669
130000.0,45000.0,323.08984473777366,-21215.149996313165,-49677.73903497447,0.17695907907399575,0.1314976983059722,0.04546138076802356
135000.0,45000.0,340.0030603754957,-22623.675569990082,-51526.008215232156,0.18021026862632467,0.13316982871505662,0.04704043991126805
140000.0,45000.0,356.6657260018806,-24058.258344846035,-53393.82029637412,0.18312944579266352,0.13462601080178996,0.04850343499087356
145000.0,45000.0,371.4768370823931,-25685.402792472734,-55406.05363209415,0.18494971470971808,0.1353057880718139,0.04964392663790418
150000.0,45000.0,385.6502204138408,-27378.87092600217,-57468.02973224122,0.1863546613405667,0.1357151367147595,0.0506395246258072
155000.0,45000.0,399.58817784294723,-29096.82335337512,-59548.36905277093,0.18756875429648584,0.13601755156865003,0.05155120272783581
160000.0,45000.0,413.3130933643826,-30836.932139145836,-61645.32564209897,0.1886181248569313,0.13623057766631103,0.052387547190620276
165000.0,45000.0,426.84460048810644,-32597.155398278548,-63757.36808644851,0.18952485601900323,0.13636872542688516,0.05315613059211807
170000.0,45000.0,440.19999211346345,-34375.69466924142,-65883.14753967067,0.19030769273534556,0.1364440499147618,0.05386364282058376
175000.0,45000.0,453.394559229754,-36170.9596891472,-68021.4713046,0.1909826128300239,0.13646660808934274,0.05451600474068116
180000.0,45000.0,466.44187245665387,-37981.53911354962,-70171.28087290181,0.19156328874507172,0.13644482216728923,0.05511846657778249
185000.0,45000.0,479.3540173708675,-39837.17604247141,-72362.63356959315,0.1920155984368858,0.13638577019153175,0.055629828245354035
190000.0,45000.0,492.14179223345843,-41984.74745676195,-74842.68713031105,0.19199481736443175,0.1362954197617213,0.05569939760271045
195000.0,45000.0,504.8148749447312,-44144.246854789584,-77331.68667883179,0.1919314868967571,0.13617881708786922,0.05575266980888788
200000.0,45000.0,517.3819646727335,-46314.76952307734,-79828.95368004759,0.19183199756844813,0.13604024070600382,0.05579175686244431
205000.0,45000.0,529.8509025270758,-48325.49998622574,-82163.8765274089,0.19192882794623606,0.1358833270768378,0.056045500869398246
210000.0,45000.0,542.2287748081034,-50345.70126899888,-84505.90248948876,0.19198905292057425,0.13571117368755595,0.0562778792330183
215000.0,45000.0,554.5220016978002,-52374.7056724704,-86854.5307920924,0.192017314356681,0.1355264240580437,0.056490890298637325
220000.0,45000.0,566.574934191284,-54258.70069314809,-89051.90205760066,0.19217580787535318,0.13529277831940437,0.056883029555948816
225000.0,45000.0,577.9402318838979,-55984.20973311624,-91072.90883757678,0.1923822184109842,0.13490910586074362,0.057473112550240596
230000.0,45000.0,589.2286994770565,-57717.709103427755,-93099.9083653104,0.19255597826074922,0.13452473776719295,0.05803124049355626
235000.0,45000.0,600.4452881294094,-59458.68388358304,-95132.51445042688,0.19270043407360565,0.13414082496747473,0.05855960910613092
240000.0,45000.0,611.5945325228766,-61206.662466662456,-97170.37338773644,0.19281856521695911,0.13375833049237726,0.059060234724581856
245000.0,45000.0,622.6805937517031,-62986.21209886449,-99238.16061188796,0.19288429926275208,0.1333780580114373,0.05950624125131479
250000.0,45000.0,633.7072970183784,-64871.934959130274,-101410.5777570873,0.1928168157479472,0.13300067582439612,0.05981613992355109
255000.0,45000.0,644.6781648555113,-66763.46470406846,-103587.35006579095,0.19273499261208435,0.1326267370847375,0.06010825552734686
260000.0,45000.0,655.5964464811581,-68660.46341500117,-105768.22409899047,0.19264052177536048,0.13225669688948116,0.06038382488587932
265000.0,45000.0,666.4651438026283,-70562.61889356829,-107952.9657079158,0.19253490969550843,0.1318909267545656,0.06064398294094284
270000.0,45000.0,677.2870345068505,-72469.64226032919,-110141.35823298649,0.19241949929168795,0.13152972690263154,0.06088977238905641
275000.0,45000.0,688.0646926111386,-74301.01581748319,-112252.95090085198,0.19237846223956712,0.13117333671517947,0.061205125524387644
280000.0,45000.0,698.8005067943677,-76066.9911424274,-114298.05739456015,0.1923982191323095,0.1308219436403102,0.061576275491999316
285000.0,45000.0,709.496696783292,-77837.08738357926,-116346.25457542404,0.1924066364417654,0.13047569079773658,0.06193094564402882
290000.0,45000.0,720.155328030555,-79611.08973386392,-118397.38133813754,0.1924047698157616,0.13013468348225926,0.06227008633350234
295000.0,45000.0,730.7783248886212,-81388.79806062502,-120451.28758320835,0.19239357613037186,0.1297989947336705,0.06259458139670138
300000.0,45000.0,741.3674824564213,-83170.02567357381,-122507.83329291995,0.19237392366759395,0.12946867011369376,0.0629052535539002
60000.0,50000.0,38.000206582795556,-1984.5876768519156,-24359.288467273273,0.04056683930004863,0.03420834329868723,0.006358496001361402
65000.0,50000.0,57.6859326251157,-3704.7721684506178,-26591.3018359723,0.05716104037932478,0.0477928190763179,0.009368221303006886
70000.0,50000.0,77.16674055298074,-5096.268143952657,-28489.29881759883,0.0717894357054298,0.059215372598356034,0.012574063107073763
75000.0,50000.0,96.46802336517493,-6356.434731484464,-30251.298758247685,0.0847891352628624,0.06893982209594161,0.015849313166920787
80000.0,50000.0,115.3866209697893,-7656.400580604568,-32043.14814508776,0.09610931107526902,0.07715786598463355,0.01895144509063547
85000.0,50000.0,133.34966307119407,-9055.744202058479,-33909.530861178195,0.10554712857722275,0.08378259242789246,0.021764536149330285
90000.0,50000.0,150.98182903771522,-10489.498941540274,-35801.721915789545,0.11384115290308404,0.08945644125109603,0.02438471165198801
95000.0,50000.0,168.3183064794091,-11954.005287604108,-37716.97667533741,0.12117193696645241,0.09435289483990851,0.0268190421265439
100000.0,50000.0,185.38946436998583,-13446.104866984126,-39652.92635987243,0.12768545890383132,0.09860738254612396,0.029078076357707358
105000.0,50000.0,204.3823053868011,-14738.34940123534,-41438.98476056084,0.13492722099995122,0.1034202627390298,0.031506958260921425
110000.0,50000.0,224.03497243263763,-15961.972028468343,-43173.576730985595,0.14201034395681303,0.10810491969950223,0.0339054242573108
115000.0,50000.0,243.13860533776457,-17242.694206335138,-44950.99336438569,0.14821614228848812,0.11212095595725372,0.0360951863312344
120000.0,50000.0,261.7631364423762,-18573.242971455533,-46765.779938225984,0.15368277176248799,0.11558441539862406,0.038098356363863925
125000.0,50000.0,279.9671051147542,-19883.530229528224,-48549.37038178051,0.15863282391940178,0.11858761091172672,0.040045213007675065
130000.0,50000.0,297.79988705136634,-21196.420908120548,-50325.913390724745,0.1631075523395693,0.12120467523458134,0.04190287710498797
135000.0,50000.0,315.3034198334581,-22543.553498783003,-52128.13783372159,0.16711883100179722,0.12349566020412026,0.04362317079767697
140000.0,50000.0,330.9966817277261,-24078.954261779138,-54071.563405968685,0.16994971612071724,0.12493704777620973,0.04501266834450751
145000.0,50000.0,346.0065612317693,-25685.426793358653,-56068.29280465333,0.17226865419151985,0.12602855890877254,0.04624009528274731
150000.0,50000.0,360.7164382705895,-27323.099581321352,-58088.42239562535,0.17430610987789957,0.1269406268784728,0.04736548299942678
155000.0,50000.0,375.15577028820724,-28988.909051489107,-60129.65449825117,0.17610005601255455,0.1277008984773034,0.04839915753525115
160000.0,50000.0,389.3502803603435,-30680.18000398694,-62189.98271262454,0.17768253891086885,0.12833228479715184,0.04935025411371702
165000.0,50000.0,403.3225307807623,-32394.565960263382,-64267.647179831874,0.1790807345062665,0.12885387186724118,0.050226862639025316
170000.0,50000.0,417.0923940773944,-34130.00017741365,-66361.09784269458,0.18031779326763586,0.1292816366564013,0.05103615661123456
175000.0,50000.0,430.67744223778806,-35884.6551687327,-68468.96408618387,0.18141352058846383,0.12962901412542532,0.051784506463038504
180000.0,50000.0,444.0932702476749,-37656.909055704455,-70590.02950141268,0.18238492807290624,0.12990734936702086,0.052477578705885375
185000.0,50000.0,457.35376652193753,-39476.31744318115,-72754.2107920202,0.1832029230874883,0.1301262604185767,0.05307666266891162
190000.0,50000.0,470.47134012745954,-41589.58978820687,-75208.54005078948,0.18354072027299384,0.13029393114030324,0.0532467891326906
195000.0,50000.0,483.4571126431204,-43716.56944657813,-77673.14979456793,0.18381122880058975,0.13041734897305648,0.05339387982753327
200000.0,50000.0,496.3210809154034,-45856.2167462607,-80147.26026932985,0.1840231606209115,0.13050249897656285,0.053520661644348655
205000.0,50000.0,509.07225573345596,-47837.594565183244,-82460.16863352177,0.18440214203065533,0.1305545229830725,0.05384761904758284
210000.0,50000.0,521.7187804802194,-49829.85599151984,-84781.23970327422,0.18472699939379422,0.13057785075841535,0.05414914863537887
215000.0,50000.0,534.1122311032954,-51848.437126719946,-87122.0505546743,0.18494991338035593,0.13053823023336353,0.05441168314699241
220000.0,50000.0,545.8215215342509,-53768.17092190057,-89346.22590105976,0.18513648509057673,0.13033705809858862,0.054799426991988115
225000.0,50000.0,557.4368153672116,-55467.68036327265,-91347.73298208883,0.18555713073431085,0.13012297498291914,0.05543415575139171
230000.0,50000.0,568.9643029964889,-57176.321649827805,-93356.08894700519,0.18593370970586984,0.129898244480328,0.05603546522554184
235000.0,50000.0,580.409642913324,-58893.50629847696,-95370.85243349205,0.18627041021229374,0.12966481685953518,0.056605593352758554
240000.0,50000.0,591.7780176335164,-60618.69532757696,-97391.61920531705,0.18657097508104822,0.1294243742406035,0.05714660084044473
245000.0,50000.0,603.074182713696,-62376.394159238276,-99443.01832906305,0.18681093052110237,0.12917836870834304,0.05763256181275933
250000.0,50000.0,614.3025098325578,-64241.148138876655,-101599.70881379183,0.1869125610659501,0.1289280545652032,0.05798450650074691
255000.0,50000.0,625.4670247588813,-66112.53858653901,-103761.3766495386,0.18699157031791752,0.12867451570422142,0.0583170546136961
260000.0,50000.0,636.571440900621,-67990.17930779807,-105927.73219048289,0.187050212338076,0.12841868890470468,0.05863152343337133
265000.0,50000.0,647.6191890236692,-69873.71350300105,-108098.50783688512,0.18709050763602564,0.1281613837102145,0.05892912392581115
270000.0,50000.0,658.6134436409559,-71762.81102280322,-110273.45597673675,0.1871142700146953,0.12790329943282033,0.05921097058187497
275000.0,50000.0,669.5571464991432,-73576.91592555176,-112372.09715379815,0.18720387139209607,0.12764503973381916,0.05955883165827691
280000.0,50000.0,680.4530275286269,-75326.24429848547,-114404.71843349843,0.1873466739459889,0.12738712515476663,0.059959548791222256
285000.0,50000.0,691.3036235708387,-77080.28231009541,-116440.8719422059,0.18747290237476086,0.1271300039102701,0.06034289846449076
290000.0,50000.0,702.1112951531865,-78838.78446553127,-118480.37355878278,0.18758392373271934,0.12687406120281097,0.06070986252990837
295000.0,50000.0,712.8782415450407,-80601.52204077842,-120523.05174021816,0.1876809828168961,0.1266196272777463,0.06106135553914979
300000.0,50000.0,723.6065142968155,-82368.28167459383,-122568.74646557971,0.18776521447296127,0.1263669844018565,0.06139823007110476
60000.0,55000.0,17.8475813646767,-669.3515380736208,-24225.638653555216,0.01905305339690389,0.016066654507360785,0.0029863988895431036
65000.0,55000.0,37.55342404734381,-2387.443899076243,-26456.082924307182,0.03721172026986572,0.031113027379738038,0.006098692890127679
70000.0,55000.0,57.0611510754793,-3776.1402881501563,-28351.980216112617,0.0530848887364688,0.04378696440477132,0.009297924331697481
75000.0,55000.0,76.24597613607523,-5048.4184818481735,-30123.06386138613,0.06701526742574962,0.05448835631735352,0.0125269111083961
80000.0,55000.0,94.67516682084783,-6399.282650631823,-31953.086987973868,0.07885805982194598,0.0633083261494276,0.015549733672518384
85000.0,55000.0,112.73921783262023,-7788.121345407504,-33811.59100905563,0.0892338266645801,0.07083320437987835,0.018400622284701754
90000.0,55000.0,130.476960598247,-9210.896097782315,-35695.54707333674,0.09838036614382431,0.07730734641890574,0.021073019724918568
95000.0,55000.0,147.9219089193016,-10664.121472392639,-37602.34110429448,0.10648862027208919,0.08291944357513348,0.023569176696955713
100000.0,55000.0,165.10313909383876,-12144.773534240776,-39529.70515068059,0.11371342030304127,0.08781722549076977,0.025896194812271497
105000.0,55000.0,182.0460008360347,-13650.215913052387,-41475.661934789285,0.12018144594501291,0.09211778486117515,0.02806366108383776
110000.0,55000.0,198.7726957658108,-15178.139640355686,-43438.479730266765,0.12599719851066205,0.09591496399374709,0.030082234516914955
115000.0,55000.0,215.3027513823621,-16726.51385623435,-45416.63539217576,0.13124753755028082,0.09928472803273056,0.03196280951755026
120000.0,55000.0,233.99906854125456,-18049.59687170953,-47225.82265378215,0.13738231414864216,0.10332488336117351,0.034057430787468645
125000.0,55000.0,252.94220681081651,-19283.010491675086,-48951.757868756315,0.14332018234198826,0.10714048706593512,0.036179695276053137
130000.0,55000.0,271.4563040509786,-20525.04437869822,-50675.158284023666,0.14867894598383086,0.11048282623157452,0.03819611975225634
135000.0,55000.0,288.19174173721797,-21952.05885932933,-52537.29414449699,0.15274895213294806,0.11287676305576311,0.039872189077184955
140000.0,55000.0,304.18321253961625,-23456.445895879908,-54457.45942190993,0.15618238330957032,0.11481611344081215,0.041366269868758174
145000.0,55000.0,319.79541772004575,-25000.27655711525,-56407.20741783644,0.15921873282150042,0.11648147797373552,0.0427372548477649
150000.0,55000.0,335.0668577544651,-26579.546793535636,-58383.53509515173,0.16191166891146988,0.11791421864075272,0.043997450270717164
155000.0,55000.0,350.03099260196234,-28190.776769395918,-60383.83257704694,0.16430635561324664,0.11914856651633919,0.045157789096907444
160000.0,55000.0,364.71704044795257,-29830.927793412935,-62405.8208450597,0.16644099927416084,0.12021301503063773,0.046227984243523104
165000.0,55000.0,379.15062922627,-31497.33456046792,-64447.50092035094,0.16834807874212657,0.12113140940113318,0.04721666934099339
170000.0,55000.0,393.3543316343655,-33187.64951002598,-66507.11213251948,0.17005533080858162,0.1219238051369007,0.04813152567168093
175000.0,55000.0,407.3481072445648,-34899.79684656527,-68583.09763492395,0.17158654480789454,0.12260714950289048,0.04897939530500406
180000.0,55000.0,421.14967000327147,-36631.93431965978,-70674.07573974483,0.17296220730531778,0.12319582615248373,0.04976638115283405
185000.0,55000.0,434.7747954066026,-38413.42127771332,-72809.81595828499,0.17415842884379892,0.12370209319747508,0.05045633564632385
190000.0,55000.0,448.2375785970276,-40490.79182590914,-75237.21886943185,0.1748668643807988,0.12413643769330349,0.050730426687495306
195000.0,55000.0,461.55065229224095,-42583.73216160695,-77676.29912120521,0.17548235475889384,0.1245078641198384,0.050974490639055445
200000.0,55000.0,474.72537165510414,-44691.06134786917,-80126.17101090187,0.17601602405802202,0.12482413040829178,0.051191893649730244
205000.0,55000.0,487.771971811109,-46641.714931644674,-82416.0361987335,0.17668650257691446,0.12509194203200602,0.051594560544908435
210000.0,55000.0,500.54985153273014,-48620.31544059608,-84726.86158044706,0.17723163432134906,0.12527960705272312,0.05195202726862594
215000.0,55000.0,512.6451451445662,-50669.90490496511,-87090.92867872384,0.1775163901292702,0.1252916261562926,0.052224763972977595
220000.0,55000.0,524.6265581794263,-52561.33794933965,-89293.87846200474,0.17794739330448164,0.125275899714049,0.05267149359043263
225000.0,55000.0,536.5017588810787,-54233.81707636782,-91275.11280727587,0.17858836063115838,0.12523608600050318,0.0533522746306552
230000.0,55000.0,548.2777421433523,-55916.61481709138,-93264.08611281854,0.17917348067177585,0.12517536832622503,0.053998112345550825
235000.0,55000.0,559.9609018312375,-57609.066209551296,-95260.29965716347,0.1797078118196029,0.12509652220800616,0.05461128961159675
240000.0,55000.0,571.5570939768328,-59310.56222640938,-97263.29666980704,0.1801958862280465,0.1250019720680814,0.05519391415996511
245000.0,55000.0,583.0716921657374,-61045.54401476332,-99297.65801107249,0.1806148704357751,0.12489383925383642,0.05572103118193868
250000.0,55000.0,594.5096362170949,-62888.49783342214,-101437.99837506661,0.1808902241242872,0.12477398283563769,0.05611624128864952
255000.0,55000.0,605.8754750859117,-64738.950591065164,-103583.96294329887,0.18113441959167048,0.12464403437383254,0.056490385217837946
260000.0,55000.0,617.173404772165,-66596.46590369486,-105735.22442777114,0.1813502915693467,0.12450542763206879,0.05684486393727792
265000.0,55000.0,628.4073019017942,-68460.64060221339,-107891.48045166004,0.18154039149493914,0.12435942404170017,0.05718096745323897
270000.0,55000.0,639.5807535453149,-70331.10163128725,-110052.45122346544,0.18170701945209786,0.1242071345825293,0.05749988486956856
275000.0,55000.0,650.6970837568233,-72127.25328929037,-112137.62746696777,0.18193071916226675,0.12404953863176524,0.05788118053050151
280000.0,55000.0,661.7593772466499,-73859.27476634842,-114157.26857476131,0.1821998187443041,0.1238875002405848,0.058312318503719304
285000.0,55000.0,672.7705005424475,-75596.61794358544,-116180.90095768908,0.1824469510478256,0.1237217822219493,0.058725168825876306
290000.0,55000.0,683.7331209441926,-77339.00542180397,-118208.31656635298,0.18267380470605651,0.12355305837108886,0.05912074633496765
295000.0,55000.0,694.6497235368367,-79086.178752169,-120239.32156412676,0.1828819218052141,0.12338192408873876,0.059499997716475336
300000.0,55000.0,705.5226264889179,-80837.89684515254,-122273.73513386441,0.18307271239390724,0.12320890563474339,0.05986380675916385
60000.0,60000.0,2.0598924582931204,-1456.2288156624854,23573.328388253136,0.00219902294870134,0.0018378012461609063,0.0003612217025404335
65000.0,60000.0,17.654278785783646,-689.4550062784983,-26124.466254708874,0.017493640071664037,0.014626577287310394,0.002867062784353643
70000.0,60000.0,37.10533130236104,-2084.0455445544503,-28024.784158415838,0.03451967488545977,0.02847348485512623,0.006046190030333538
75000.0,60000.0,56.000670570501484,-3386.4302606678393,-29818.44769550088,0.049220957019498454,0.040020269221951475,0.009200687797546979
80000.0,60000.0,74.49660662752513,-4730.352910737391,-31643.264683053043,0.0620506734683855,0.04981512711063354,0.01223554635775196
85000.0,60000.0,92.63561471708482,-6111.396069423179,-33495.922052067384,0.0733216936000367,0.05820226143357512,0.015119432166461576
90000.0,60000.0,110.45435346861728,-7525.747239263801,-35373.560429447854,0.08328320713939097,0.0654439904786484,0.017839216660742563
95000.0,60000.0,127.98462760691456,-8970.09872888089,-37273.699046660666,0.0921358202410211,0.07174335556422273,0.020392464676798366
100000.0,60000.0,145.2541655821878,-10441.566779452463,-39194.17508458935,0.1000426041095863,0.07725969283451746,0.022782911275068846
105000.0,60000.0,162.28725234330523,-11937.625756296264,-41133.0943172222,0.10713729802078105,0.08211958586520446,0.02501771215557659
110000.0,60000.0,179.10524778747947,-13456.054230102134,-43088.7906725766,0.11353047948983888,0.08642471405060069,0.02710576543923819
115000.0,60000.0,195.72701427939256,-14994.890514943167,-45059.792886207375,0.11931426092469052,0.09025757105573068,0.029056689868959845
120000.0,60000.0,212.1692713176127,-16552.395782968284,-47044.79683722621,0.12456590390104844,0.09368569434220866,0.030880209558839772
125000.0,60000.0,228.44689143210638,-18063.023291060934,-48978.6424682957,0.12944083373162765,0.09676483622616999,0.03267599750545766
130000.0,60000.0,243.70099428435344,-19644.096594427247,-50956.322445820435,0.13347712476997692,0.0991864038601357,0.03429072090984121
135000.0,60000.0,259.9339077089943,-21123.37359826459,-52857.65519869844,0.13777158147222415,0.10180894821538748,0.03596263325683667
140000.0,60000.0,276.60198667509434,-22557.393385790194,-54725.04503934264,0.14202084706253115,0.10440538389640912,0.037615463166122035
145000.0,60000.0,292.8434065472226,-24035.785719088854,-56625.714289316646,0.1457999505996599,0.10666454526670292,0.039135405332956966
150000.0,60000.0,308.70147886546744,-25554.04619799138,-58556.284648493536,0.14917133844127745,0.10863591200159921,0.04053542643967824
155000.0,60000.0,324.21384478421226,-27108.260142441926,-60513.820106831445,0.1521876530985619,0.11036055568575735,0.041827097412804534
160000.0,60000.0,339.41337362720947,-28695.0091427702,-62495.75685707765,0.1548935059468072,0.11187276836676865,0.04302073758003855
165000.0,60000.0,354.3288958246295,-30311.294834238535,-64499.8461256789,0.15732688872658349,0.11320133802856121,0.04412555069802228
170000.0,60000.0,368.9858047843767,-31954.476302424824,-66524.10722681863,0.15952030535818282,0.11437055535625991,0.04514975000192291
175000.0,60000.0,383.4065542500841,-33622.21835799125,-68566.78876849344,0.16150168548831598,0.11540101422173818,0.0461006712665778
180000.0,60000.0,397.61107172344316,-35312.44854076192,-70626.33640557143,0.1632951264423062,0.11631025252367772,0.04698487391862849
185000.0,60000.0,411.61710402486256,-37054.3211814143,-72732.36588606072,0.16488211570581757,0.11711326852822686,0.04776884717759071
190000.0,60000.0,425.44050764216286,-39094.18720521507,-75131.6404039113,0.16597324968784674,0.11782293942072213,0.048150310267124616
195000.0,60000.0,439.0954938920929,-41151.56863522233,-77544.05147641675,0.16694486477166937,0.11845036252821498,0.04849450224345439
200000.0,60000.0,452.5948368918353,-43225.136963249126,-79968.60272243684,0.1678105878797795,0.11900513500119049,0.04880545287858902
205000.0,60000.0,465.80644402055896,-45158.62982186186,-82245.5973663964,0.16872989066221586,0.11945875544509413,0.04927113521712173
210000.0,60000.0,478.33474208162227,-47163.18682351129,-84575.89011763348,0.16936584404573243,0.11971952113091949,0.04964632291481294
215000.0,60000.0,490.7261319511832,-49181.98227707695,-86916.86170780772,0.16992637560530952,0.1199345700469136,0.04999180555839591
220000.0,60000.0,502.9900441268105,-51044.03541081172,-89097.77655810879,0.17060853251706803,0.12010930316578566,0.05049922935128237
225000.0,60000.0,515.135062425499,-52688.45350774811,-91057.96513081109,0.17147590810152674,0.12024843891349565,0.05122746918803109
230000.0,60000.0,527.1690169176461,-54344.42224056482,-93026.81668042362,0.17227529115846707,0.120356109304884,0.051919181853583074
235000.0,60000.0,539.09906488315,-56011.197252152386,-95003.77293911428,0.17301263889553326,0.12043594101288774,0.05257669788264552
240000.0,60000.0,550.9317615528261,-57688.0967985061,-96988.32259887957,0.17369329865795397,0.12049112397481097,0.05320217468314299
245000.0,60000.0,562.6731221078273,-59399.49530078597,-99004.99647558949,0.17429611900677025,0.1205244696479174,0.053771649358852855
250000.0,60000.0,574.3286761719899,-61219.81767811306,-101128.3632585848,0.1747498049229586,0.12053846063569959,0.05421134428725902
255000.0,60000.0,585.9035158366028,-63048.5343529933,-103258.02576474498,0.17516354043334326,0.12053529309357085,0.05462824733977241
260000.0,60000.0,597.4023380957894,-64885.15683803789,-105393.61762852842,0.17554075946917252,0.12051691307157342,0.05502384639759911
265000.0,60000.0,608.829482437004,-66729.23382655159,-107534.80036991369,0.17588456127224913,0.12048504774902274,0.05539951352322639
270000.0,60000.0,620.1889642199272,-68580.34772112756,-109681.26079084567,0.1761977476038956,0.12044123235175833,0.05575651525213726
275000.0,60000.0,631.4845043841788,-70357.8615440454,-111752.45865803404,0.17655900555007906,0.12038683340901768,0.05617217214106138
280000.0,60000.0,642.7195559484367,-72071.91618136258,-113758.62463602194,0.1769576535272551,0.12032306889776467,0.05663458462949042
285000.0,60000.0,653.8973276981184,-73791.92791939568,-115769.25843954676,0.1773287824609596,0.12025102573277417,0.05707775672818542
290000.0,60000.0,665.0208054035731,-75517.58623802838,-117784.12717852127,0.17767441273577309,0.1201716749870929,0.057502737748680186
295000.0,60000.0,676.092770864009,-77248.60183014307,-119803.0138726073,0.1779963930953259,0.12008588516664778,0.05791050792867811
300000.0,60000.0,687.1158190327292,-78984.70482059615,-121825.71611544711,0.17829641743043198,0.11999443381235447,0.05830198361807751
65000.0,65000.0,2.0353135313531254,-1453.672607260727,25458.995544554455,0.002016793933216379,0.0016724022443328887,0.0003443916888834903
70000.0,65000.0,17.326174320155133,-373.57787070386985,-27683.808403027902,0.01611881321492203,0.013295570873148971,0.0028232423417730596
75000.0,65000.0,36.25399542243008,-1672.5844760672771,-29474.938357050458,0.03186491040720666,0.025908522922961412,0.0059563874842452486
80000.0,65000.0,54.794268835922765,-3011.8960410640284,-31296.29703079802,0.0456399484137111,0.03664037317355053,0.008999575240160568
85000.0,65000.0,72.98679801793293,-4387.373006134978,-33144.77975460123,0.05776952695205315,0.045857057379204876,0.011912469572848278
90000.0,65000.0,90.86611611999041,-5795.423923520997,-35017.692942640744,0.06851356540621331,0.053837997792255385,0.014675567613957927
95000.0,65000.0,108.46233032834078,-7232.917645852554,-36912.68823438941,0.07808176620044607,0.06079989195241388,0.017281874248032195
100000.0,65000.0,125.80180892079949,-8697.111872236856,-38827.70890417764,0.08664495448849766,0.06691311795631903,0.019731836532178623
105000.0,65000.0,142.9077441925968,-10185.594603969941,-40760.94595297746,0.09434351347973509,0.07231328770790386,0.022030225771831224
110000.0,65000.0,159.80061665101653,-11696.235868294287,-42710.801901220715,0.10129374127936686,0.07710953626306428,0.02418420501630257
115000.0,65000.0,176.49858010752308,-13227.147668817604,-44675.8607516132,0.10759269852104217,0.08139056938022064,0.026202129140821526
120000.0,65000.0,193.01778295938522,-14776.650572223938,-46654.86292916795,0.1133219455107602,0.08522914230060147,0.028092803210158737
125000.0,65000.0,208.62600949961626,-16356.895012039917,-48640.92125902994,0.1182100769174113,0.08836916762226749,0.02984090929514381
130000.0,65000.0,223.8142623843222,-17944.816712030493,-50623.737534022875,0.12258499114170648,0.09109249588291501,0.03149249525879147
135000.0,65000.0,238.767300943568,-19557.20070186892,-52624.90052640169,0.12655274159798116,0.09351857166901822,0.033034169928962936
140000.0,65000.0,253.50267429438975,-21192.221873383474,-54643.041405037606,0.1301605421156865,0.09568638442051818,0.03447415769516833
145000.0,65000.0,268.0362281529621,-22848.232272091933,-56676.92420406895,0.1334490309493078,0.09762884105204414,0.035820189897263655
150000.0,65000.0,282.38230661344267,-24523.74011220195,-58725.43008415146,0.1364533360334819,0.09937386605600158,0.03707946997748031
155000.0,65000.0,297.7043268349571,-26097.750009164447,-60697.812506873335,0.13974394846850038,0.10133686598555791,0.03840708248294247
160000.0,65000.0,313.4392798981146,-27628.814890596084,-62637.98616794706,0.143040058928808,0.10331154480554472,0.03972851412326328
165000.0,65000.0,328.8573305758407,-29192.83762011258,-64602.878215084434,0.14601716445963717,0.10506365774952518,0.040953506710111984
170000.0,65000.0,343.9868135274277,-30786.871393147507,-66590.27854486063,0.14871271691643936,0.10662188731447893,0.042090829601960436
175000.0,65000.0,358.8527832543461,-32408.31054154801,-68598.232906161,0.15115894262972815,0.10801060828196846,0.04314833434775969
180000.0,65000.0,373.47747540819023,-34054.842557548225,-70625.00691816118,0.15338368548387163,0.1092506284806029,0.044133057003268736
185000.0,65000.0,387.8806923767178,-35755.40799282136,-72700.05599461602,0.15537398367354435,0.11035978641083213,0.04501419726271222
190000.0,65000.0,402.08012726286523,-37756.16676466202,-75070.00007349651,0.1568598761941376,0.11135343632255913,0.04550643987157847
195000.0,65000.0,416.09163744267596,-39776.4697059617,-77454.60227947128,0.1581987588389162,0.11224484419818613,0.04595391464073008
200000.0,65000.0,429.79242998259,-41829.08728181064,-79863.44046135798,0.15935603869669,0.11300947775679436,0.04634656093989563
205000.0,65000.0,442.8064197407217,-43783.132346964936,-82155.84926022371,0.16039855125765845,0.11356026625297158,0.04683828500468687
210000.0,65000.0,455.6568294203631,-45754.18974028225,-84461.01730521169,0.1613361872360371,0.11404360298155061,0.047292584254486486
215000.0,65000.0,468.3551915231466,-47741.06008159276,-86778.04506119457,0.1621798698084739,0.11446706190522654,0.04771280790324736
220000.0,65000.0,480.9119793764032,-49572.65414485405,-88936.11560864054,0.16311990272833574,0.11483726845379846,0.04828263427453727
225000.0,65000.0,493.3367260004725,-51187.98049595085,-90874.48537196314,0.1642197731454159,0.11516003372189657,0.04905973942351932
230000.0,65000.0,505.63812731937094,-52816.134758785425,-92822.47606908907,0.16523914116594365,0.115440467416305,0.04979867374963866
235000.0,65000.0,517.8241320690618,-54456.290264817595,-94779.4676986132,0.16618489144008475,0.1156830732741799,0.05050181816590485
240000.0,65000.0,529.9020203614962,-56107.689882404404,-96744.8924118033,0.16706321237077068,0.11589182996079223,0.051171382409978455
245000.0,65000.0,541.8784725399661,-57794.638855843514,-98743.22914188264,0.167854676234088,0.11607025989058606,0.05178441634350195
250000.0,65000.0,553.7596296972429,-59591.498511486745,-100848.99888361506,0.16849130346196434,0.11622148796538896,0.052269815496575375
255000.0,65000.0,565.5511470109547,-61397.6807108607,-102961.76053314553,0.16907893284293593,0.1163482918634364,0.05273064097949953
260000.0,65000.0,577.2582408714949,-63212.64294936454,-105081.1072120234,0.16962161603755352,0.11645314522321866,0.05316847081433486
265000.0,65000.0,588.8857306292982,-65035.88401455298,-107206.66301091474,0.1701230169679555,0.11653825483218215,0.05358476213577336
270000.0,65000.0,600.4380756647931,-66866.94013086152,-109338.08009814614,0.17058645447008852,0.11660559274050747,0.05398086172958105
275000.0,65000.0,611.9194083812097,-68625.13152835419,-111394.78614626564,0.1710887305555331,0.11665692406557648,0.0544318064899566
280000.0,65000.0,623.3335636339871,-70320.55938206533,-113386.98203654899,0.17162017829484189,0.11669383112630624,0.054926347168535644
285000.0,65000.0,634.6841050378516,-72022.60307606345,-115384.13980704758,0.17211839661416295,0.11671773444274479,0.05540066217141816
290000.0,65000.0,645.9743485313286,-73730.91775274184,-117386.00081455638,0.1725857478218692,0.1167299110508232,0.055855836771046
295000.0,65000.0,657.2073835265579,-75445.18211323797,-119392.32408492848,0.1730243966872315,0.11673151051147344,0.05629288617575805
300000.0,65000.0,668.3860919282489,-77165.0964394621,-121402.88482959657,0.17343632958253535,0.11672356893468969,0.05671276064784567
70000.0,70000.0,1.988615782664965,-1798.8160413971636,26996.387968952127,0.0018500406243595704,0.0015143814172950939,0.00033565920706447655
75000.0,70000.0,16.952922954760652,87.6039872951078,-29096.67200952867,0.014900519647539471,0.012115221725682395,0.002785297921857076
80000.0,70000.0,35.51924256724874,-1248.9987730061257,-30915.999079754594,0.029585145178550928,0.02375135812840047,0.005833787050150457
85000.0,70000.0,53.7476046330662,-2620.7491181611113,-32761.686838620833,0.04254157983057868,0.03376921657869898,0.008772363251879696
90000.0,70000.0,71.67049507449383,-4024.2685122526455,-34631.20138418948,0.05403995858585774,0.04246462950496421,0.01157532908089353
95000.0,70000.0,89.31636549829392,-5456.59798817744,-36522.32349113308,0.0642986329686953,0.050067386118659005,0.014231246850036294
100000.0,70000.0,106.71024059771406,-6915.1349778377335,-38433.1012333783,0.07349579484875671,0.05675844391679075,0.016737350931965954
105000.0,70000.0,123.87421902264055,-8397.581221645378,-40361.81091623403,0.08177813678455338,0.06268206170621335,0.019096075078340033
110000.0,70000.0,140.82788889743358,-9901.89955466691,-42306.92466600018,0.0892673885861711,0.0679545137770178,0.021312874809153295
115000.0,70000.0,157.58867448666393,-11426.277853386942,-44267.08339004021,0.09606530961351104,0.07267045398625914,0.023394855627251895
120000.0,70000.0,173.5510247148792,-13033.693429652572,-46289.52007223943,0.1018928902018033,0.07663337934490777,0.025259510856895526
125000.0,70000.0,189.10361375151797,-14619.724169842142,-48279.91812738161,0.10714844606644548,0.08009993088428966,0.027048515182155827
130000.0,70000.0,204.40240443470668,-16196.149938790506,-50254.11245409288,0.11195295004902779,0.08319186179678742,0.02876108825224037
135000.0,70000.0,219.466332418129,-17797.001428514573,-52246.62607138593,0.1163227374360296,0.08595891420673306,0.030363823229296538
140000.0,70000.0,234.31249537075757,-19420.50048144121,-54256.12536108091,0.1203073754816481,0.08844291512499197,0.03186446035665613
145000.0,70000.0,248.95637069802575,-21065.03744740531,-56281.40308555398,0.12394961176422985,0.0906792417997348,0.03327036996449505
150000.0,70000.0,263.4120030306656,-22729.151684810786,-58321.36376360809,0.12728646846135255,0.09269797892311124,0.03458848953824131
155000.0,70000.0,277.69216626809913,-24411.5147081177,-60375.011031088274,0.1303501369484255,0.0945248399226333,0.03582529702579221
160000.0,70000.0,291.80850411621213,-26110.915571913938,-62441.43667893545,0.13316871337337888,0.09618190597375212,0.03698680739962676
165000.0,70000.0,305.7716523772615,-27826.248152764805,-64519.811114573604,0.1357668067611129,0.0976882229707896,0.038078583790323306
170000.0,70000.0,319.5913456976157,-29556.500047447975,-66609.37503558598,0.13816604431519539,0.09906028692851873,0.039105757386676654
175000.0,70000.0,333.6867942573505,-31258.073397235537,-68677.43004792665,0.14055831623213103,0.10043593168358124,0.040122384548549786
180000.0,70000.0,348.7488810575127,-32859.11637001869,-70670.08727751402,0.14322788443001405,0.10201695402325926,0.04121093040675479
185000.0,70000.0,363.56556046216815,-34516.68171193451,-72712.88628395088,0.14563403274697928,0.10344164684529089,0.04219238590168839
190000.0,70000.0,378.1564374591345,-36476.73050425001,-75052.2978781875,0.14752674389967135,0.10472792839881444,0.042798815500856915
195000.0,70000.0,392.40893671496264,-38471.970581643895,-77418.10293623293,0.14919455513969165,0.10585620089424404,0.043338354245447616
200000.0,70000.0,405.9678014043156,-40539.348653951194,-79838.0114904634,0.15052247586775055,0.10674503788871792,0.043777437979032635
205000.0,70000.0,419.33217988931426,-42456.95329151131,-82103.08996863349,0.15189543590931906,0.10754016173602977,0.044355274173289286
210000.0,70000.0,432.5161135489527,-44393.32419090893,-84382.2431431817,0.15314266389226308,0.10825185260461649,0.04489081128764659
215000.0,70000.0,445.5323238604565,-46347.13831851253,-86674.4787388844,0.15427687273876342,0.10888910173123148,0.04538777100753194
220000.0,70000.0,458.3923639282044,-48147.19415146674,-88808.89561360006,0.1554815039382848,0.10945979557808744,0.046021708360197366
225000.0,70000.0,471.10674960599897,-49732.3980409761,-90724.67353073208,0.15681995576282579,0.10997087042570589,0.0468490853371199
230000.0,70000.0,483.6850733485268,-51331.75237175322,-92651.06427881491,0.15806503069420566,0.11042844266048803,0.04763658803371763
235000.0,70000.0,496.1361033889724,-52944.345247546866,-94587.38393566015,0.15922456945325736,0.11083791899188261,0.04838665046137475
240000.0,70000.0,508.4678704028429,-54569.341478104354,-96533.00610857827,0.16030562736649648,0.11120409002602509,0.04910153734047139
245000.0,70000.0,520.6877434621532,-56230.97467993607,-98512.35600995205,0.16129054211772817,0.11153120998184231,0.04975933213588586
250000.0,70000.0,532.8024967928538,-58003.540333543206,-100599.9052501574,0.16211471974130437,0.11182306482470578,0.050291654916598594
255000.0,70000.0,544.8183686089669,-59786.389664667426,-102695.16724850057,0.1628805968204484,0.11208303068342912,0.05079756613701927
260000.0,70000.0,556.741113099281,-61578.924237674786,-104797.6931782561,0.1635928612744897,0.11231412408700445,0.05127873718748524
265000.0,70000.0,568.5760464786769,-63380.59116621759,-106907.06837466318,0.16425575858205826,0.1125190452911784,0.051736713290879865
270000.0,70000.0,580.3280878799127,-65190.87886048907,-109022.90914536681,0.16487314005067671,0.11270021574877676,0.05217292430189996
275000.0,70000.0,592.001795747916,-66929.06324221673,-111064.60993166253,0.16551989417862875,0.11285981060144168,0.05266008357718707
280000.0,70000.0,603.6014003033011,-68605.20436845667,-113042.3407763425,0.16618739304706445,0.11299978692620952,0.053187606120854936
285000.0,70000.0,615.1308325616469,-70288.64341358874,-115025.54506019157,0.16681579350743556,0.11312190835186106,0.053693885155574494
290000.0,70000.0,626.5937503274585,-71978.99996594433,-117013.93747445825,0.16740780996434468,0.11322776656227963,0.054180043402065045
295000.0,70000.0,637.9935615244833,-73675.91960145372,-119007.25220109028,0.16796593258093093,0.11331880012321574,0.054647132457715186
300000.0,70000.0,649.3334451754772,-75379.07170175038,-121005.2412763128,0.16849244885021747,0.11339631100174909,0.05509613784846838
75000.0,75000.0,1.9483128834355625,-2294.6245398773026,28383.281595092023,0.0017124406497130657,0.0013824609729088102,0.00032997967680425543
80000.0,75000.0,16.629093146142054,553.9256871987745,-30505.68073460092,0.013850918526339689,0.01111970633711469,0.0027312121892249987
85000.0,75000.0,34.878659820646874,-815.6193786527292,-32349.714533989547,0.027606686870484225,0.021914000177294928,0.0056926866931892965
90000.0,75000.0,52.83092207578818,-2216.0841041180247,-34216.93807808852,0.03983481400624934,0.031302218995727014,0.008532595010522323
95000.0,75000.0,70.51273700283144,-3644.675351705526,-36105.25651377914,0.050761946826528716,0.039526781123574176,0.01123516570295454
100000.0,75000.0,87.94782139426451,-5098.926574996498,-38012.81993124737,0.06057333394042059,0.046778842032872574,0.013794491907548015
105000.0,75000.0,105.15719768734397,-6576.651440516231,-39937.98858038717,0.0694217066650825,0.05321099100601267,0.016210715659069834
110000.0,75000.0,122.15956601394271,-8075.9051345499465,-41879.30385091246,0.0774339907688794,0.058946377572519776,0.018487613196359623
115000.0,75000.0,138.47603993014206,-9646.49184726522,-43874.118885448916,0.08441433810694163,0.06385685215465386,0.020557485952287763
120000.0,75000.0,154.39296511871356,-11258.631627653784,-45900.09872074034,0.09064507379669308,0.06817392570032527,0.022471148096367813
125000.0,75000.0,170.0375079258455,-12835.099175712065,-47883.32438178405,0.096345354728151,0.07202396803740482,0.024321386690746183
130000.0,75000.0,185.42999054186828,-14401.780983645702,-49850.210737734276,0.10156159623531616,0.075470081620622,0.026091514614694153
135000.0,75000.0,200.58876258855292,-15992.768690790486,-51835.326518092865,0.10631714535034938,0.07856509034531012,0.02775205500503926
140000.0,75000.0,215.53043478260872,-17606.334782608697,-53837.37608695652,0.11066375655333596,0.08135349299305808,0.029310263560277883
145000.0,75000.0,230.27008015312833,-19240.911664074665,-55855.183748056,0.11464614042963586,0.0838729943680667,0.030773146061569168
150000.0,75000.0,244.821407950379,-20895.073573160567,-57887.680179870425,0.11830308438189134,0.08615571596207268,0.03214736841981866
155000.0,75000.0,259.19691447425737,-22567.520894677233,-59933.890671007925,0.1216683702402667,0.0882291610108493,0.0334392092294174
160000.0,75000.0,273.408014318703,-24257.06651085487,-61992.92488314115,0.12477152988760076,0.0901169895830009,0.03465454030459986
165000.0,75000.0,287.465154935893,-25962.623886667134,-64063.96791500035,0.1276384708566172,0.09183964547852373,0.035798825378093466
170000.0,75000.0,301.377916942173,-27683.196638013993,-66146.2724785105,0.13029199691549784,0.09341486660423569,0.03687713031126215
175000.0,75000.0,315.1551021939433,-29417.869371829904,-68239.15202887243,0.13275224335723035,0.09485810304279278,0.037894140314437566
180000.0,75000.0,328.8048113385611,-31165.79962078965,-70341.97471559224,0.13503704262972432,0.09618286148829445,0.03885418114142987
185000.0,75000.0,342.3345122789477,-32957.21072298943,-72485.15804224208,0.13712947812844697,0.0974009905588917,0.03972848756955527
190000.0,75000.0,355.662718085445,-35048.57731911371,-74923.05798933528,0.13875147300995663,0.09849844134361828,0.040253031666338354
195000.0,75000.0,368.53862576562244,-37186.982920375274,-77396.23719028145,0.14011902171034016,0.09941694787311099,0.040702073837229166
200000.0,75000.0,381.6569678233419,-39300.175346372445,-79850.50650977934,0.14150864066121757,0.10035275543988684,0.041155885221330735
205000.0,75000.0,395.3837244663368,-41180.09265550098,-82087.31949162573,0.14322054461719774,0.10139844189426876,0.04182210272292898
210000.0,75000.0,408.9125944673913,-43080.59017539129,-84339.56763154347,0.14478527401441044,0.10234427000011719,0.04244100401429325
215000.0,75000.0,422.2575289631126,-45000.21698783629,-86606.16274087722,0.146217384396178,0.10320068952492834,0.04301669487124968
220000.0,75000.0,435.4311977822144,-46767.6554306497,-88716.11657298727,0.14769333614691532,0.10397688453865263,0.043716451608262694
225000.0,75000.0,448.44513324207895,-48321.706142823794,-90608.52960711785,0.14927645595375658,0.10468094902492371,0.044595506928832865
230000.0,75000.0,461.30985500511326,-49891.27507946821,-92512.58130960116,0.1507529597432529,0.10532003503743301,0.04543292470581989
235000.0,75000.0,474.0349788428821,-51475.362200340256,-94427.52165025519,0.15213167293505114,0.10590047816599589,0.04623119476905525
240000.0,75000.0,486.62931167686645,-53073.05158560589,-96352.66368920442,0.1534205436451315,0.10642790417050965,0.046992639474621845
245000.0,75000.0,499.10093487438894,-54708.50277306355,-98312.37707979766,0.1546037166576908,0.10690731992168617,0.04769639673600462
250000.0,75000.0,511.4572774588225,-56455.94314428246,-100381.08235821183,0.15562005376097862,0.10734319121364996,0.04827686254732866
255000.0,75000.0,523.70518063064,-58214.66121441343,-102458.24591081007,0.15656853236588072,0.10773950955354908,0.048829022812331646
260000.0,75000.0,535.8509547791481,-59984.00070296861,-104543.37552722645,0.157454495179981,0.10809984966293082,0.04935464551705018
265000.0,75000.0,547.9004299851401,-61763.35528154543,-106636.01646115907,0.15828278611455748,0.10842741912601152,0.049855366988545965
270000.0,75000.0,559.8590008652855,-63552.163910010306,-108735.74793250773,0.15905780434566003,0.10872510137656609,0.05033270296909394
275000.0,75000.0,571.731666484298,-65269.656685633,-110761.93001422475,0.15985249641936614,0.10899549301661325,0.050857003402752884
280000.0,75000.0,583.523065956379,-66925.8511405366,-112724.70085540245,0.16065929778392282,0.1092409362974745,0.05141836148644832
285000.0,75000.0,595.2375102695044,-68590.04893197154,-114693.47419897866,0.16142097314077747,0.10946354746012303,0.05195742568065444
290000.0,75000.0,606.8790107919631,-70261.83287763584,-116667.93715822688,0.16214059916319964,0.1096652415214623,0.052475357641737344
295000.0,75000.0,618.4513048577851,-71940.81429479037,-118647.79822109279,0.16282100077642409,0.10984775400187463,0.052973246774549454
300000.0,75000.0,629.957878774414,-73626.63060746096,-120632.78545559573,0.16346477523347822,0.11001266001353262,0.0534521152199456
80000.0,80000.0,1.913175433200081,-2790.970245052813,29769.77231621039,0.0015935467327631622,0.0012708231889837541,0.000322723543779408
85000.0,80000.0,16.3454786532825,1024.4297799413835,-31911.552665043964,0.012937553026685793,0.01026974155394483,0.0026678114727409635
90000.0,80000.0,34.31523340794871,-374.21572557333275,-33777.41179418,0.025873880043693655,0.020331709325159895,0.005542170718533759
95000.0,80000.0,52.02142376588847,-1800.271928347589,-35663.82894626069,0.037450095674747524,0.02916124828409944,0.008288847390648085
100000.0,80000.0,69.48650647725441,-3251.4033263655438,-37569.05249477416,0.047858256116784494,0.03695939545044422,0.010898860666340271
105000.0,80000.0,86.73045754122154,-4725.532415712951,-39491.52431178471,0.0572569116976357,0.043886806587360556,0.013370105110275143
110000.0,80000.0,103.40105514540494,-6259.290264877898,-41458.71769865842,0.06554342497179322,0.04989472242642309,0.01564870254537013
115000.0,80000.0,119.68231648590927,-7833.539085465425,-43456.27931409907,0.07295777330403308,0.05519031301893585,0.01776746028509723
120000.0,80000.0,135.67261141698418,-9438.048412633652,-45476.53630947524,0.07965423725508837,0.05990774594683586,0.019746491308252512
125000.0,80000.0,151.3936486656076,-11006.560538776801,-47453.7954040826,0.08578151351546574,0.06412685910048219,0.021654654414983557
130000.0,80000.0,166.86502980634828,-12565.036900139763,-49414.52767510482,0.0913934080105551,0.06791413504531879,0.023479272965236303
135000.0,80000.0,182.1044988671917,-14147.632117812056,-51393.34908835904,0.09652001550420165,0.0713253136474795,0.02519470185672215
140000.0,80000.0,197.1281572755912,-15752.671643338515,-53389.00373250389,0.10121513663978378,0.0744074226817655,0.026807713958018273
145000.0,80000.0,211.950649632659,-17378.632438203465,-55400.3493286526,0.10552532020564487,0.07720037110825045,0.028324949097394414
150000.0,80000.0,226.5853248323025,-19024.126217440527,-57426.344663080396,0.10949100827312941,0.07973821019517426,0.029752798077955153
155000.0,80000.0,241.04437626014442,-20687.884868944995,-59466.038651708746,0.1131474750563287,0.08205013985970196,0.031097335196626746
160000.0,80000.0,255.3389641741706,-22368.747725886264,-61518.5607944147,0.11652560104836389,0.08416131777247579,0.0323642832758881
165000.0,80000.0,269.47932285430545,-24065.650423152227,-63583.11281736417,0.11965251476921007,0.08609351446526188,0.03355900030394819
170000.0,80000.0,283.4748546875155,-25777.615112498403,-65658.9613343738,0.12255212746610691,0.08786564724106964,0.03468648022503727
175000.0,80000.0,297.33421300983196,-27503.74184697747,-67745.4313852331,0.12524558076048928,0.08949421798818771,0.035751362772301565
180000.0,80000.0,311.06537524214207,-29243.200974817213,-69841.90073111291,0.12775162311707358,0.09099367426808233,0.03675794884899125
185000.0,80000.0,324.5950452967094,-31034.61528914224,-71985.08646685668,0.13002355172518393,0.0923537587020906,0.037669793023093326
190000.0,80000.0,337.69341102126157,-33149.88525378879,-74440.91394034159,0.13174127009202055,0.09352196040298248,0.03821930968903807
195000.0,80000.0,350.6632762178938,-35278.51927333904,-76906.76445500428,0.13332278295475583,0.09459489512217259,0.03872788783258324
200000.0,80000.0,363.5116233965998,-37419.791166753625,-79382.09337506522,0.13478081111626766,0.09558162464666567,0.03919918646960199
205000.0,80000.0,376.2449381764517,-39403.026429649035,-81696.39482223678,0.13628786826728168,0.09649018950689218,0.03979767876038949
210000.0,80000.0,388.86925271283144,-41397.597717865545,-84019.19828839916,0.1376884499807114,0.097327742732462,0.04036070724824939
215000.0,80000.0,401.39018464836886,-43402.92079656964,-86350.06559742722,0.13899153690806176,0.09810066365416696,0.0408908732538948
220000.0,80000.0,413.8129721167877,-45248.45089985407,-88518.58817489055,0.1403606785735352,0.09881465508565677,0.04154602348787843
225000.0,80000.0,426.14250525855323,-46873.67945311045,-90464.38458983283,0.14185245462773793,0.09947482660324275,0.042377628024495184
230000.0,80000.0,438.5124722891304,-48494.702881930454,-92407.02716144784,0.14330292831308544,0.10011524454713995,0.04318768376594549
235000.0,80000.0,451.5207584307909,-50049.34112319775,-94299.88084239831,0.1449062018854661,0.10087075079651976,0.04403545108894634
240000.0,80000.0,464.3863441835666,-51618.820204909076,-96203.8651536818,0.14640796120667568,0.10156327239424583,0.04484468881242985
245000.0,80000.0,477.1180467766733,-53227.223135225984,-98143.29235141948,0.14779419985397593,0.10219858971011768,0.04559561014385825
250000.0,80000.0,489.7239716951491,-54948.7069437045,-100192.53020777839,0.1490073055209872,0.10278186713222161,0.0462254383887656
255000.0,80000.0,502.21158307597364,-56682.495360098736,-102250.99652007406,0.15014273947923287,0.10331772847379622,0.04682501100543665
260000.0,80000.0,514.5877659110959,-58427.872345246025,-104318.15425893452,0.1512065177540275,0.10381032195099775,0.04739619580302974
265000.0,80000.0,526.8588811486878,-60184.17636053648,-106393.50727040236,0.15220409956545305,0.10426337633668147,0.04794072322877159
270000.0,80000.0,539.0308146209119,-61950.79527942516,-108476.59645956887,0.15314044735503857,0.10468024962387557,0.048460197731163
275000.0,80000.0,551.1090205903554,-63646.91185860302,-110486.74639395226,0.15408653727774518,0.1050639713110912,0.04902256596665398
280000.0,80000.0,563.0985605932208,-65282.49969830504,-112434.06227372878,0.15503589250541708,0.10541727924010123,0.049618613265315845
285000.0,80000.0,575.0041381614242,-66926.81963121187,-114387.9272234089,0.15593393551418877,0.10574265176753073,0.050191283746658044
290000.0,80000.0,586.8301299248421,-68579.41648781643,-116347.99986586232,0.156784115418434,0.10604233592837113,0.05074177949006288
295000.0,80000.0,598.5806135264633,-70239.86619324783,-118313.96214493588,0.15758960127371108,0.10631837214745013,0.05127122912626095
300000.0,80000.0,610.2593927250596,-71907.77315659379,-120285.51736744534,0.15835330873231776,0.10657261597004035,0.05178069276227741
85000.0,85000.0,1.8822701869339085,-3287.756099441118,31155.93292541916,0.0014898291368859277,0.0011752323341885987,0.00031459680269732906
90000.0,85000.0,16.09502613751249,1498.3827183012909,-33314.83796127403,0.012135740725739861,0.009536271810202926,0.002599468915536935
95000.0,85000.0,33.81581526716491,73.84478778514313,-35200.11640916114,0.024343922664902574,0.018955870746114604,0.005388051918787971
100000.0,85000.0,51.30134906850037,-1375.159696875955,-37103.744772656966,0.035333379490887676,0.027286835149564453,0.008046544341323222
105000.0,85000.0,68.32607036066793,-2872.0886824905465,-39043.31651186791,0.04510687350436071,0.034573933077291,0.01053294042706971
110000.0,85000.0,84.97166785310498,-4408.446543277096,-41012.45990745782,0.05386148263986663,0.041001881225283573,0.012859601414583054
115000.0,85000.0,101.30771490812299,-5976.997649555211,-43005.74823716641,0.06175670320591302,0.04671704777431091,0.015039655431602107
120000.0,85000.0,117.35730678934686,-7575.340093907929,-45021.38007043095,0.06890120755386742,0.051820420103308625,0.01708078745055879
125000.0,85000.0,133.14129702414374,-9137.30510948904,-46993.72883211678,0.07543950536108435,0.056395583764421775,0.019043921596662572
130000.0,85000.0,148.67856295177478,-10688.929453015415,-48949.32208976156,0.08143252413069474,0.06051223563360797,0.02092028849708677
135000.0,85000.0,163.98623439805397,-12264.431622602395,-50922.823716951796,0.08691687456946957,0.06422888877029019,0.022687985799179383
140000.0,85000.0,179.07989131493895,-13862.191303246364,-52913.01847743477,0.09194828338774068,0.06759497654232474,0.024353306845415937
145000.0,85000.0,193.97373519034767,-15480.731540203851,-54918.79865515289,0.09657503080515377,0.07065250504257431,0.02592252576257946
150000.0,85000.0,208.68073820158583,-17118.70322703506,-56939.152420276296,0.1008391185518438,0.07343736218891248,0.027401756362931323
155000.0,85000.0,223.21277341244814,-18774.871565105394,-58973.153673829045,0.10477722859081233,0.07598036328878076,0.02879686530203157
160000.0,85000.0,237.58072876643786,-20448.10420829046,-61019.953156217845,0.10842151454070145,0.07830809244095464,0.03011342209974681
165000.0,85000.0,251.79460718108783,-22137.360853166872,-63078.770639875154,0.11180025849638656,0.08044358441311696,0.0313566740832696
170000.0,85000.0,265.86361468110294,-23841.684073165292,-65148.88805487397,0.1149384188975595,0.0824068808768112,0.032531538020748305
175000.0,85000.0,279.7962382053364,-25560.191226645024,-67229.64341998377,0.11785808970281124,0.08421548694564547,0.03364260275716577
180000.0,85000.0,293.5273725079737,-27299.653259170736,-69326.11494437806,0.12054893039121939,0.08586341087292497,0.03468551951829442
185000.0,85000.0,306.8481962769008,-29112.78758720233,-71485.59069040175,0.12291466828743201,0.08730442650849643,0.035610241778935584
190000.0,85000.0,320.0323121876795,-31219.13953248132,-73934.72964936099,0.12485130565794895,0.08863083569672213,0.036220469961226825
195000.0,85000.0,333.08714872329904,-33338.93653277689,-76393.95239958266,0.1266403089403087,0.08985356048645779,0.03678674845385091
200000.0,85000.0,346.01960573939743,-35471.46100310265,-78862.72075232699,0.12829521842498354,0.09098227937566325,0.03731293904932029
205000.0,85000.0,358.83610066519236,-37446.04553082,-81170.534148115,0.12998183431790716,0.09202559248480995,0.03795624183309722
210000.0,85000.0,371.5426099422141,-39432.06856600975,-83486.92642450731,0.13155353813100143,0.09299116168823825,0.03856237644276318
215000.0,85000.0,384.14470626384923,-41428.95054855969,-85811.46291141977,0.13301985240491684,0.09388582996052039,0.039134022444396455
220000.0,85000.0,396.6475921038914,-43266.150421195314,-87973.73781589649,0.1345383758693494,0.09471572339506233,0.03982265247428708
225000.0,85000.0,409.0561299584982,-44883.16248431617,-89913.37186323712,0.13616481669654165,0.09548633871649775,0.0406784779800439
230000.0,85000.0,421.37486967136397,-46509.513554178164,-91860.01016563363,0.1377024749746165,0.09620261860044137,0.04149985637417512
235000.0,85000.0,433.60807316512785,-48144.76039082672,-93813.32029312005,0.13915749789135096,0.0968690167061343,0.04228848118521665
240000.0,85000.0,445.7597368617777,-49788.487366375106,-95772.99052478133,0.1405355154805316,0.09748955399813446,0.04304596148239713
245000.0,85000.0,457.83361204013374,-51465.304347826095,-97763.72826086957,0.14182056791785855,0.09806786766607467,0.04375270025178388
250000.0,85000.0,469.8332233485082,-53249.84477175516,-99860.25857881637,0.142955188436194,0.09860725373388558,0.044347934702308425
255000.0,85000.0,481.76188566468534,-55041.76389087271,-101962.32291815453,0.1440290342316426,0.09911070427182524,0.04491832995981736
260000.0,85000.0,493.6227194728285,-56840.737174825845,-104069.6778811194,0.14504614652781075,0.09958093997837977,0.04546520654943098
265000.0,85000.0,505.4513999693203,-58643.054403190676,-106179.540802393,0.14601969893474512,0.10002691692318832,0.04599278201155679
270000.0,85000.0,517.8435291467918,-60386.77296873367,-108245.45472655026,0.1471210690788123,0.10056566049070514,0.04655540858810717
275000.0,85000.0,530.1338580660881,-62060.828761126846,-110239.05907084513,0.1482220167537659,0.10106524548487551,0.04715677126889038
280000.0,85000.0,542.3278842138263,-63675.150041762055,-112170.42503132153,0.14931717721154714,0.10152881575408969,0.04778836145745745
285000.0,85000.0,554.4307162374059,-65298.95551130979,-114108.90413348234,0.15035468062766927,0.10195922127408408,0.04839545935358519
290000.0,85000.0,566.4471077260961,-66931.750796486,-116054.1255973645,0.1513383587300479,0.1023590497830062,0.048979308947041694
295000.0,85000.0,578.3814875305181,-68573.07529682612,-118005.74397261959,0.15227173407279193,0.10273065455994229,0.04954107951284964
300000.0,85000.0,590.2379870274135,-70222.499349149,-119963.43701186175,0.15315804934673594,0.10307617887127223,0.05008187047546371
90000.0,90000.0,1.8548759429246502,-3784.90709806417,32541.819676451873,0.001398586950367314,0.0010925371418612864,0.0003060498085060276
95000.0,90000.0,15.87224059577909,1975.2130219610117,-34715.96523352924,0.011426387166171913,0.008897379489678245,0.002529007676493668
100000.0,90000.0,33.2510855759308,515.1128998968052,-36627.915325077396,0.022901409933091414,0.017686023996035367,0.005215385937056047
105000.0,90000.0,50.26101922030068,-983.3540010887373,-38568.64050081655,0.033180855041173525,0.025432768279316058,0.007748086761857467
110000.0,90000.0,66.94281839926174,-2515.9468864767696,-40534.96016485758,0.042433431544604265,0.0323023139152371,0.010131117629367165
115000.0,90000.0,83.32096491308613,-4080.1196490390575,-42524.96473677929,0.05079206559573844,0.038422636439648106,0.012369429156090336
120000.0,90000.0,99.41756424193915,-5673.5733188383165,-44536.92998912874,0.05836867269482709,0.04389892786064362,0.014469744834183465
125000.0,90000.0,115.25262703635781,-7230.226788218773,-46505.29509116408,0.06530356372907872,0.048818355591953716,0.016485208137125007
130000.0,90000.0,130.84431152051678,-8776.191601866245,-48456.643701399684,0.07166455165910274,0.053253688042538376,0.01841086361656436
135000.0,90000.0,146.20913299721883,-10345.750168289233,-50425.687626216924,0.07749455873706539,0.05726608806495269,0.020228470672112697
140000.0,90000.0,161.36214554839273,-11937.336862967146,-52411.25264722536,0.08285113520001207,0.06090728759702405,0.021943847602988016
145000.0,90000.0,176.31710014302723,-13549.521585125156,-54412.26618884387,0.08778420109855967,0.06422129673753478,0.023562904361024886
150000.0,90000.0,191.08658265072557,-15180.995404324553,-56427.746553243414,0.09233723595020703,0.0672457587628768,0.02509147718733022
155000.0,90000.0,205.68213467857026,-16830.557993428694,-58456.79349507152,0.09654825623460918,0.07001303319686349,0.026535223037745692
160000.0,90000.0,220.11435967466014,-18497.106593835342,-60498.57994537651,0.10045062312922197,0.07255106807055048,0.02789955505867149
165000.0,90000.0,234.39301635237382,-20179.626299353113,-62552.344724514835,0.10407371353706821,0.07488410735987958,0.02918960617718863
170000.0,90000.0,248.52710116853086,-21877.181478472776,-64617.38610885458,0.10744348035652851,0.07703326852461556,0.030410211831912948
175000.0,90000.0,262.4596997192382,-23595.691229199234,-66698.14342189943,0.11055544932016498,0.07899738594499077,0.03155806337517421
180000.0,90000.0,276.00298153254005,-25354.68992061584,-68809.26744046187,0.11335182788661846,0.08073712922578297,0.032614698660835495
185000.0,90000.0,289.4013481574651,-27159.759791623626,-70962.69484371772,0.1159259566857954,0.08234045054927769,0.033585506136517715
190000.0,90000.0,302.66267404999803,-29258.081898800214,-73405.81142410016,0.1180750461438038,0.08382042910568532,0.03425461703811848
195000.0,90000.0,315.7942733023432,-31369.8955765563,-75859.04668241722,0.12006552785322638,0.0851886359056766,0.03487689194754978
200000.0,90000.0,328.80294861755317,-33494.49334377446,-78321.87000783085,0.12191172237632723,0.08645533731170872,0.03545638506461851
205000.0,90000.0,341.6950352360593,-35461.21633544983,-80623.78725158738,0.12377279592262927,0.08762966716120753,0.03614312876142174
210000.0,90000.0,354.47644041091064,-37439.45019726531,-82934.33764794898,0.12551085305502685,0.08871977292200454,0.036791080133022305
215000.0,90000.0,367.15267894922965,-39428.62138928013,-85253.0910419601,0.1271359317661705,0.08973294027824229,0.03740299148792821
220000.0,90000.0,379.7289052697615,-41258.193851944816,-87409.64538895861,0.1287997487005003,0.09067569972092542,0.03812404897957487
225000.0,90000.0,392.2099423685289,-42867.665993672985,-89343.62449525474,0.13055713140050063,0.0915539180620006,0.03900321333850003
230000.0,90000.0,404.6003080350015,-44486.56796435983,-91284.67597326987,0.13222066098855018,0.0923728772669082,0.03984778372164198
235000.0,90000.0,416.90423861852435,-46114.459183673476,-93232.46938775512,0.13379674940775146,0.09313734257945071,0.040659406828300756
240000.0,90000.0,429.12571060797086,-47750.92609677103,-95186.69457257827,0.13529127455703988,0.09385162157271279,0.041439652984327086
245000.0,90000.0,441.26846025582165,-49420.58013339456,-97172.06010004593,0.13668927311574006,0.09451961548377323,0.042169657631966825
250000.0,90000.0,453.33600145034234,-51198.05584916439,-99263.29188687328,0.1379356126635019,0.09514486396497393,0.042790748698527975
255000.0,90000.0,465.33164201565137,-52983.00923037226,-101360.1319227792,0.13911699740312516,0.09573058420033656,0.043386413202788604
260000.0,90000.0,477.25849859868265,-54775.116145737,-103462.33710930275,0.14023768232004555,0.09627970518432169,0.04395797713572386
265000.0,90000.0,489.1195102839322,-56574.07093047106,-105569.6781978533,0.14130158436420365,0.09679489783518472,0.04450668652901893
270000.0,90000.0,500.91745106104963,-58379.58508965082,-107681.93881723812,0.14231231399522806,0.09727860151168409,0.04503371248354397
275000.0,90000.0,512.6549412564791,-60111.136109326166,-109718.66458199461,0.14333502404282575,0.09773304741585002,0.045601976626975724
280000.0,90000.0,524.3344580282032,-61778.96636506688,-111690.16227380016,0.14436311218076536,0.09816027929273256,0.0462028328880328
285000.0,90000.0,535.9583450119661,-63452.58211875554,-113665.99908906667,0.14534520443038101,0.09856217177795702,0.04678303265242399
290000.0,90000.0,547.5288211979486,-65131.75259541336,-115646.00194656002,0.14628393724196245,0.09894044669344784,0.04734349054851461
295000.0,90000.0,559.0479891085798,-66816.25913270771,-117630.0068495308,0.1471817624988888,0.09929668754917323,0.047885074949715584
300000.0,90000.0,570.5178423408489,-68505.89439655171,-119617.85829741378,0.14804096274876785,0.09963235247284474,0.04840861027592311
95000.0,95000.0,1.8238992088062673,-3941.685517715843,34097.98586171312,0.0013130205774121884,0.0010167098200969716,0.00029631075731521676
100000.0,95000.0,15.550370587496388,2101.738541099621,-36294.821094175284,0.010710189013904798,0.008271135290595845,0.0024390537233089527
105000.0,95000.0,32.57792189040043,605.1038766016427,-38234.17209254877,0.021506991313686767,0.016484877372434144,0.005022113941252623
110000.0,95000.0,49.28462303682551,-924.8992041701567,-40198.54940312762,0.03124032910239442,0.023781600515152802,0.007458728587241618
115000.0,95000.0,65.69383145973455,-2485.841528187593,-42186.131146140695,0.040046648526200254,0.030294058705847584,0.00975258982035267
120000.0,95000.0,81.82669112094078,-4075.524123422161,-44195.26809256662,0.048040961254249975,0.036131482781570946,0.011909478472679029
125000.0,95000.0,97.70238864297966,-5627.951581130124,-46160.46368584759,0.05535938162361621,0.04138447924012693,0.013974902383489286
130000.0,95000.0,113.33837467949877,-7169.309033332131,-48108.3567749991,0.062076399904508445,0.04612876462332062,0.015947635281187825
135000.0,95000.0,128.75055590643785,-8733.94218573047,-50073.70663929785,0.06824106888939051,0.0504280445537553,0.01781302433563521
140000.0,95000.0,143.95346208446864,-10320.339943215251,-52055.37995741144,0.07391267455658171,0.05433625641236004,0.019576418144221668
145000.0,95000.0,158.960391889003,-11927.119243543682,-54052.33943265776,0.07914269799679403,0.057899333012721384,0.02124336498407265
150000.0,95000.0,173.78354059070267,-13553.011778566928,-56063.633833925196,0.08397602578469246,0.06115660181584512,0.02281942396884734
155000.0,95000.0,188.4341121682324,-15196.852334503841,-58088.38925087788,0.0884519453932675,0.06414190406606324,0.024310041327204268
160000.0,95000.0,202.92241802364492,-16857.568525540933,-60125.8013941557,0.09260496846953414,0.06688449669905387,0.02572047177048027
165000.0,95000.0,217.25796413172526,-18534.171730300586,-62175.12879772544,0.09646551537482626,0.06940978431870508,0.027055731056121177
170000.0,95000.0,231.39202693050254,-20231.72919922773,-64240.1718994208,0.10003562824042145,0.07172209413453502,0.028313534105886426
175000.0,95000.0,245.1577667881794,-21967.592254029354,-66333.94419052202,0.10326738577613603,0.07378970082300322,0.029477684953132813
180000.0,95000.0,258.77038412725085,-23719.380050765903,-68439.66003807442,0.10627456225608962,0.07569620381301638,0.030578358443073245
185000.0,95000.0,272.2381993766969,-25517.22726482351,-70587.67044861763,0.1090508869778664,0.07745719270528244,0.03159369427258396
190000.0,95000.0,285.5689408652887,-27608.330150009977,-73025.37261250749,0.11140642292857046,0.0790864325695821,0.03231999035898836
195000.0,95000.0,298.769796569914,-29712.94115672895,-75473.20586754671,0.11359279241084838,0.08059611453194335,0.032996677878905034
200000.0,95000.0,311.84746052990465,-31830.364104889915,-77930.64807866744,0.11562506112469459,0.08199706694623411,0.03362799417846048
205000.0,95000.0,324.8081745579718,-33789.94984597093,-80227.21238447819,0.1176558385631557,0.08329893411559515,0.03435690444756055
210000.0,95000.0,337.6577657945678,-35761.09235736495,-82532.44426802371,0.11955579946696576,0.08451032816713928,0.03504547129982648
215000.0,95000.0,350.40168058102495,-37743.22521957342,-84845.91891468006,0.12133547351634852,0.08563895861242173,0.03569651490392679
220000.0,95000.0,363.0450150656935,-39565.81843316788,-86997.23882487591,0.12314076189225583,0.08669174327903631,0.036449018613219517
225000.0,95000.0,375.59254290487524,-41168.37553789298,-88926.03165341973,0.1250256040959931,0.08767490362470377,0.037350700471289314
230000.0,95000.0,388.048740375271,-42780.43100097182,-90861.94825072886,0.12681171993510698,0.08859404690606985,0.03821767302903713
235000.0,95000.0,400.4178091758081,-44401.54784571595,-92804.66088428696,0.128505772573155,0.08945423724090504,0.039051535332249976
240000.0,95000.0,412.70369716313496,-46031.31549503398,-94753.86162127549,0.13011387531289534,0.09026005725207777,0.03985381806081757
245000.0,95000.0,424.9101172359992,-47694.3478074561,-96734.26085559207,0.13162204031269503,0.09101566169725313,0.040606378615441904
250000.0,95000.0,437.040564558474,-49465.28128591871,-98820.58596443903,0.1329774335996106,0.09172482425631104,0.04125260934329955
255000.0,95000.0,449.0983322900513,-51243.773441834666,-100912.580081376,0.1342638365538905,0.09239097845849356,0.041872858095396925
260000.0,95000.0,461.08652597146477,-53029.50129896765,-103010.00097422572,0.13548570835532145,0.09301725357503829,0.04246845478028316
265000.0,95000.0,473.0080766983881,-54822.16002336763,-105112.62001752571,0.1366471572883046,0.0936065061740428,0.043040651114261794
270000.0,95000.0,484.865753200512,-56621.46166714677,-107220.22125036007,0.13775197324198296,0.09416134792737868,0.04359062531460428
275000.0,95000.0,496.6621729306621,-58346.88401521114,-109252.35051140835,0.13886354888865285,0.09468417017052995,0.0441793787181229
280000.0,95000.0,508.39981225734016,-60008.66952523663,-111219.31464392747,0.13997588372427486,0.09517716564198991,0.044798718082284944
285000.0,95000.0,520.0810158441311,-61676.32435221037,-113190.68076415779,0.14103947120468432,0.09564234776667051,0.04539712343801382
290000.0,95000.0,531.7080052906721,-63349.6174497701,-115166.27558732757,0.1420570707251769,0.09608156779553713,0.04597550292963977
295000.0,95000.0,543.282887102122,-65028.329741379304,-117145.93480603448,0.1430312502987017,0.09649653006964772,0.046534720229053986
300000.0,95000.0,554.8076600472418,-66712.25335508684,-119129.50251631513,0.14396440222936038,0.0968888056395554,0.04707559658980498
100000.0,100000.0,1.7869746184608175,-3937.845360319916,35734.61597976006,0.0012307639756286425,0.00094545073623339,0.00028531323939525247
105000.0,100000.0,15.248281160564773,2070.321240698744,-37952.13406947594,0.010066469296973602,0.007715840375514461,0.0023506289214591403
110000.0,100000.0,31.970098677529904,541.890262463101,-39915.332303152674,0.020265071386987934,0.015426720715930693,0.004838350671057241
115000.0,100000.0,48.40075520552381,-1016.8214586255199,-41901.24109396914,0.02950487114313459,0.022319528135639373,0.0071853430074952165
120000.0,100000.0,64.56046576544236,-2603.7115603940038,-43908.2836702955,0.03790385254378461,0.028507389523139522,0.009396463020645087
125000.0,100000.0,80.46761636177865,-4152.867898375029,-45871.02592378127,0.04559394651846655,0.03408422706015192,0.011509719458314631
130000.0,100000.0,96.13896626448297,-5690.547508493764,-47816.16063137032,0.052656136397900954,0.03912859839824297,0.013527537999657988
135000.0,100000.0,111.58982402590999,-7251.158301305375,-49778.49372597903,0.05914544457765963,0.043706658803194534,0.015438785774465093
140000.0,100000.0,126.8342011272805,-8833.243082762841,-51756.93231207213,0.06512281743570625,0.04787446980792214,0.017248347627784107
145000.0,100000.0,141.88494650283508,-10435.465563705162,-53750.47417277887,0.07064122916359011,0.051679815766911996,0.018961413396678117
150000.0,100000.0,156.75386466180458,-12056.598075172311,-55758.19855637923,0.07574691214108073,0.05516364582993041,0.020583266311150317
155000.0,100000.0,171.4518196949159,-13695.510751728754,-57779.258063796566,0.0804803696036291,0.05836122793417053,0.022119141669458574
160000.0,100000.0,185.98882709491977,-15351.161982128338,-59812.871486596254,0.08487721384634675,0.06130307933962011,0.023574134506726636
165000.0,100000.0,200.32435414176706,-17027.76716925623,-61862.20037694217,0.08894676032542694,0.0639998182360466,0.024946942089380336
170000.0,100000.0,214.31255204381864,-18740.494587442867,-63938.62094058215,0.09265181289046957,0.06642815327649895,0.02622365961397062
175000.0,100000.0,228.13942009703646,-20470.00030990821,-66027.62523243116,0.09609877677773238,0.06866737193539103,0.027431404842341342
180000.0,100000.0,241.81372470339613,-22215.372630846803,-68128.5294731351,0.09931062175851865,0.07073599651547333,0.028574625243045326
185000.0,100000.0,255.34360842823457,-24006.764723463595,-70271.6985425977,0.10228339390644496,0.07265034491622091,0.02963304899022405
190000.0,100000.0,268.7366445222749,-26091.38896968341,-72704.54172726255,0.10483979169911395,0.07442483924052691,0.03041495245858704
195000.0,100000.0,281.9998858237499,-28189.511874329997,-75147.5089057475,0.10721684339589597,0.07607226485669001,0.031144578539205964
200000.0,100000.0,295.13990870503335,-30300.449494676548,-77600.08712100741,0.10943032829694563,0.07760398885874949,0.03182633943819614
205000.0,100000.0,308.1628526399061,-32253.563325449766,-79891.79749408732,0.11162637421519435,0.0790301450813513,0.03259622913384305
210000.0,100000.0,321.0744558922885,-34218.25658720199,-82192.1924404015,0.11368408237936975,0.08035979142873165,0.0333242909506381
215000.0,100000.0,333.88008776285835,-36193.97087266273,-84500.85315449705,0.11561445275950599,0.08160104417884903,0.03401340858065696
220000.0,100000.0,346.584777774749,-38010.183111426086,-86647.38733356955,0.11755763562190213,0.08276119305434759,0.03479644256755454
225000.0,100000.0,359.19324213201776,-39606.402818270144,-88571.42711370261,0.11956667653044323,0.08384680016010182,0.03571987637034141
230000.0,100000.0,371.7099077436451,-41212.169594660925,-90502.6271959957,0.1214722992588677,0.08486378533336938,0.03660851392549831
235000.0,100000.0,384.1389340704485,-42827.05085667335,-92440.66314250501,0.12328140598880649,0.08581750000714596,0.037463905981660536
240000.0,100000.0,396.4842330216562,-44450.639765747765,-94385.22982431082,0.12500033417078113,0.08671279132722416,0.03828754284355697
245000.0,100000.0,408.74948710129684,-46107.55334146513,-96361.04000609885,0.1266160519288342,0.08755405797098183,0.039061993957852384
250000.0,100000.0,420.93816598142007,-47872.43073793233,-98442.82305344925,0.12807798990669414,0.08834529887729389,0.03973269102940025
255000.0,100000.0,433.05354165899746,-49644.93166746426,-100530.3237505982,0.12946703596047862,0.0890901559014253,0.04037688005905332
260000.0,100000.0,445.09870233572656,-51424.73495708442,-102623.3012178133,0.1307878447476523,0.08979195124787706,0.04099589349977523
265000.0,100000.0,457.07656514454493,-53211.537224967324,-104721.5279187255,0.13204470783261252,0.0904537204012587,0.041590987431353824
270000.0,100000.0,468.98988783312143,-55005.05166535538,-106824.78874901653,0.13324158708489398,0.09107824116506444,0.04216334591982954
275000.0,100000.0,480.8412795027141,-56724.75693171774,-108852.6301987883,0.13444012885037918,0.09166805932652819,0.042772069523850986
280000.0,100000.0,492.6332104903138,-58380.89610900736,-110815.35958175552,0.13563492221630497,0.09222551138915164,0.04340941082715333
285000.0,100000.0,504.3680214727641,-60042.97576683253,-112782.5443251244,0.13677830352183246,0.09275274475033503,0.04402555877149743
290000.0,100000.0,516.0479318633953,-61710.7650862069,-114754.01131465517,0.1378731499711458,0.09325173564760204,0.04462141432354376
295000.0,100000.0,527.6750475644934,-63384.04505329269,-116729.59628996952,0.13892214092579983,0.09372430515143139,0.045197835774368436
300000.0,100000.0,539.2513681325341,-65062.60771421646,-118709.14328566234,0.13992777399280065,0.09417213344424367,0.04575564054855698
105000.0,105000.0,1.7536341046745747,-3934.3779468861467,37370.96653983539,0.0011576979521132178,0.0008828954479210515,0.0002748025041921663
110000.0,105000.0,14.97481929010678,2041.8812061710923,-39607.21409537168,0.00949217532864695,0.007225888080300959,0.002266287248345991
115000.0,105000.0,31.418542887905232,484.528460342146,-41592.10365474339,0.019152594943537084,0.014488349386072435,0.004664245557464648
120000.0,105000.0,47.59685804405859,-1100.4267634178977,-43597.69507256342,0.027944412535746265,0.021016920436559956,0.006927492099186309
125000.0,105000.0,63.527376622528095,-2647.152831257088,-45558.614623442816,0.03599539719386818,0.02690873207431707,0.009086665119551106
130000.0,105000.0,79.2261859673514,-4181.976659395441,-47501.60749454658,0.04339286156984098,0.03224508993380195,0.011147771636039028
135000.0,105000.0,94.70801036555798,-5739.366921981971,-49461.52519148648,0.05019765401579899,0.037094517632859925,0.013103136382939064
140000.0,105000.0,109.98635241496748,-7317.919348843396,-51437.31451163255,0.05647231649727783,0.04151512968248823,0.014957186814789601
145000.0,105000.0,125.07361715537684,-8916.34381584081,-53428.00786188061,0.062271257589793474,0.04555649948221958,0.016714758107573897
150000.0,105000.0,139.9812213661868,-10533.452977916575,-55432.71473343743,0.06764200231427747,0.04926114284292326,0.018380859471354212
155000.0,105000.0,154.7196900581141,-12168.15223395612,-57450.61417546709,0.07262622154138153,0.05266570581434064,0.01996051572704089
160000.0,105000.0,169.25668135303147,-13823.805139284726,-59484.228854463545,0.07724139004754565,0.05578805957225752,0.021453330475288135
165000.0,105000.0,183.46733729945777,-15513.39692085638,-61543.297690642285,0.08146201368392032,0.058614322206211475,0.022847691477708848
170000.0,105000.0,197.50845606682208,-17220.620569050516,-63615.59042678789,0.0853870496210935,0.0612195686528382,0.0241674809682553
175000.0,105000.0,211.389250030095,-18944.517996870127,-65700.3884976526,0.08904313135894677,0.06362576116300236,0.025417370195944408
180000.0,105000.0,225.1182759911802,-20684.199296917242,-67797.02447268793,0.09245395804275425,0.06585219927286386,0.02660175876989039
185000.0,105000.0,238.70349247463582,-22469.836782637867,-69935.8775869784,0.09561783628701773,0.0679159003342073,0.027701935952810425
190000.0,105000.0,252.1523111175951,-24548.65964377011,-72364.36973282759,0.09836989600362321,0.06983191760995157,0.028537978393671642
195000.0,105000.0,265.47164285209465,-26640.949143382168,-74802.96185753663,0.10093277688599375,0.07161360745942666,0.029319169426567093
200000.0,105000.0,278.66793948524446,-28746.034293534583,-77251.15072015094,0.1033229434728209,0.0732728547826334,0.030050088690187493
205000.0,105000.0,291.7472312035517,-30693.287954830623,-79538.46596612297,0.10568011467829073,0.07482026406356497,0.030859850614725765
210000.0,105000.0,304.71516046002296,-32652.123312157608,-81834.46748411821,0.10789168296714735,0.07626532192257174,0.03162636104457561
215000.0,105000.0,317.57701264462264,-34621.99068495924,-84138.74301371942,0.10996909930125877,0.07761653596247663,0.03235256333878214
220000.0,105000.0,330.3377438887643,-36432.37463556853,-86280.9059766764,0.11204682553448794,0.07888155380235366,0.03316527173213428
225000.0,105000.0,343.0020063114823,-38022.791343605844,-88200.59350770438,0.11417700871684179,0.08006726548363775,0.03410974323320404
230000.0,105000.0,355.5741709777619,-39622.78621831274,-90127.46466373456,0.11619924894636581,0.08117989186545556,0.03501935708091025
235000.0,105000.0,368.05834880731334,-41231.93172403943,-92061.19879302957,0.11812067640756956,0.0822250611691683,0.03589561523840125
240000.0,105000.0,380.45840964411957,-42849.82539701158,-94001.4940477587,0.11994784251862359,0.08320787546261932,0.03673996705600427
245000.0,105000.0,392.77799967278884,-44501.08803402995,-95973.06602552245,0.12166865322756676,0.08413296857435625,0.03753568465321051
250000.0,105000.0,405.0205573465299,-46260.36203596089,-98050.64652697067,0.12323477186937283,0.08500455668305144,0.03823021518632139
255000.0,105000.0,417.189327973065,-48027.30989080125,-100133.98241810093,0.12472422121315427,0.08582648262647917,0.0388977385866751
260000.0,105000.0,429.28737708857807,-49801.61278278788,-102222.83458709091,0.12614184344316207,0.08660225480907364,0.03953958863408842
265000.0,105000.0,441.31760273558064,-51582.969315499606,-104316.97698662471,0.12749210604612898,0.0873350814504658,0.040157024595663185
270000.0,105000.0,453.282746748088,-53371.09433819883,-106416.19575364912,0.12877913605763242,0.08802790080406842,0.040751235253564
275000.0,105000.0,465.18540513649646,-55085.467865804385,-108440.03839935329,0.13006284708031898,0.08868340788043076,0.04137943919988822
280000.0,105000.0,477.02803765485623,-56736.334083894966,-110398.81306292122,0.13133840635290503,0.0893040781312644,0.04203432822164063
285000.0,105000.0,488.8129766246684,-58393.20043103449,-112362.08782327587,0.13255996977554152,0.08989218848397518,0.04266778129156634
290000.0,105000.0,500.5424350817449,-60055.836751498515,-114329.69006362389,0.13373052764644378,0.09044983606097612,0.04328069158546766
295000.0,105000.0,512.2185143059581,-61724.02451218036,-116301.45588413527,0.13485286628134335,0.09097895487119258,0.043873911410150776
300000.0,105000.0,523.8432107877361,-63397.55607807543,-118277.22955855657,0.13592958449157622,0.09148133072151864,0.04444825377005758
110000.0,110000.0,1.7233799896318942,-3931.2315189217043,39007.07636080872,0.0010924088433090571,0.0008275992709990258,0.00026480957231003136
115000.0,110000.0,14.726099726338646,2016.0143715392333,-41260.364221345575,0.00897696064909715,0.006790794808357362,0.002186165840739788
120000.0,110000.0,30.915786980573273,432.2418459796172,-43265.06861551529,0.01815085156361985,0.013651208544120531,0.00449964301949932
125000.0,110000.0,46.862547908792806,-1112.795017485536,-45224.72126311415,0.026552899162146214,0.019849894849118845,0.00670300431302737
130000.0,110000.0,62.58181960383547,-2645.490761201101,-47166.118070900826,0.03427659935538328,0.025470826049587086,0.008805773305796197
135000.0,110000.0,78.08775832709983,-4200.3731339816295,-49124.15485048622,0.041388497765323,0.030584822941529265,0.010803674823793737
140000.0,110000.0,93.39336964894909,-5776.08955650928,-51097.81716738196,0.04795267607079025,0.03525199051817131,0.01270068555261894
145000.0,110000.0,108.51062303745778,-7371.395204104396,-53086.1714030783,0.05402492637596216,0.0395236361964347,0.014501290179527455
150000.0,110000.0,123.45055302130856,-8985.142485783901,-55088.356864337926,0.05965402010117967,0.043443793867978975,0.016210226233200696
155000.0,110000.0,138.18900856429588,-10619.843109313224,-57106.25733198492,0.06486663427780107,0.04703875550092551,0.017827878776875555
160000.0,110000.0,152.62212255509718,-12286.299254269892,-59147.97444070242,0.06965010068686091,0.050305205071277684,0.019344895615583224
165000.0,110000.0,166.87749203660775,-13971.240828192793,-61203.555621144595,0.07409589488746902,0.05331418241075178,0.020781712476717243
170000.0,110000.0,180.96477535679412,-15673.663362893421,-63272.247522170066,0.0782348693355833,0.05609170214440103,0.022143167191182263
175000.0,110000.0,194.89294355412596,-17392.63387037089,-65353.35040277817,0.0820944204653321,0.0586605604455474,0.023433860019784696
180000.0,110000.0,208.67034042699675,-19127.284595592355,-67446.21344669427,0.08569894564828955,0.06104080523730244,0.024658140410987107
185000.0,110000.0,222.30473641144044,-20907.80741321019,-69581.23055990765,0.0890489605814058,0.06325012745067357,0.025798833130732224
190000.0,110000.0,235.80337699915606,-22981.44879208776,-72005.83659406583,0.09199183449836536,0.06530418825736624,0.02668764624099912
195000.0,110000.0,249.17302633058262,-25068.5052616194,-74440.50394621455,0.0947360147488314,0.06721689407353186,0.027519120675299533
200000.0,110000.0,262.4200065148152,-27168.319322459225,-76884.73949184442,0.09729862555898088,0.06900062872297481,0.028297996836006062
205000.0,110000.0,275.5502331571878,-29110.275751652458,-79168.08181373935,0.09981304747795273,0.0706664502780265,0.02914659719992624
210000.0,110000.0,288.5692475144963,-31063.798258492374,-81460.09869386928,0.1021748367225954,0.0722242586336122,0.0299505780889832
215000.0,110000.0,301.48224564551106,-33028.346452866856,-83760.38483965014,0.10439587781517935,0.07368293871879911,0.030712939096380246
220000.0,110000.0,314.2941048793193,-34833.41309255081,-85898.55981941312,0.1066050046881395,0.07505048333849766,0.031554521349641845
225000.0,110000.0,327.0094078850756,-36418.521579952154,-87814.26618496412,0.10885346245082198,0.07633409891196032,0.03251936353886166
230000.0,110000.0,339.6324645929702,-38013.223682331096,-89737.16776174832,0.11098960645815445,0.07754029679332314,0.03344930966483131
235000.0,110000.0,352.1673321869423,-39617.097452557995,-91666.9480894185,0.1130207849417606,0.07867497239143939,0.03434581255032121
240000.0,110000.0,364.6178333641577,-41229.7453301276,-93603.3089975957,0.11495375406934892,0.07974347392766021,0.03521028014168871
245000.0,110000.0,376.9875730340625,-42875.792404457505,-95570.96930334312,0.11677734071866093,0.08075066236250535,0.036026678356155584
250000.0,110000.0,389.27995361040337,-44629.884824518056,-97644.66361838854,0.11844541074850484,0.08170096377093111,0.03674444697757373
255000.0,110000.0,401.498189032611,-46391.68834060845,-99724.14125545634,0.12003314943093964,0.08259841523989084,0.0374347341910488
260000.0,110000.0,413.64531763803996,-48160.88696564385,-101809.16522423289,0.1215455792163402,0.08344670519226144,0.03809887402407876
265000.0,110000.0,425.7242139934622,-49937.181744679925,-103899.51130850994,0.12298733678515793,0.08424920890099113,0.03873812788416679
270000.0,110000.0,437.73759978267924,-51720.289622601354,-105994.96721695102,0.12436270809858013,0.08500901984097683,0.0393536882576033
275000.0,110000.0,449.68805383694837,-53429.692400957356,-108015.081800718,0.1257298873400372,0.08572897742928436,0.04000090991075285
280000.0,110000.0,461.5780213859417,-55075.63577586204,-109970.16433189652,0.12708460918647127,0.08641169162335281,0.04067291756311846
285000.0,110000.0,473.40982259899624,-56727.62844970438,-111929.78383727829,0.128382826921867,0.0870595647789245,0.041323262142942505
290000.0,110000.0,485.1856604793825,-58385.441310144204,-113893.76848260815,0.1296276396062199,0.08767481111232776,0.04195282849389213
295000.0,110000.0,496.9076281680459,-60048.85667052324,-115861.95500289243,0.13082193646655058,0.08825947406354055,0.042562462403010023
300000.0,110000.0,508.5777157077299,-61717.66756639608,-117834.18817479705,0.1319684137432466,0.08881544181567266,0.043152971927573947
115000.0,115000.0,1.6958026613816628,-3928.3634767837066,40642.97739241222,0.0010337532709105415,0.0007784130008813819,0.0002553402700291596
120000.0,115000.0,14.498909850234213,1992.386624424369,-42911.83503168172,0.008512400499177815,0.0064021544123176784,0.002110246086860137
125000.0,115000.0,30.4556288421129,448.3853995797399,-44870.710950315195,0.01725653592583775,0.012900302204146744,0.004356233721691007
130000.0,115000.0,46.1891642392323,-1082.8269191198342,-46810.995189339876,0.025298201413931593,0.01879900864437619,0.006499192769555403
135000.0,115000.0,61.71312214252134,-2635.8352971777786,-48767.626472883334,0.032709524163666855,0.02417132921131564,0.008538194952351214
140000.0,115000.0,77.04002470872871,-4209.337430292217,-50739.62807271916,0.039556077302163324,0.029079304352761917,0.010476772949401407
145000.0,115000.0,92.1814159845029,-5802.1327376117115,-52726.09955320878,0.04589499232785335,0.03357592692271266,0.012319065405140689
150000.0,115000.0,107.12133577556034,-7415.8810793417215,-54728.28580950629,0.051763383486159754,0.03769733805479777,0.014066045431361987
155000.0,115000.0,121.77690781073636,-9059.201587683405,-56752.65119076255,0.05716270942609162,0.04145216939958557,0.01571054002650605
160000.0,115000.0,136.24652800639342,-10721.861087335099,-58791.520815501324,0.062176991349695974,0.04490770680467317,0.017269284545022807
165000.0,115000.0,150.54030068349311,-12402.808728916716,-60844.10654668754,0.06684195789163198,0.04809476073051561,0.018747197161116377
170000.0,115000.0,164.66761111707166,-14101.068443824537,-62909.6763328684,0.07118926329252107,0.05104024569089749,0.020149017601623576
175000.0,115000.0,178.63718837935744,-15815.732408546843,-64987.54930641013,0.07524703658389195,0.05376776293514035,0.0214792736487516
180000.0,115000.0,192.45716170528578,-17545.955182650272,-67077.09138698771,0.07904034568044213,0.05629808290022086,0.02274226278022127
185000.0,115000.0,206.13511114621735,-19321.948440793407,-69208.71133059505,0.08257186816267291,0.058649546845129796,0.023922321317543113
190000.0,115000.0,219.67811317592077,-21390.976229704247,-71629.85717227819,0.0857010314583612,0.06083840291614942,0.024862628542211773
195000.0,115000.0,233.09278182607864,-23473.350690087827,-74061.01301756587,0.08862227802950284,0.06287908870409459,0.025743189325408256
200000.0,115000.0,246.3853058543525,-25568.428191147337,-76501.6961433605,0.0913533687310697,0.06478446989556406,0.02656889883550563
205000.0,115000.0,259.56148238437004,-27505.605832025525,-78781.45437401914,0.09402141405520023,0.06656604270968831,0.027455371345511917
210000.0,115000.0,272.6267474022576,-29454.318270165226,-81069.86370262393,0.09653001365170973,0.06823410631734754,0.028295907334362186
215000.0,115000.0,285.58620344715644,-31414.03484149574,-83366.5261311218,0.0988914698341017,0.06979791026325945,0.029093559570842253
220000.0,115000.0,298.4446447923889,-33214.256941591564,-85501.06770619367,0.10122904713551385,0.07126578097942829,0.029963266156085563
225000.0,115000.0,311.2065803786272,-34794.51564062276,-87413.13673046707,0.10359308629921432,0.07264523073606424,0.03094785556315008
230000.0,115000.0,323.87625472976504,-36384.36950810444,-89332.40213107833,0.10584058298631102,0.07394305178143948,0.03189753120487154
235000.0,115000.0,336.4576670555265,-37983.40262622526,-91258.55196966894,0.10797909446667044,0.07516539794335626,0.03281369652331417
240000.0,115000.0,348.95458872159486,-39591.22277295415,-93191.29207971561,0.11001557330085386,0.07631785557747571,0.03369771772337815
245000.0,115000.0,361.37057924774194,-41232.45975823485,-95155.34481867614,0.11193975153844256,0.0774055054327766,0.03453424610566595
250000.0,115000.0,373.7090009766441,-42981.763898428995,-97225.44792382175,0.11370766901958722,0.07843297674716865,0.03527469227241857
255000.0,115000.0,385.97303254049916,-44738.8046157881,-99301.35346184108,0.11539170027858738,0.07940449467529377,0.035987205603293604
260000.0,115000.0,398.1656812388362,-46503.26915116102,-101382.82686337076,0.11699704139426834,0.08032392197676744,0.0366731194175009
265000.0,115000.0,410.2897944288617,-48274.86137939838,-103469.64603454879,0.11852849208081583,0.0811947957494208,0.03733369633139502
270000.0,115000.0,422.34807001904073,-50053.300718019775,-105561.60053851483,0.11999049150416387,0.08202035987283622,0.03797013163132765
275000.0,115000.0,434.3430661472148,-51758.07112068967,-107578.24084051725,0.12143952748501645,0.08280359372811358,0.03863593375690287
280000.0,115000.0,446.27721011624783,-53399.420147910234,-109529.87761093269,0.12287189209347271,0.08354723767675036,0.03932465441672235
285000.0,115000.0,458.1528066528067,-55046.85810810811,-111486.08108108108,0.12424531488882458,0.08425381571185141,0.03999149917697317
290000.0,115000.0,469.9720455483557,-56700.157262971,-113446.68044722825,0.1255629997084982,0.08492565563626617,0.040637344072232046
295000.0,115000.0,481.73700873560995,-58359.101091496574,-115411.51331862243,0.12682793496799202,0.08556490707276755,0.04126302789522447
300000.0,115000.0,493.44967684852077,-60023.483607753835,-117380.42520581538,0.1280429108562044,0.0861735575694949,0.0418693532867095
120000.0,120000.0,1.670561919609554,-3925.73843963939,42278.69617027046,0.0009807973334051802,0.0007344122604891348,0.0002463850729160455
125000.0,120000.0,14.290570151364648,2034.719295741932,-44497.83552819355,0.008097213769453727,0.006053156038178633,0.0020440577312750945
130000.0,120000.0,30.03287463609354,504.41896215372253,-46437.43577838471,0.0164492630273208,0.01222339220028227,0.004225870827038531
135000.0,120000.0,45.5694263799997,-1047.2796564800374,-48393.08474236003,0.024152954858753156,0.017848288480009522,0.006304666378743634
140000.0,120000.0,60.9122789476973,-2619.122989439493,-50363.84224207962,0.03127531207077945,0.022991772199415374,0.008283539871364078
145000.0,120000.0,76.05366298682475,-4211.919049370219,-52350.314287027664,0.0378653575886952,0.027701594766992285,0.010163762821702914
150000.0,120000.0,90.9316930663756,-5832.103921096947,-54357.32794082271,0.04394019235442038,0.03200000026699014,0.011940192087430239
155000.0,120000.0,105.61556397617915,-7472.481346477376,-56379.48600985803,0.04957649116716074,0.035950939532621004,0.013625551634539733
160000.0,120000.0,120.11582601019222,-9131.95409494001,-58415.96557120501,0.054815640325505025,0.03959092665329223,0.015224713672212793
165000.0,120000.0,134.44227868001747,-10809.503017278184,-60466.00226295864,0.05969421536681004,0.04295174910521312,0.016742466261596922
170000.0,120000.0,148.60403633171842,-12504.180221501272,-62528.885166125954,0.06424464287168678,0.04606119244444194,0.01818345042724484
175000.0,120000.0,162.609586999131,-14215.102952090383,-64603.95221406779,0.0684957575341524,0.04894363712321324,0.01955212041093915
180000.0,120000.0,176.46684529327888,-15941.448089498997,-66690.58606712424,0.0724732731665074,0.051620552841129264,0.020852720325378132
185000.0,120000.0,190.18320002125904,-17713.447197789064,-68819.21039834179,0.0761819858421476,0.05411091025095462,0.022071075591192972
190000.0,120000.0,203.76555713734194,-19778.38205771643,-71237.28654328732,0.07949321017871877,0.056431525591390155,0.023061684587328615
195000.0,120000.0,217.22037855151723,-21856.580630642216,-73665.31047298166,0.08258756290458688,0.058597350566905106,0.023990212337681775
200000.0,120000.0,230.5537172542438,-23947.413405558647,-76102.81005416898,0.08548342065941286,0.06062171728535364,0.02486170337405922
205000.0,120000.0,243.77124915900424,-25880.290087463567,-78379.34256559768,0.088301689994171,0.062516546114045,0.025785143880125996
210000.0,120000.0,256.87830201499366,-27824.65659044066,-80664.4924428305,0.09095390029265345,0.0642925227892208,0.026661377503432643
215000.0,120000.0,269.8798816997024,-29779.99230323096,-82957.86922742322,0.09345275737339823,0.06595924991250647,0.027493507460891756
220000.0,120000.0,282.7806961642842,-31575.807598914427,-85089.10569918582,0.09591601297098488,0.06752537701614032,0.028390635954844562
225000.0,120000.0,295.58517727258777,-33151.64156365086,-86997.85617273815,0.09839310190907095,0.06899871262041696,0.029394389288653996
230000.0,120000.0,308.297500746895,-34737.05992232292,-88913.79494174219,0.10074955090332287,0.07038632109920155,0.030363229804121317
235000.0,120000.0,320.92160440912744,-36331.65314145073,-90836.61485608804,0.10299311810055962,0.0716946066800477,0.03129851142051192
240000.0,120000.0,333.4612048850802,-37935.034691951645,-92766.02601896373,0.10513094487000595,0.07292938650941341,0.03220155836059253
245000.0,120000.0,345.91981292067715,-39571.83945624957,-94726.75459218718,0.10715365371240883,0.07409595439140569,0.03305769932100314
250000.0,120000.0,358.30074744295825,-41316.72226593236,-96793.54169944927,0.109019431411182,0.07519913654539735,0.03382029486578465
255000.0,120000.0,370.60714848421037,-43069.35655764211,-98866.14241823158,0.11079786770985019,0.07624334051201491,0.03455452719783528
260000.0,120000.0,382.84198907504447,-44829.43313619537,-100944.32485214653,0.11249432624106366,0.07723259815917782,0.03526172808188584
265000.0,120000.0,395.00808620113276,-46596.65903508221,-103027.86927631166,0.11411376410744976,0.07817060359280155,0.035943160514648215
270000.0,120000.0,407.10811090848813,-48370.75646551722,-105116.56734913791,0.11566076842979033,0.07906074665467121,0.03660002177511912
275000.0,120000.0,419.1445976334992,-50071.2118461161,-107129.97138458709,0.11719013344916011,0.07990614258825196,0.03728399086090815
280000.0,120000.0,431.11995282623093,-51708.274906071965,-109078.39367955396,0.11869869919911266,0.08070965836812549,0.03798904083098717
285000.0,120000.0,443.0364629286654,-53351.45785541879,-111031.40589156409,0.12014595140419376,0.08147393611736502,0.038672015286828745
290000.0,120000.0,454.8963017634899,-55000.534616597055,-112988.83846244779,0.12153519501161282,0.08220141397708355,0.03933378103452927
295000.0,120000.0,466.7015373836183,-56655.290112103685,-114950.53008407776,0.12286951419428295,0.08289434474166275,0.039975169452620196
300000.0,120000.0,478.45413842781454,-58315.5196035073,-116916.32720263048,0.12415178987806118,0.08355481253021303,0.040596977347848145
